Destination Port,Flow Duration,Total Fwd Packets,Total Backward Packets,Total Length of Fwd Packets,Total Length of Bwd Packets,Fwd Packet Length Max,Fwd Packet Length Min,Fwd Packet Length Mean,Fwd Packet Length Std,Bwd Packet Length Max,Bwd Packet Length Min,Bwd Packet Length Mean,Bwd Packet Length Std,Flow Bytes/s,Flow Packets/s,Flow IAT Mean,Flow IAT Std,Flow IAT Max,Flow IAT Min,Fwd IAT Total,Fwd IAT Mean,Fwd IAT Std,Fwd IAT Max,Fwd IAT Min,Bwd IAT Total,Bwd IAT Mean,Bwd IAT Std,Bwd IAT Max,Bwd IAT Min,Fwd PSH Flags,Bwd PSH Flags,Fwd URG Flags,Bwd URG Flags,Fwd Header Length,Bwd Header Length,Fwd Packets/s,Bwd Packets/s,Min Packet Length,Max Packet Length,Packet Length Mean,Packet Length Std,Packet Length Variance,FIN Flag Count,SYN Flag Count,RST Flag Count,PSH Flag Count,ACK Flag Count,URG Flag Count,CWE Flag Count,ECE Flag Count,Down/Up Ratio,Average Packet Size,Avg Fwd Segment Size,Avg Bwd Segment Size,Fwd Header Length.1,Fwd Avg Bytes/Bulk,Fwd Avg Packets/Bulk,Fwd Avg Bulk Rate,Bwd Avg Bytes/Bulk,Bwd Avg Packets/Bulk,Bwd Avg Bulk Rate,Subflow Fwd Packets,Subflow Fwd Bytes,Subflow Bwd Packets,Subflow Bwd Bytes,Init_Win_bytes_forward,Init_Win_bytes_backward,act_data_pkt_fwd,min_seg_size_forward,Active Mean,Active Std,Active Max,Active Min,Idle Mean,Idle Std,Idle Max,Idle Min,Label
49.67141530112327,13.826430117118466,64.76885381006925,152.30298564080255,23.415337472333597,23.413695694918054,157.92128155073914,76.74347291529088,46.947438593495214,54.25600435859646,46.34176928124623,46.57297535702568,24.196227156603413,191.32802446577978,172.49178325130327,56.22875292409727,101.28311203344238,31.424733259527386,90.8024075521211,141.23037013352914,146.5648768921554,22.577630048653567,6.752820468792383,142.4748186213457,54.43827245251826,11.092258970986608,115.09935774223028,37.569801834567194,60.0638689918805,29.169374979327678,60.17066122293969,185.22781845089378,1.3497224737933922,105.77109289559003,82.2544912103189,122.08436499710223,20.88635950047554,195.96701238797755,132.81860488984304,19.686123586912352,73.84665799954104,17.136828118997048,11.564828238824052,30.11036955892888,147.85219903674275,71.98442083947086,46.063877095978754,105.71222262189157,34.36182895684614,176.3040155362734,32.4083969394795,38.508228041631654,67.69220003059587,61.16762888408679,103.09995224959509,93.12801191161985,83.92175232226386,30.921237585121457,33.1263431403564,97.55451271223592,47.91742378452899,18.565897666381712,110.63349740060282,119.62066240806708,81.25258223941981,135.6240028570823,7.201012158033385,100.35328978920242,36.16360250476342,64.51197546051243,36.139560550841395,153.80365664659692,3.5826039109951537,156.4643655814006,261.9745104089744,82.19025043752238,8.704706823817123,29.900735046586746,BENIGN
9.17607765355023,198.7568914600893,21.967188783751194,35.71125715117464,147.7894044741516,51.82702182736474,80.84936028931877,50.17570435845366,91.5402117702074,32.875110965968446,52.97602037670388,51.32674331133561,9.707754934804038,96.86449905328892,70.20530938773524,32.76621465977682,39.21081531321576,146.35149481321184,29.612027706457607,26.105527217988932,0.511345664246089,23.45871333751469,141.53707420504142,42.06453227653591,34.27145165267695,80.22772692216189,16.128571166600914,40.40508568145384,188.61859012105302,17.457781283183895,25.755039072276436,7.444591576616721,191.87712152990414,2.651387544921688,6.023020994102644,246.32421124852863,19.236096478112252,30.154734233361246,3.471176970524331,116.8678037619532,114.28228145150206,75.19330326867741,79.10319470430468,90.9387454794739,140.27943109360993,140.18510627922808,58.68570938002703,219.04556258099785,99.05363251306883,56.629772960277194,9.965136508764122,50.34756541161992,155.06634310661326,6.856297480602732,106.23037137261049,47.35924306351816,91.94242342338032,154.99344050175395,78.3253292336237,32.20615162056756,81.35172173696698,123.08643164339553,22.74599346041294,130.71427542824281,160.74832345612276,18.46338585323042,25.988279424842354,78.18228717773104,123.6950710878082,132.04566130842764,52.194156561689766,29.698467323318607,25.049285034587655,34.64482094969757,68.00247215784908,23.225369716100356,29.307247329868126,71.43514180263678,PortScan
186.57745111447565,47.38329209117875,119.13034972026486,65.65536086338297,97.46816702273215,78.7084603742452,115.85955790074041,82.06823183517105,96.33761292443218,41.27809269364983,82.206015999449,189.67929826539475,24.53881160028705,75.37361643574896,88.95144296255233,81.58102849654382,7.71017094141042,34.11519748166439,27.669079933001907,82.71832490360238,1.300189187790702,145.3534077157317,26.46568332379561,272.01691665896186,62.566734776500624,85.71575564162825,107.08924980611123,48.24724152431853,22.34627853258509,71.4000494092092,47.32376245735448,7.282891265687278,84.67937180684049,151.48472246858645,44.65149520670211,85.63987943234723,21.409374413020394,124.5738778711988,17.3180925851182,38.531737972883676,88.3857436201133,15.372510594552791,5.820871844599989,114.29702978306231,35.77873603482833,56.07845263682344,108.3051243175277,105.38020520349029,137.7669367957091,93.78250399151227,51.50352672086598,51.37859509122088,51.504768630604794,385.2731490654721,57.089051069316696,113.55656401805989,95.40017634932023,65.1391251305798,31.52692446403456,75.89692204932675,77.28252145375718,23.681860674000887,48.536354782910344,8.187413938632256,231.46585666735086,186.7265192591748,68.62601903745134,161.27158711896516,47.19318657894335,108.89505969673661,6.428001909546277,107.77447779293061,71.53037092599682,67.95977489346758,73.03666317171367,21.645858958197486,4.557183990381378,65.16003476058171,FTP-Patator
214.39440893253257,63.391902231801126,202.5142586657607,18.645431476942765,66.1786464768388,85.2433334796224,79.25207384327007,11.473644146689901,50.498727898045715,86.57551941701215,120.02964070557762,33.45012358409484,47.494531116095615,65.33292325737119,176.5454240281097,40.498171096095554,126.08839543350452,91.78619470547761,212.21561970126334,103.24652605511469,151.93699659540135,48.423407286625135,126.69111491866228,70.76694656187807,44.381942814622846,77.46340534293368,92.6930471578083,5.952535606180008,324.12673400690727,102.43876413342899,25.25681513931603,124.77831819648495,163.24113039316353,143.01413779606327,44.00444866969838,13.074057728609134,144.12732890661155,143.58621511794394,116.31637521549595,1.0233061019587049,98.15086510479509,46.210347426327075,19.905969557347003,60.021687715879466,6.9802084990018916,38.53135968617602,11.351734525124805,66.21306745210467,158.6016816145352,123.7815498826849,213.30333746562667,195.20877995225018,15.178509503558333,58.831720648457654,28.099186773503266,62.26995198205938,20.812225035727522,49.30009346588328,58.936475694421155,84.96020970210246,35.701548596504736,69.29095952606542,89.95998754332507,30.729952087660934,81.28621188389602,62.96288419236122,82.89950109220723,56.018104019696956,74.72936051232618,61.037026543346485,2.0901593964148133,11.732738330878199,127.7664895788425,59.157138883582995,54.709738117003795,20.219265243389405,21.76812032272203,109.877685198719,FTP-Patator
82.54163489880298,81.35096360006385,130.5478807154329,2.100384163275905,68.1952971294964,31.026675659345603,32.41663524884421,13.014305436768458,9.699596499271818,59.51570254369136,81.82206832334725,209.238727568546,100.6017381499702,121.41886127877322,115.81108735000679,79.16626939629359,62.41198170521551,62.83455092642799,1.2246772846914622,89.72543714858315,7.5804558193726335,67.71617115121117,97.51197334177512,14.705738150213865,82.54971967925115,32.13858416529934,41.293145427562436,56.372455280397475,82.22203955664314,24.36872114919123,24.496657110872277,50.69431753711298,47.103830561832275,23.20499373576363,144.80843414973242,140.74637743765553,71.8444221252436,21.344715171184724,31.090756559800457,147.5356216949552,85.76596232020194,15.993852996342712,1.901620790268883,100.25293646378088,1.851313599238993,28.86586389201383,32.27185603380895,82.72309435523229,51.93465142411723,153.27389130025776,10.87601484568576,40.171172209894145,69.01439917111125,40.12204718858363,22.409248181041676,1.259240078179486,9.767609854883172,77.30097838554664,2.451017425894271,49.79982912454498,145.11436077950418,95.92708260852069,215.31824575115564,76.73475628880495,87.23206367206782,18.334200573835176,218.98029332176722,80.82982853551515,83.9721842180776,59.939264544402214,212.38957243098068,52.575502168076106,75.9132661553698,15.039378647620763,34.17559757771594,187.61708392158863,95.04238381860503,57.69036556624031,BENIGN
89.8414671348358,49.191917150650575,132.0233207020642,183.14587658543536,117.9440120721287,46.91756521047048,171.31345290908774,135.3872374165413,11.453984525261788,123.78163119734617,159.4427658794367,59.937502295377286,0.5243699718183166,4.698059376474205,45.006547147924366,62.28499323474988,106.76204293825944,14.237948502129349,12.029563171189887,51.4438834058749,71.16148780888898,112.46420918378692,153.41141707356223,127.7676821898509,33.231401197959165,74.84865365565537,155.11519755225228,11.567463429285867,117.92971840638265,6.751848141010895,206.0747924881987,175.53408424432044,24.89641484790735,97.15709509543554,64.53759495851476,136.86315575323488,96.49234605801044,68.60514599984393,105.84244868495878,175.87394864231143,118.3258512665775,203.92321777601006,26.940683444455775,71.75422557959624,150.2357052096028,7.409478041977518,162.86155455712918,138.01014582148915,170.33824393551546,5.554769889661878,38.40654489393073,3.269474809409311,206.74421000398766,8.912003951278841,130.44695005048533,66.96725488300385,36.659824609684826,93.98797863273552,51.38669173366935,105.92135218889516,6.267909727317187,95.51423205012382,98.57260463355438,50.40465155178444,53.025761837244076,79.28728322623442,10.703035995455783,103.52423224193741,55.364930534718205,119.78778925888484,196.47251329163893,3.5263551971728613,69.97255079925856,21.3979910734222,11.232804969082983,22.096959953322298,61.41667000434252,75.75077100473051,BENIGN
53.05011476105275,57.581824064468,27.505169715164403,230.19211647355849,151.51910621985522,136.68742674445247,164.49677135012837,24.90360395563783,57.65569630557664,31.125015454353612,307.88808084552375,111.95749114345767,12.791759148076654,95.55404406004257,160.64463202575726,20.346363586722312,75.63507452843034,142.22537095976742,64.65728842425266,108.1548003614395,168.71416350725647,88.16397569494505,0.7972641316617372,147.99441388900257,7.73683076476183,86.12842013282636,152.31240772696572,53.891004368465865,103.72461543264563,19.033867808360817,87.56182533847571,138.2799730964336,92.61775475316414,190.94166404701303,139.85675738191412,56.29692366905709,65.0642569121827,48.7125383764696,59.23939242388692,86.3990769679816,4.852162794482699,83.09501164110378,27.045682577983882,5.023810944913695,23.894804686640974,90.75636620415979,57.67713305683328,75.5391225825756,50.09171876243808,97.75552447985511,9.933230542922587,75.1387123371789,166.94052811213717,54.336019237993504,66.26237589458466,57.05986685931593,76.32591565425169,180.4882100664519,162.75424378831627,4.808494666138199,25.972250172148186,90.43166251044086,63.85924587773739,166.152006226896,6.607979864731657,121.10161997624567,65.18361078021591,4.739867131641402,86.04133652839523,38.45555442298254,100.62928092144405,57.68918695231488,83.56921120651418,112.97068546576182,52.980417791528275,144.15686206579005,247.16445001272893,79.68952554704768,BENIGN
57.707212718054,20.304538604299267,37.114587337130885,60.39851867158206,8.658978747289991,15.567723539207948,116.77820616598073,25.44208433012131,33.76026620752022,41.18769661224674,48.76062240724936,43.25581878196209,39.44521423782968,42.098448082026295,28.97748568964129,207.54007986454388,87.11247034316924,32.60235321678412,120.12139221639448,40.80753730215514,203.8124535177854,100.80863109174041,187.07919210258558,35.151348404130864,1.84183791895517,167.64373122752826,32.69273737641626,21.910052880886425,82.94055811834892,221.1135309007885,23.561455810856593,77.08651938869669,147.85862457798416,114.37540432069291,33.84964074944141,41.52879139008013,63.27818661062848,227.0692857804396,18.186625505849516,24.82205863003361,45.93608995402441,84.98443694647918,83.03358165442457,85.60838259088672,7.156623721939247,47.765744676511666,47.89798257463919,33.36621052869483,103.75399442578993,51.0016398854747,26.987493529337126,97.87637157823073,44.42932600761116,37.73004930448522,75.69886166453519,92.21653241776254,86.96059201056602,135.5637858804951,41.34349032237009,187.6795812558066,77.3789199103573,124.4654703311417,177.87202489042787,149.6044311489183,65.43656563540577,5.5584670910455065,27.99686263198203,112.54890472983764,244.57519796168265,12.92211819752275,10.93947946048929,72.5766623898692,48.100923173671326,22.38840242791314,79.04744554453119,47.14683571359957,188.20244964750336,134.54200461549777,Bot
159.3186626639397,51.12156764311852,98.96048202585808,12.578692009964815,5.572491228869461,109.41915184709485,169.24646297148195,152.95503194606138,15.800789857898941,42.688106994742,101.21043752601675,165.48566718657693,82.31705839619146,7.331796718840389,128.9960899741054,129.5078772063616,33.57846992901282,166.9021525289393,25.95913513636048,150.3142953118106,24.57430640859443,27.27235697476705,269.68866429415715,5.429486651781221,23.093453020867795,69.62063648134183,184.8956094945345,112.65650295477573,26.888869055483056,110.65259087416703,257.33598032498605,5.921843401448826,1.3929291912946202,2.412508711000328,19.808476076785496,14.436041192394248,57.366200688023625,54.685894124039216,3.2753270215998387,54.342477113376496,71.28457826771644,10.643022769189683,25.497721742085528,150.39929885826885,265.0969808393012,109.15068519224617,124.6085192497629,207.33902324081495,34.268759408034875,37.14408659957915,140.75116947178213,77.78166875908752,111.05758454658287,175.22704434236226,93.56783931474611,127.15550949941587,72.16720640432351,112.90517712172291,52.45202662797737,48.93745612279181,122.21278088919453,71.2998430172388,24.032539815813504,37.48208075495975,71.09599682034914,44.42633114860398,36.096616581907995,115.9329803364248,108.10633275998973,61.59356069442637,59.31012579683838,30.95464393139903,32.6133022242118,125.1113576385303,92.4027019206901,18.490213644298905,52.27230205190395,104.90092258368892,Bot
70.43436905427592,140.84612963635595,155.66291735239037,60.60099513456396,128.0429352496283,175.47941819843646,208.1929407883722,169.64563682900382,21.10174672026184,9.671311187039239,54.49190868089497,39.91361143520709,3.7634702424848365,110.33018820165215,11.422764866203964,15.03017614618776,36.361221221385584,5.694562372106746,30.78017688920592,171.01683926566255,134.8185422105713,74.3264094022715,17.086543812794186,18.398333635267914,1.843393306539316,34.75817053616711,53.97596803093615,77.83047254023127,19.584525509768156,97.8372777615032,40.825275571447186,170.25836042378404,102.91556373256437,47.2597482413043,25.602973431387564,98.26909839455139,166.54744444625766,101.43700650181304,184.08742313316452,127.95769667357015,62.48185776956788,2.6091050210833786,51.7659020469123,72.57438131534656,18.676676447707834,75.53829323533225,61.151780299194826,140.66610968482223,92.32332461109043,135.16846056163337,97.58732529773327,105.36417966078395,94.9398888831943,263.2382064837391,49.33179008808892,18.48361236948739,85.83577801812136,70.03098794089914,57.56378262377739,12.200981464536143,256.0084538268795,9.605989972464988,114.92733262856758,70.31764251258875,3.4988490496961697,177.080063563551,62.69670577877674,181.24485579969289,70.77519354554754,56.24667758942677,63.240773905552096,97.25544496267298,62.18099622171964,157.02247198904564,72.71371758248686,24.751863555150475,7.443342910004628,62.0672097550678,BENIGN
17.770100093325382,133.53443587101012,38.01978510059632,61.058574528382316,55.97904479310398,108.07807255546219,83.3922154548904,45.91800792284367,7.016571145864702,166.09609335159914,42.96182191325858,20.768768716311115,27.157883719537345,127.67485758203094,108.10565404082624,105.31528533329035,3.955515385665504,68.15006973726244,2.831837613046117,2.975613949574519,93.82838059759978,51.60447282173739,9.612077694098337,46.227528870504244,43.44962274323156,30.917212346863938,22.213377163371284,47.87486216634773,125.57561255735207,89.46073022195039,18.687164416135904,43.97310582741749,144.6977884353733,19.65547765115746,103.18445394686348,148.5560373036972,26.705026586925882,88.96307956234371,8.228398927542418,106.54803750653512,51.72884501003722,140.93474401855798,229.88981236192504,36.283856043965905,44.55025214007718,145.3384477117701,157.95721457307124,52.28600271532683,42.01868170958573,28.178460886050722,134.44505110342772,91.86519464841982,100.41407667520679,76.77975651041284,3.468488738678118,23.421473253652074,155.0500492814077,99.83540407387909,98.43223984765838,21.398884422550896,4.946370965243295,67.48194921666038,112.27220215622987,38.24097461840506,16.64522082130561,49.24512640081491,28.91686439078181,245.53001399108942,63.773998425131595,53.09969550018177,62.31405264247643,55.54771191602546,63.73871273065177,118.90165311075518,142.0504247989855,57.07462937494763,83.23555731042288,47.14155563864041,PortScan
55.222304428097125,63.293181775551076,20.292302085129972,151.5744114997232,154.75052013300618,179.58776730955216,61.27886904843862,38.770155993598415,28.586539072490496,33.4456789987025,65.85442726728304,201.02045387663497,17.69472274940494,79.82972445384537,137.9319228014527,73.0930039941919,3.3126972873797094,179.45578635177876,51.761129903617146,22.37879516388985,1.6422896072752073,118.8393273448084,252.69324258736216,53.086877292032064,48.94394425182222,104.4160877069072,68.18914896263114,184.67073257360335,58.392818532596394,35.92920907870595,59.06548306923093,110.87035805829078,82.0482181197364,50.727403110729774,106.66746895891539,116.92955904456727,138.21589910375272,64.87098875896426,16.711808031685436,14.671368643332283,120.65089665083568,81.6935670987236,36.867330887290116,39.33388123273607,2.8744822934817487,127.84518626072988,19.109906801990334,4.643654815614881,135.9856140979919,74.62535660272206,64.54841811410755,216.325472330546,30.777823495300083,21.915032766393896,24.938368371075526,157.74532797634743,9.52955323869521,27.902152577033924,60.78965097165392,18.660912315635812,44.643361455052826,19.40899928983076,107.36317498597721,102.65152994110602,13.2969674146876,70.01208149391732,119.50466289248425,152.31869047837748,55.892184727158835,37.72118750645209,156.55240292343404,6.57502610729878,55.519952669319835,188.115706944059,144.8013900416244,219.8805956620082,44.00144500533324,50.20542243526111,Bot
102.12328171307132,70.83564472993532,24.380071377119883,56.407863073672836,128.03043986708943,87.24573282801447,65.0201177958661,9.91758637793829,184.66369960476658,107.00847663261526,152.5525170924739,69.19080698812444,4.55860163554978,24.333944932269183,24.123605785632986,35.20553965142968,125.15394241904441,144.37646040732594,8.21511783925688,111.72958315881276,34.27253463777041,45.67532191537839,56.97672802322039,44.770856001731495,64.2722759867544,132.91525301324313,19.652116970147013,70.90037575885123,8.973569428722673,144.01172154494728,67.63923020592696,180.09404329108156,4.015795064434341,143.07751021180482,12.810441491078928,68.10516574748809,84.06435489887241,65.26239793023909,44.61834332147797,188.9540730945531,45.23063192490767,242.38793266289568,158.39028234857233,76.04146561442974,78.58001586508323,42.545756178496475,96.6976143129213,4.771135614197986,0.36025390905684046,115.83646891925427,150.33983017671505,87.73622905756714,22.096417382966393,2.6885838994530777,20.83828079475525,204.17348684242907,24.717738252059693,68.19842479977986,100.16200098949155,28.110029288595488,179.76865268495226,64.08428612670099,57.11789897827968,57.25827813561586,139.9355436586002,92.46336829127688,5.963036992017413,64.69367777055739,69.82233136135899,39.34853854217496,89.51932200277322,63.51718016819695,104.95527153193352,53.523521156056795,131.73940656343257,19.759960469239964,207.52608726252654,68.91878180895678,BENIGN
173.59638031652494,19.79107834626478,65.14180036144484,48.38858340543216,32.03473081943201,42.41659464019164,52.28354880354996,57.3700003938579,2.435459226098284,214.22703586118638,172.75431701007113,43.63236696740321,3.800347816820029,12.00313267182613,61.35179727304166,102.27925651984056,25.73765374233451,166.85840738775894,39.922312260527924,64.7195939702741,48.3186462299374,157.39867632900328,122.57656630023412,146.43748802098202,22.445181855997205,104.70983026121546,168.39276914578687,45.888426286894,107.86808334312956,3.850846950070721,17.262729994081962,88.36599374866724,65.23228784134196,157.63921569842495,147.65403497258959,138.00913541474515,62.55627015095294,39.5803533437409,49.403018628273884,26.06737658239071,55.030515384542014,67.16233679380515,2.555407099144528,117.27290192593647,54.36001545944323,37.061433208610595,77.16987106483447,284.8542620630075,114.87657003721034,173.97137787780997,36.244094140313216,111.96698946261438,129.46814757209057,116.08267873785194,46.77012013118914,34.650388173071576,4.692057887918407,47.704082722312144,7.682189106025536,128.29922241885697,99.62668194471401,49.37565831613125,155.65818986597512,42.81151609659125,150.07597906343108,85.0221742113493,34.86521344078592,34.92577043184288,32.16350512173826,207.6747983560841,38.19354522315533,43.00416471910696,103.02834540318422,23.87891590265135,25.904214582070313,19.634984908497827,7.160125941406395,3.722223650984159,FTP-Patator
72.76295436369799,5.194588580729944,73.26400772155792,8.071658010858233,7.8635190316090595,199.82006845321075,91.63276747024814,34.64884758979927,99.80101098596522,289.6255378193689,208.83747047807276,13.958962815517376,110.81828167375166,103.99059271255308,61.27739050625697,105.34155631736562,62.37689606958051,191.40313538667863,19.068240076334657,21.74328731797229,87.00677306887542,49.56818879726047,15.041890514357641,36.49610024662254,240.3415585238275,5.761879703358539,20.10990467149675,105.0654396007612,110.55259329579839,118.70303055603802,63.87302220291846,114.30049127304835,163.3431532301096,114.6345393018688,30.263546523903322,75.4275850019358,6.413834659299254,32.87624103034804,32.13572154502731,42.19207542352847,161.3711269058647,45.35343015139798,24.41566352906487,96.40871682883572,118.94704889246405,122.76078151369924,59.740006984985804,70.11727423108984,29.756350335999194,137.57068133116195,15.005558703252673,12.557645347154226,17.307182428386962,1.5579047581467533,109.62750868952018,144.00508825942944,159.45050632249723,84.69613483183278,99.13923494563072,215.33901136037147,63.89617476895022,132.30897934074983,164.2015160136369,100.98170893426341,68.81503451777238,225.24358053443086,98.17654869915943,32.48313835086225,249.94057148735732,229.09425725907417,138.9572466763596,164.53987469568918,102.25704320096402,243.97524063392729,138.42728185105182,56.39091200523596,59.47543416652859,85.34155587803077,BENIGN
75.89285897867651,28.11914239693758,10.420110395187606,6.259312789952241,75.39645888666763,28.067507686677406,169.29568141953854,9.83396267947499,98.85911071509175,110.3589317215771,17.989415115347846,139.20022863445993,91.8316606002313,157.0500603623177,98.96281365703375,94.07711879882159,98.24873935383096,22.46331499970246,55.005209902455185,96.83444548636353,10.53755061459599,133.40254949182045,60.13676439512137,31.978193414253695,159.29937335316694,44.047473796039895,1.9637798926681216,55.248995441714776,22.391413406466143,136.41404299738443,12.522450264790727,42.9405541125253,12.229750303228377,54.32980290363879,4.886007032570433,4.059169120388238,70.19916878067554,66.29009175509482,140.26052717996936,174.95767431869393,124.38632353912851,69.29051977959074,71.84072655691975,89.49243769444412,29.49496782920278,124.77420726737338,67.34906242438686,27.899416222380196,83.53470532597574,214.51491277733882,118.75984190295128,30.98207102270275,63.37768809320985,41.379909745149824,18.528765887770827,12.982069973342616,4.38114719791096,14.700200162848862,96.38791167949097,221.05230015913514,55.74917850078336,136.9802979579078,8.828204835125481,257.9709337654319,80.36745679697307,163.91168054440675,167.77008140764406,55.35882417079946,56.898307918527536,162.83966231285382,37.912774098748706,20.358036010236177,58.168091394864376,101.47567306928669,64.9277545066007,122.39402667622565,3.408346825922607,76.99732310586418,BENIGN
23.37859117907477,155.58956462036272,33.08802322144571,83.35289616089247,199.37356425714555,37.405656984757215,122.76689924732922,120.96410186912054,167.25723868377034,41.90190093660452,70.50118557584088,5.576907765770601,55.83269125217224,7.60053914124115,53.875599244636916,92.06735930793663,16.9360824036078,141.37144969049803,11.122606134870033,90.39076414647897,73.55299425897665,123.60931752104374,109.13101205942691,60.9138120907177,109.2312764672579,31.64084496948019,121.30976999791834,14.171691363990474,231.9329539981694,39.33178393943719,19.204911649003158,30.91164642025014,13.354090478228231,15.24698363805439,70.81086766885905,95.67023167945841,78.59894605079495,133.1232953557778,183.62053731032967,50.799132691254364,110.33666061738737,215.28905929524828,38.85786045309641,249.29995174327905,0.6070911539893323,83.84907744516418,8.1829358547565,9.888965319114266,91.90764829877686,29.027454418865133,26.739231407190296,32.16978061960136,66.80904536430488,99.20423495365227,17.495975669540865,75.57451594928447,53.65098435704036,89.84679817910373,2.8181157369128247,0.9118996644203544,108.58955658315782,47.469823287995276,2.5026958745143917,81.77662992002871,139.02075490173132,55.78103063518623,1.0352619843380606,131.18362323501594,106.51136630753726,30.522470435466765,60.951220215928316,18.6971302985446,5.664992489710716,52.96927543567308,7.049877805909121,48.65016438262019,6.447441481012024,197.54665663538714,BENIGN
93.93353938187543,14.408755572161546,120.96947428411076,59.99287299962045,153.07508323436974,121.87618516973167,21.3442870930208,149.0726136849952,14.866745720211155,33.70859711180393,61.34026635409398,30.24696864881283,38.817681854122874,17.041622237548772,16.057398104986458,0.30460201534144693,43.693816974634984,119.06462747863414,94.95541354413237,148.48979684499034,255.39211349019547,93.43199112392738,136.6878698415421,22.476540189268356,117.01130260593595,180.19804375800197,54.1462728204788,75.91551603026468,57.65104007267195,259.104229214491,54.624444825248275,39.18040054025465,147.89115687741287,18.335991977915565,1.5309849172995558,57.92914996010884,11.958036841415327,97.30689408815554,119.65715016644913,15.852957302697002,2.7304539509931858,93.3267959073196,44.328225119151035,88.4802714026901,17.294605992342298,171.17084801423434,137.19011429313562,161.35613978767412,147.11703274936085,20.93236771518661,66.90727386599166,103.99046873960765,60.56155397368641,182.60097135469363,67.7925871339269,48.79114081457027,215.73082132655034,60.57149230033384,74.2095372009307,29.92925804064919,130.1741289398798,156.15111967268527,3.2004149065766625,75.34178703461835,45.99721429391164,67.77153697521061,201.3387247526623,13.653533108273743,36.53215513121087,18.46803058649084,134.71262895296965,97.16140385106516,120.04139079444253,65.68942789713958,104.69109826819395,53.66527525272862,118.57041546629969,71.89533106650667,BENIGN
99.60476858058163,75.67950885694607,142.18106667418436,150.13336519554866,32.26798388421358,25.083301645504736,132.81941418490578,55.62300094006599,45.588777208160764,216.5002344901084,64.3518230380143,92.78401280812372,5.70131248970845,26.859227886325694,152.84684264125318,50.783575628962375,53.8296079049633,107.25073373098022,36.49527295428853,83.92096673390064,104.48091940210335,196.63565893760017,205.6207129940322,110.32083657216832,22.1253623585772,27.681329988892067,30.740669780910075,81.57372125392968,86.04734883597453,58.30774385689384,16.71217137864115,28.257995048829965,24.86911261835471,160.73455760199926,49.09749516382513,73.48777860498174,66.28812686674127,117.3473857485325,18.102155870370694,129.68319479558465,39.96879517526416,65.1356893791829,52.861668174975684,58.63640187550933,123.82830714336357,2.127157673606165,30.883301259896378,170.22149446352378,24.075317948856828,260.1683114180395,56.550964563154416,176.07627591558176,75.33416211045325,38.115838488277774,128.97527540827457,67.31813512699584,13.845598398377382,122.42982362893657,20.902325728602527,85.05204542093001,58.05234498047227,58.85784044206096,166.99045043514062,39.46715298229811,119.58830620351844,44.46026682201407,119.66314866456511,60.97829043193822,13.401716667291769,1.4688194729197093,78.489831308224,64.82804338438591,12.094814860778156,41.95324439070278,88.74921778021002,43.74583003234104,72.23813578277714,37.2833152091767,FTP-Patator
172.69638512334052,39.96361856146024,22.468472575188592,93.25908318730899,141.83657329330316,176.08088119807758,152.5656314570095,126.25841034271821,55.18581458924467,255.81992856682524,56.424759865738864,18.4551303197037,154.21099525678756,200.6092888159123,206.1503576636398,120.83662305931423,102.40625258114623,59.25269492011831,77.83610761666378,55.11857163285334,81.81988834223071,0.33744574109520514,17.018462252492846,45.322804932727514,69.63874474567153,95.53052085705107,8.840688629184736,147.7530081055262,114.1689114133505,19.36594592797181,71.6822320602805,186.653661707306,8.268068584269924,12.174750838328354,151.3449743242131,63.08116845547775,102.41868243292049,185.40925663341883,122.10336955253528,58.209770346861575,22.64840988498319,95.94392367234798,37.2206776071053,108.8748619704186,188.4586305934609,154.3243528272189,48.88494217862741,111.96174332890112,14.088624691120394,176.84393655628517,32.31677141847815,14.760258629866868,46.603650186824225,159.47030672667955,51.36001065697165,53.27008396619114,116.9916835710288,287.2262213281649,2.7514905050636256,177.2251596669744,166.125921454787,45.70962565862718,60.22120603617805,46.877425607502374,99.83854391882915,30.179189981946596,76.60802783846903,122.69332238843076,10.015407647995278,20.367375017696588,87.7982586756561,82.688035403986,22.647889190152675,36.73655068161781,91.35846262332494,80.31789506803449,149.26885689595218,27.112360104256876,BENIGN
2.1367294348436157,74.72116791478234,242.42402602729416,88.40453963610497,73.68438970924333,28.13275571182134,6.699071722487192,51.59392177040994,156.25458568865426,52.90526773462948,79.42646796218271,125.42894231692495,29.355793216662928,135.6581804623405,46.642998243352636,3.5641482297483567,161.51318159055094,116.47393544571713,73.45915767980492,81.0252437014381,20.056919723094286,114.86373494287152,101.58218189783969,6.167984984797165,42.8816500330573,69.3105607263144,17.644155527722518,36.70278390833223,82.75902206487197,8.614388304637476,107.21390119856069,292.13504834946076,43.655980415766784,90.39348410861953,236.29324355418385,100.97307047099375,61.915426100519774,205.74954697116988,2.0793707675407895,72.80029412291344,18.289644110484016,137.48764191481848,64.59641791245353,79.91920066502536,48.27435221820324,95.33286082587124,12.267031599479553,162.46784584695607,32.30792731160291,25.23535021262876,29.18112689155441,156.3190808696657,88.3109777147159,7.783719701280203,18.047991359062564,319.3107567844861,29.875290836568624,75.17910500951844,42.63575962055433,114.84457091967548,11.327041053776446,143.82779783173666,91.92289345752035,66.8144085538994,187.32977762175454,108.00480657146485,44.73218956587512,128.10163617351128,6.785551052740329,85.27736751222194,48.47328172944748,84.63566549908735,64.3549832317462,102.99608175811612,33.47753321065409,40.36484632419967,95.51225793493529,42.35990655934611,BENIGN
206.25249192431448,106.75329142542729,2.4219456672758066,141.22205554154291,7.964139124571515,45.237179624973386,106.23935281468798,42.83070972076486,18.714426500454877,98.5729995679863,118.73860515647512,258.9563642018614,57.963317321357565,32.57963165821665,19.438430157733602,35.316629281068835,33.84838434616911,29.540141013902943,16.846097626961427,131.75975356079596,100.65425652796411,113.98785611290454,131.71150673398654,11.806852699107875,212.18548990085947,60.78219870944325,129.69945465611093,2.2868062298882124,99.93022322949108,50.477492122821744,84.0620026504553,54.67335682013793,23.893209916969433,36.682441181468754,39.175814904382186,92.24101844985026,161.5375689469442,32.232046921133986,121.71585208254965,152.13160519224513,99.83108981479603,43.16203127180484,40.37300903366094,2.4195606390916167,90.37018607301282,32.4359281721603,117.90397911598025,118.76793884615637,46.461729729839305,20.11596558728393,28.328787154614215,25.890497370407733,58.66938014752747,47.490365662252444,87.12972974572442,134.59796802467486,12.637957954641182,193.89289990582847,100.03313246055747,67.77449705248515,51.3907849658915,17.958178193959796,35.06300992735592,48.918713014766354,63.47214685617699,110.96998419562232,40.98186569285126,24.125765461854247,67.25737012027312,189.98819348952156,13.263374638257355,97.45293046706415,110.70806692869728,12.038116395359824,217.26695460140363,84.74216771504216,53.53281859539227,9.053328230416078,BENIGN
33.19803305690145,19.04996797790664,70.94518171390395,43.54863705698433,51.31057981760827,25.954667758391718,73.8810480887503,61.53674840130534,93.54387020445954,108.59821161750322,53.5963445114048,80.80577982811451,36.72873134013406,183.81836767951225,22.346598237185216,34.931679611819746,1.941960588773261,30.317978283427543,79.994190194205,161.6310608436588,105.3682419146354,106.7802921579193,95.03075919735757,171.06133725819254,10.44492185374715,16.88217231900106,7.005216311318138,116.18783026081904,92.7353134190574,23.836898273478514,97.51976297824298,50.109416993984524,18.95816165987434,100.10460925671411,270.3232292999237,67.78753195309076,65.40756831274238,183.06328968564569,51.120259952498074,137.36585451629577,13.744851462769187,95.28745472029388,161.22782579886456,131.49144535840475,163.99645293713928,74.21274910718923,7.54336389015928,160.19658118971685,24.606248812994856,84.32465953161918,217.09427174978137,17.588581243233662,12.320480678448567,55.14853760404675,4.360244637245373,169.5051040430753,62.26493617344519,19.46074552372427,74.24705856980482,132.0022511220706,61.17690909052854,3.703679704841202,42.930222451725996,69.24209798738559,140.63174636718338,8.310557262869477,150.47203740310022,76.00559636896025,8.243975293450328,145.75514994649305,30.920907704986345,75.21564055905831,31.917451041918042,134.04504460231445,187.51724696457447,11.502607914741716,16.01327955666404,67.13400764504657,BENIGN
21.319662823768915,75.1969331738819,31.905393566661814,79.60258568034891,107.60071385985984,2.131164867194222,190.11906857530073,6.0660813814620775,70.84067669104628,151.37143926128272,180.3139676255945,158.41359430054897,26.712665101148342,50.872502322993384,158.11907020321334,89.50383140761154,48.30610516834395,14.679301198554937,161.22206282554242,89.68393158655319,26.853064790583232,89.11922254152874,215.18154013293048,71.91533192424201,21.113023882769443,98.7179527151184,13.125696709230471,7.685188295876822,22.485598180807855,65.00025808234598,16.865467196672768,44.194064956940906,109.0399077442846,141.09323797462702,9.858813228426174,1.8849622944847662,70.82144232565571,23.321613126350165,95.31366339132451,28.712416520182423,61.24373746404379,36.15035252061016,114.37262073206618,10.855970577652315,3.32299906444608,20.81168572725397,12.853751143893074,188.1849045497639,54.87249077409615,9.28449011411147,15.985639199740037,102.76751409259582,126.57078408647007,86.61748482145009,96.94572005267368,42.71943618716848,64.62273098438031,177.5310892609512,119.363683175648,91.91541736100015,100.05823180429783,67.06202090766449,139.2465300064329,25.00465145989528,28.869362927985705,26.032183877122073,13.43087414705478,81.08082731597821,79.34887205522129,174.85319732381808,130.43402428781525,166.24919880356742,103.25462043416573,112.67051368275833,109.09664302151982,41.08142879545848,110.57046684859357,21.492103028873533,BENIGN
30.803428418574125,77.96605322693398,131.03087461196083,139.5683810789956,56.216802657830215,20.92218737445278,168.34381922209502,80.58700664961887,96.48516330974576,161.55828235482318,123.4348871879922,59.24642591528942,2.640575695892703,28.01611588196068,80.96035199216462,42.40610444640897,47.38393470709161,1.4452270878279103,54.628424800369956,0.6422269810937816,43.63858905265686,10.960980392583084,8.836295920533532,37.00110298821277,25.879606266710237,159.86471705047168,56.09194479412387,29.548031802916036,69.69544045107357,33.38194897560099,117.31246375866414,36.964219219809394,10.730214400422888,44.771692581027764,157.08761520684993,112.67674689098052,119.39250063990553,14.294309476370676,173.25149994850918,223.13001461926322,63.80511014407572,50.0844474944457,180.1057734152739,54.26737997340217,78.7783751908239,62.084759825111604,16.81438185847896,47.209057769712736,197.92998103757878,74.79102561175338,107.27430257398065,23.924686411114955,207.40826697499733,91.93845915864233,253.02875227463298,28.60042218801108,110.0959634998571,195.8347454220594,122.95495944524168,49.66992232365217,46.531045678005334,10.594835430413566,264.4343347017035,150.2970328395153,25.373966149457345,46.76931717654332,108.57863249393472,9.798315347089543,30.805053950410233,39.16485674217911,26.912694124510733,34.31922754974105,62.15718898560508,36.961033604363394,37.71003939021865,2.9262813684978353,112.60502507721681,5.139372358848624,BENIGN
177.30324682068814,126.19215007139917,90.57323008626189,65.37663386488198,59.56612940434921,137.44380931708173,213.56742139786954,313.7748533659994,105.60568090660519,22.323891412915966,5.489400061628639,28.555407485765695,52.112242837933834,64.5215585950057,55.56044660034485,8.958068125524882,19.73384203073261,15.12732836535117,19.490828035268102,113.37700968670646,59.355672228086185,294.03886346642804,65.59007765297609,19.473619471877484,1.8708756445897416,38.851845308888585,112.41127199860135,94.75264621228578,77.2877667823609,40.70522871245351,97.1656734541286,137.96181647889304,62.67172245899651,86.23934723827588,95.31250453760866,51.308542009729294,72.50957868479972,51.61782871149584,64.14815952229522,43.192254467394065,80.04095252276822,75.42913298135743,118.8913371474643,70.83038472010638,35.14482075415829,107.01502383164274,2.6521259249060063,88.18746512277178,16.306696394376388,74.49026448064491,67.51782749743815,14.451867071551783,79.24199209999612,30.796152963904028,189.36146669537857,21.329370737293857,0.12054753622242369,81.70886310681907,65.92456684324051,93.75701376265584,160.75598643689742,76.27247785662142,76.91423497872982,93.99031011088647,82.94748419317484,19.382613877280352,26.451484131061076,200.38623644067536,63.541803020922636,123.92583948534725,5.9932630266328255,27.73769379581917,136.0658595838651,130.88203991191122,301.9512155820825,18.384954475369486,180.05111815108538,123.89463529394374,BENIGN
20.96594152746258,49.163618563204736,80.71225966373103,97.35461997044686,47.63577693562193,50.54701591666269,106.02099074988797,275.9660038911078,39.2415967178767,50.89636257074987,2.5574312191994437,176.90759048891184,69.47131310890582,40.9282438113104,52.40883979345925,15.2354872033722,82.24199323822006,112.10306673244715,0.020706491819709384,0.9300321138614417,32.789471651291784,15.519068385897913,82.50982646676347,86.71302157109004,65.81164890752567,30.372602877666466,134.5870923473215,81.92578597214978,47.622087354465904,87.43891807127275,26.256132900192497,19.358991136754437,85.08979621679723,13.737178839939665,39.046484992888956,10.322175293249623,26.536234939962846,58.27586576115821,243.88171582764292,13.427916218630415,142.274813609994,92.62154022415923,96.53974845911706,123.61307218062178,8.865759096143744,19.731570740559558,61.765189543435014,31.607285602704977,61.57711497711416,120.38844371688162,13.944627568099953,45.01892648514116,0.05279588565972928,60.12067489291149,144.3854816133542,229.6180953137238,55.05368494915835,122.07124259141587,50.814019764731086,14.778031881747152,45.32484090230134,145.24675344707452,32.67447646023201,30.047435961082837,62.22071440434019,113.88331177807692,103.91117874202686,7.576428653545989,67.04806172412125,107.18572330401554,155.37587660160642,81.78896580250287,37.64095260975166,90.20515543575104,86.96630812746943,112.54347844147694,118.94118928673278,164.26729532559634,PortScan
90.06207346478688,63.8391925608383,32.86184757489846,60.31874310823431,54.411400211419256,16.27929060722942,4.091917539572113,100.21874557814728,74.08243454201259,51.321356647158524,22.859991534001857,99.43493746085123,256.23336587953105,19.102776260016903,241.26154216129157,78.46042878980238,1.926037973439464,26.28908292082677,2.246589281204638,54.711911517520996,118.08128153088448,111.43216946688722,71.53813154412441,71.81857257079345,43.84757388097273,1.9616657693989903,67.28612359668199,59.181413374137804,35.40407109410238,57.36017728969009,10.18562952619867,154.90201514951875,123.91070756539008,146.752526575244,16.476084123651674,5.088770185601806,17.33416643704082,24.395319790850024,22.32022546348051,148.98634386020822,160.09039784765156,82.8497024780246,10.325476014904739,164.31888111541673,17.58544044320712,166.14701657280182,2.088648829596179,23.07009057186835,126.01647651725803,61.63614080394775,37.5196380323937,31.771509675623406,128.16437950037687,55.76910607251245,111.14579569370319,24.650477843200488,49.82217484967851,114.01490385212665,158.05406865683736,101.50941918278687,81.08575112103382,125.75778589146162,23.401985910698137,46.63583744463345,98.73345165891018,7.595102364252276,31.984752325484394,15.175799224874037,83.5142901630023,208.95387216947734,160.76610271180587,18.474057889572446,202.36062192296393,0.6799844559997769,19.00390350014945,35.74454228104272,18.039168176240782,137.284847467653,Bot
221.18619113295068,153.34337012963255,142.39571524501451,26.66523292344148,42.924442029866185,58.855326977071975,159.81243518837476,46.21726660819429,202.43096232868524,136.31740045928103,18.970616761039565,66.19821777966091,42.58872061930358,1.9147777415752059,64.14869090443096,48.7872284871074,180.4348109786743,19.090379172729868,71.9757942148182,129.32729578711638,95.64363768180087,47.240627788037735,148.4116028535965,35.561334878566,31.305803052315433,0.07085945766459172,125.04077339697174,60.45153263553667,88.23330623234091,45.20903328330804,47.004214775950146,26.58782296520485,43.67197360405955,6.613261462582246,209.97217891665153,24.702570074599667,35.834015202122224,64.75418056351592,74.41919714999368,18.1224173218103,64.9373038321426,132.1304032273012,141.9603004513637,60.042356573870514,186.6539951360616,100.75136898369222,68.4629825760004,79.06255991627687,197.01038177118355,89.25973382993092,121.11719292807813,73.07641190665245,1.4273067836434106,95.39394193966449,40.70363129267805,68.63184569567008,10.589445311523423,58.441298047248424,197.64405845154855,156.42416117110514,161.7212574968624,10.435593752321292,89.87840483231282,133.03136257389897,18.912039077703348,92.16501119244593,12.75491203775342,151.11549302473475,145.1175690051559,1.208894784605456,125.2393444413119,36.363188262496784,88.68873900973003,42.07617936810533,260.4213856627134,19.894814679649453,43.67385517335095,40.429475496169765,BENIGN
123.5782191822154,107.10536796490489,68.02161054504494,119.2507512477975,177.85875840065168,31.965182591897722,50.41798310076715,8.15226731016459,34.767648353833636,48.72285641135523,67.57080791616119,3.4152417488024596,108.72459388628026,108.58251288851855,67.93732829565033,114.8794035158656,66.63125009092118,46.25912928539512,172.58067287905968,67.7564652335655,119.41094030473724,98.11655311396817,46.44042623093876,46.206089325189645,78.33905092825955,25.15388860444957,59.751019469164156,142.23698616985075,173.88996637975788,97.88580507817954,8.531814256502406,80.82657216409264,83.04444065565653,52.25141052657575,41.839822088868374,140.15985929464293,65.04500925361391,150.3080301759818,105.19476177229186,99.80606273144129,38.39712719523516,25.020020625169447,199.56674897839645,310.9918556005361,60.672305913618274,18.319661872038786,53.45056484805502,88.7655425873836,32.06676255571917,179.52113559123222,23.007075919140206,49.77430890913943,66.59242520544613,42.15866106144557,83.89405004696123,61.725318654692316,55.83017539460305,110.01542329716949,43.95012306202264,77.8936503512114,45.77728661518858,167.44924333475373,0.5596018829046555,66.87416555925127,109.17008761393143,38.709970247440104,69.55377575657775,84.9102110743144,29.396694766418225,7.159925185806683,151.78737466808093,35.70292008066094,89.03831635197862,57.52050161065662,50.06657213812097,4.977368718096008,0.7063158628176451,66.03211394734471,PortScan
69.88284202025348,42.09729443893898,49.201884799279924,52.60348426675804,215.33429198712443,109.71527117536957,47.88374560084041,86.27757640431206,69.34789119139937,39.20126399191296,105.99363840466218,61.70059495766975,68.35693232004776,136.59557112005342,121.19439853864004,26.125053123385605,36.92771392462031,14.338846734225108,177.623523289832,40.86528114806708,102.93715081820716,135.26702858435345,152.23591862178912,111.26883749899253,62.92633936927887,153.37277099164993,53.58014630522978,170.73579575929466,111.65244399486592,123.58116200069387,15.589817793666752,54.828729649060094,16.00182258527877,50.178273616754495,111.73988159024609,144.84992298929262,35.976864578908575,132.6047686082038,41.346516112327606,26.028050658288613,96.37589262106108,95.71509148950429,34.37878815498854,4.865235157045115,3.279699541158651,75.84953347000695,23.040071420576734,92.42331442683044,89.01984111247869,103.52493347237525,184.6187862238094,92.951086019241,149.6529255090079,65.00239344068981,8.343796979036085,144.96452196985302,92.18598131253131,100.39573720814985,20.726732939894397,6.934433703625043,72.17375533372532,17.6820872139398,54.66800845872653,27.165511032605327,167.3452090298537,134.04610517903478,129.95812369275976,82.97324178791744,81.1396554491592,114.82632887526182,81.87776437548607,153.7931918412553,112.25448062444138,91.75028210142636,101.76614668435025,27.1495310825648,55.14762752395232,34.058921640049675,Bot
39.06959209281442,132.6472128311083,104.73177066214483,116.95899924277735,22.939074406802774,4.347694981386243,153.1107502555722,51.42547560178349,57.20574417141441,6.2191016999311,112.43533598705027,33.40772309799405,56.460592589360026,101.96643386921156,2.355215087423812,17.435425790283585,22.53079220409416,36.95269288333586,13.147259567166781,82.60471714415063,43.67642372382174,160.65771007386792,174.95839042054206,138.14540786904865,129.22626951056188,68.97078052451944,50.29747705513431,26.348721533105955,29.42241290134937,23.4407800316322,78.37656655863965,69.05410523162594,91.61919154812425,83.18222082304447,6.717829004935526,71.57599891107517,68.20520657126198,148.72461553359273,58.0053241370043,23.940450053537706,49.968511030293385,47.20022709192744,7.595526791608741,74.26824183597223,48.22489526806572,123.76624223272978,86.91560643892731,88.7290837266742,76.32861041785816,3.7937835447602026,68.33289928110695,20.931381957936157,107.29780477660118,236.38724946193608,78.59860326349823,138.10446031537748,30.381859560487573,72.15625051261435,23.086637384476898,145.32606633210344,133.86057997232487,69.29186230316111,60.58608207588934,171.93779062072966,199.25153531681184,76.66565877833479,54.95571359085801,85.9587886979802,38.713064978951465,4.541121793223822,2.538842054241018,191.96731561976563,1.3837746094237249,68.97277740641738,49.3122822399772,144.36320034688143,125.65068942792563,81.32051867479773,DDoS
27.896293033180854,27.97601684958344,79.03718960517114,34.005129456889044,57.0612997219531,96.81846605328612,33.13083831833227,61.22367345077503,108.51505265577981,82.54105299789552,294.9094425308725,124.46795807367867,135.10743662080213,132.24579567435703,48.18660617184915,54.726479737796694,54.88838353173644,25.495579355369784,12.545426000290021,32.78795241593574,8.58930062933304,221.93003727475352,22.97996305751938,85.14064342603136,17.521141890851204,298.525900260341,36.748166547430436,31.35296861723979,92.18015019772523,48.26878872092127,42.00944904518413,60.6850593215671,205.65435648295414,113.08884353259157,47.36320768114545,92.63811299815384,55.55126463422483,91.86865114860943,41.736681360508435,29.508991423790633,97.5816719344709,91.84544439424138,124.57173764463845,5.493411099984873,70.95798547491727,125.85049106753345,21.70170504243704,30.848278845581973,242.67164863455224,43.295982536069616,137.76175007542372,56.47740041709422,102.13832954293984,208.8442772869925,158.59833122379584,187.99243851390452,187.09651753717822,38.961417737090386,86.82927318763664,53.46290861224353,263.57477390168776,0.3375506597160999,32.78211728430853,92.42701395378297,101.38959522925377,8.568716140335903,92.54246260595873,25.53837556743171,89.53463223630241,40.81008391602206,99.58153947902291,65.1136241823657,85.84511166566654,23.462056995741378,3.823799496002834,144.8591414633544,29.967664800678705,5.020461704174478,DDoS
262.0793091029975,111.19670257741636,146.41772387524375,99.6858773465808,28.06364044901364,175.86204841951334,37.21054726068629,38.91591956679287,5.312065301754535,122.35688824186275,109.64692338108837,62.567728749621246,131.92471945987674,20.29806373956571,80.00385643976465,6.35245746153551,123.74381346841392,45.730165508679,4.282338131157488,5.802273480839522,84.84308822052846,224.68893339846053,60.67002947652968,21.12836922794727,120.00789564268612,49.190244750620515,187.65527060418742,61.97114459661363,63.536238882562934,118.96666590903612,62.434538971322404,18.452535765584955,60.47446645382127,220.5566057099069,89.70661968871322,127.48750412787221,65.15219913395057,113.76856704248166,20.1491533947518,0.6521315229458061,59.879438956191024,66.83404887180808,73.41737987784957,8.199555641356042,45.72804046152411,145.58223221467665,70.45065398247232,78.90566873755189,8.382662792936094,141.04591452035038,40.97627959594974,86.10879101735705,140.33699701251908,69.79032725390276,44.30440211284823,47.949296739924335,29.65755451407618,46.31847952675847,19.729226563120644,31.130867344288486,169.99573745763806,107.15431522348857,19.063559126502433,94.13105807674833,103.25239035275395,39.792704994680896,180.93063497331102,21.804589539237384,84.76339286190849,65.20888885930607,108.96330373423883,78.47619081277034,37.0508098590029,140.5567019178642,1.5618333949603047,90.22771737866472,90.77561801469204,151.9283923641769,PortScan
51.07920885275947,103.05805856240573,65.78345538521371,85.45252270666157,109.1933900395313,89.02475008365087,17.18393397935312,55.325121998478366,117.55946056248516,89.50698422766047,59.72282182533848,94.83480042242007,46.320629209912305,136.7137806460246,84.81742126666681,123.25233147685091,55.22999376795232,62.563093364600086,69.6771818429575,58.20265670847269,26.044226333355596,53.88418561927383,100.8554684076208,196.2625691672579,34.965004729969365,156.4802771362055,9.53441994413082,26.344821608224912,67.91427754381955,30.20454994898642,32.94477863470914,73.18707042882956,33.50580290841175,31.615595718277827,46.926758980852625,153.5572123207106,75.6788679986982,61.24687940136023,101.66831285764972,24.40804736742013,3.9307287627631187,13.44967844017327,33.385996656853465,143.13667818311836,108.17667276728287,131.22191934314063,62.20699903060487,132.89333195354095,38.68085206892026,109.0980425185967,201.22704457007652,102.37095461069813,24.930859564172884,104.50884740847535,14.488783309689119,2.390304328495547,35.14142357137325,156.34133588321083,81.84286659420013,153.2367724678116,49.98641237403714,139.93061748019414,36.76492929914216,210.0026507651624,62.55080168310357,88.5231482988991,59.23559556520536,12.354769595558233,195.41574337502863,50.57467042619367,105.89075870566005,148.16634024625986,196.2587190530795,0.36956718478473255,101.14630354083562,134.14759155308812,74.2484232538384,48.53058353678683,BENIGN
123.0874513154735,168.50142787085093,56.28808601743548,87.98143535020543,198.7061111699441,53.09708978119645,33.51377811714518,34.23378344896214,155.41604207147742,85.39759765522237,41.48655003619105,46.32885301181062,4.351466864346608,55.81395145185063,252.9560077694303,29.660745906979834,24.132193491678102,115.1014083619507,38.632331781156,20.44712209861215,175.547569831549,157.30197252148562,46.58055691181629,15.083771156669531,7.39475656083926,45.165947615962274,19.502498402812673,75.82820688875901,113.06153349375263,62.271122390026854,62.952958422181084,80.43157596599923,89.53554307625996,63.15777291653314,25.31652380379812,82.0344012612456,3.361256470371301,45.474091214113436,51.64296438875717,19.646658342809715,20.585943088034035,74.65783465402389,17.67741631157821,154.86182988637466,49.11537471421047,28.48754933696708,25.61797524953801,24.149744587077883,6.176419986012893,47.94415180860639,87.45170741325225,64.9765226848267,120.32008553891444,104.2044412243103,48.72029211949271,35.19213178165091,76.99960661974573,129.61166642498944,45.61208274741882,18.142662011397135,59.50294658355647,55.742305310832116,41.29978221434341,92.66983088473107,3.143917037477642,84.84286341908145,57.31278132412001,178.58664919341112,35.96296724524624,30.11073391917421,18.383451632250434,269.30336639804966,34.98000245679076,100.40545968420102,9.546424708907303,177.62463334664517,8.059974929676088,83.30560570007587,BENIGN
91.53902755601618,54.95402745955349,11.676591579524663,63.55578414044034,173.88513518533313,32.12427661179117,183.2557043479202,81.41517621182666,48.20667273353861,36.873314731751975,39.379729821625155,192.767257934561,27.888339415075652,84.51579711843216,4.889718347410554,140.5189846803575,5.240445057746945,170.41055162554912,124.68917155347195,6.200400936603175,95.14492770580866,36.650702036805185,170.3871586826719,92.44659881295544,156.28887685081978,27.399308182930422,24.338397937501806,29.983819627488057,190.4136589573007,162.59589153620632,221.87802334481339,15.904521040005129,29.562448874709506,151.6642549420791,147.69344261182744,116.7779551267935,21.67755637626291,109.73025276328441,58.88668267386961,83.72624310497004,60.78752606758179,53.91227031489786,54.82687949250771,83.33339117803071,110.48627930625202,22.054142701386688,121.79591523055583,51.3196364513396,71.79188907476018,23.05246251802508,117.97252083607101,19.41076309533577,53.12142946075985,48.38766511880397,110.22921498364234,68.1359510442948,40.860730770176765,30.78084711388841,83.8585798447231,88.66809222834573,53.48173363459102,122.89805024890619,63.73077470287948,45.83867035514842,208.70270186020687,58.46177306571996,3.105893287090195,90.96834169818337,93.6506374789596,66.77795564688861,29.219272832637316,18.73290184063747,223.8231233324972,212.0700152635066,60.68651778571754,45.768658605355206,274.75048427252347,49.97301761516306,FTP-Patator
52.624785651742116,138.83377782084477,38.50218117128637,38.298898474092844,14.125714008746323,213.05664798072007,76.82072166317373,21.539650545628795,50.826863967458955,392.62377064363267,208.41129394985884,172.46966497611083,28.744751940035556,28.732890440300928,4.551224530124217,42.423633339804354,56.98329282387588,32.950873557300916,151.7173696671679,75.05791675217655,41.61944048852539,113.00693390403578,45.00128579958137,125.71492168625728,53.53350870162231,35.845361820962026,73.09562757154733,75.79218499236195,68.55077387902041,184.86088332964115,17.55639454992155,66.86548047579066,9.806753953894455,129.58717818630143,71.88323876087304,74.50053128772811,19.469729611668168,6.418817710849775,9.175248444837287,25.22403964266774,11.622904312195818,21.471318317052635,157.81180575621846,98.54496856152184,86.91545924968965,45.55395260238707,88.92408282283243,95.53005582377529,87.60467925297942,147.2670675750982,60.398062596922955,22.954865536034706,163.9484162525434,39.24711060608729,99.65705105794473,46.649537922819796,64.04797952008238,19.050310599781135,32.405702822156066,114.76913898156673,8.520944963390106,299.11359709007235,18.689615816198486,163.047324371514,120.5994516546816,77.74073527645112,46.6670981966081,152.10062271593802,94.89165208248373,174.73631979155581,93.21915642603848,23.655528721894605,113.5620147182944,110.62935124116342,82.45141615276735,60.858972323970036,52.897770806401525,105.65576427602528,BENIGN
122.3083067095325,25.885440036983166,35.250496835687954,57.035136641368055,182.0603300548517,27.005735839142208,191.2254975419777,6.863404608546861,136.83150388328104,198.7275999230808,91.13627221747217,10.575379127148041,126.37066776546686,84.63159774657359,54.3479378670093,19.981043371871348,26.402008133367,127.23535001067678,73.24921027798023,28.872366282502327,165.48874362282962,96.00462952794638,12.270893359572414,9.337237427665123,113.02037246739238,241.16766755784212,151.6394055253573,60.21183203924835,7.203686128374476,21.22089699011517,95.19184600222356,7.748051851886253,25.775254014275067,124.17605754816243,33.41764172448974,15.525904882474876,190.7807557877391,86.03850107795019,41.36055334216442,188.76876573401904,55.655312453375814,133.54815690998913,48.6036289417637,154.73039889383656,108.26910538870733,47.11246518178786,9.363618873917085,132.579664754219,128.716356858425,139.71181851129913,58.35993263460048,103.83788510193166,151.93460754768424,283.2155598110569,45.11588584089988,55.17407999109204,120.02617497388293,46.3161362085399,41.14266071160024,115.39007342557473,186.97416996954206,38.85207751830092,19.042388992505774,44.92187212850342,50.98066931908826,3.444101170584135,248.83273534129896,65.82484123338483,45.35087125544674,98.22940342546795,5.898422158959738,44.687250080269806,34.2549200857765,17.04637709965709,96.27325652846123,20.661127969604664,61.02161695892225,15.697296096843422,FTP-Patator
58.65312695639355,22.4216404290793,71.4609790636618,204.9941278577478,115.90740649558977,33.6254738681072,42.54899332402303,119.7246923645228,137.1673697230466,70.94410024275466,28.85486958757048,78.37535211244283,173.49365758368086,85.67720938267928,55.55467794868666,20.438903160297677,120.21495260760888,39.568071175626386,31.745326125017513,33.28604043825113,9.338685889994828,52.93321124483709,151.4470309180767,32.159321133923854,175.49330716472414,1.840163078343813,22.52641172475495,69.27227551168595,126.93304965466992,170.25146581296056,20.232879642280203,163.1856899089109,73.30329955239894,181.80619225578246,77.51554940347832,55.30400858523584,23.402445435314796,24.85286180744494,120.05316584738725,14.035986984804696,196.70697035871524,111.71864617070024,18.58457521927473,30.99989831655551,5.658848889989584,121.89707897936633,195.11018640386249,14.358793650516018,181.79792253871548,75.97122954841684,9.445871444200275,41.96099720241182,86.38829605897661,127.94649316577511,104.17246640588513,58.35443030118876,12.951724686344077,57.98572852951322,70.68925679873489,85.55556590207121,164.9480894323921,107.06105599791861,72.96024698074095,36.14173172731029,129.31415437586477,57.23903111756757,45.06034128625389,186.9816339532164,116.17838439123638,28.313889674376714,30.085974714082624,120.94769354188053,38.89787293521837,25.147360894051207,19.42691319785193,75.57915001583629,104.87071264165635,165.54071130882951,DDoS
48.35614838465371,61.21669171548207,49.12076654119963,35.80293797469862,13.939720066323416,73.96531517246714,190.93560875072927,131.83023248526692,7.268052432934134,41.14931445621802,8.923415422144892,3.757064497948127,173.12013034449254,149.4938227453236,4.132563227061847,44.30021304473752,95.15497705740428,102.11624575603003,47.347189903522846,26.764109089879355,84.67707752164937,212.72274203514954,9.9094300241269,60.28206557839616,43.22629506341555,47.00441873682021,70.76258948220261,71.21738641760436,11.066536855732945,89.66422273152081,84.1983695452127,36.92072004474461,290.69882193216415,37.48220566218061,103.85438208439723,163.12758154609455,123.74266382225724,10.940847183297006,132.86408282482313,31.318447386498,60.65033882157397,45.590419517070266,45.909031021899175,69.46003691631446,115.43626682329844,175.1828806751719,38.992370655944534,15.805348992013185,9.662367001488972,41.596692794735866,94.57460606967811,60.82461916849685,131.7131919946585,77.60279138434754,100.22170189267247,75.2435237353035,146.6785190615677,50.14021468856367,97.53124584779789,51.56280884439565,97.84221120280351,52.21425459339358,110.36698285303692,33.07892243275574,78.01991291174627,133.057490403904,119.67886464263115,89.3697689389111,89.29538701087692,182.9620201716087,40.968659262949735,71.23221595801621,228.16518365388427,61.764167693369664,153.50402475323597,188.00100339077636,71.27120288613314,188.31502080585838,BENIGN
37.23190529379228,43.73131870389607,18.517553682991405,42.54448641841723,22.228985580085407,127.88658133133933,95.2316380738797,67.69951384585313,77.2659445270824,83.01918118626102,90.03985883950637,45.122531931850816,118.34936668899279,117.80408673763807,166.7224111551137,152.3238621712258,73.56219972457467,178.179890877106,165.66232076777737,52.44481362626519,73.53034606819523,72.14793237573433,105.01407396021456,75.74951493374856,137.05361439967135,69.52029000839993,28.375102366150113,98.78733409007492,84.68509661253646,124.96189052966666,77.93490039053323,3.901951937754412,41.79095457658906,202.5807873111377,107.08524186844389,191.14190871397233,128.04555710024667,18.947982122108066,100.74439731951985,125.49226680022925,18.47104747810833,93.7915537510655,1.2499321907250334,286.8403055666768,166.85992588781951,105.87285298838789,17.280173739646436,77.1920154836675,44.130715169924585,73.31561971099966,22.899639245934026,185.79014513982872,60.324750057139376,29.815846599052563,63.86601686431024,105.81183250871501,36.76198402097109,14.808941979827619,88.10683366612922,71.22207636490509,118.6734620177331,143.63354057059786,23.811043631205404,4.600274725327412,90.4614374993766,117.27568452674448,66.54168236917786,194.1217436463749,87.83230771797389,37.800789901821716,23.14459225255723,64.64895377257707,21.566763754763233,87.29610904537005,88.14075289235711,72.11353625455817,91.6274100563725,135.54428011054958,DDoS
117.01987091966038,13.429649724779289,7.959786237603639,55.405777111590716,86.17030702562582,3.003147916408217,215.23835446091803,87.64556455029356,156.14932224418595,150.3419828428999,33.012009396645034,21.16669819311769,62.77339060845056,28.80388739220764,141.85313451480366,248.78086565350793,127.69653860881877,33.80234811017082,120.70216478572155,107.53123930492379,167.6393027208203,94.55068799427312,115.33505105959594,113.73145423647293,33.85528762859143,93.79255765363989,21.6624975404619,102.57526836402772,110.08213984226052,106.13709648731336,53.20061988219431,36.166106124701656,176.11881248673737,0.031367261177471205,118.18741254208011,44.94739128323069,208.60470495371138,101.47594931858521,36.146276669398574,41.64460381014526,5.390484900573916,98.23035803773146,112.18578562304708,232.00407220172593,19.613145902390734,90.40682897360003,154.8960525053475,25.79759812211809,110.38773433162577,47.51677464953816,0.2403840918853844,58.92716517893062,109.21636327180897,83.47513263248821,91.37716213855856,154.5729786690733,158.98389781806839,57.40712208940013,139.95946451457934,134.21277484851151,136.5824155415439,14.896930976729692,50.27844268951942,179.63608229269636,70.60789138151316,24.26812768120333,102.63692076658921,123.00005727191501,96.47054257507148,162.84685547723217,28.438464960650933,159.05820726178504,67.89312900592783,13.699548944245826,51.939637182612664,34.09078773460798,42.83166923752375,7.715649621771674,BENIGN
59.38114080687051,16.563141031763223,7.85770297191498,212.87340944148121,45.816811478869866,97.97212247168068,115.3332403205745,168.73443471107103,179.38924978678904,135.5447503112289,70.90209576304905,195.32591375265682,52.58796758952039,17.775010626803134,40.04813865063287,13.106518621584872,7.744346072599365,119.52937635992447,145.0927548279212,180.71966436378852,168.2658694122686,102.40285908863795,27.98103423770061,96.45377949101913,50.59655534558652,72.8272202406613,216.50560678066023,119.0548594343596,21.25740306322149,102.69862633197322,110.5900424357309,56.39474880582432,81.62172445419648,7.8143062969647445,86.1636124497944,13.906039865341766,157.6996482190997,80.28244439508423,7.397286359437803,7.566560432583026,197.2542176789808,138.5987942398998,50.558924183587465,148.91131083282895,227.1449745422796,40.43974231839613,49.14294527201998,56.97603571986469,19.54817315532908,9.884520123930605,43.59753895000459,253.22460852196852,68.20694900626313,12.617790366196719,22.247489677826536,204.68621957195577,67.49340187905523,40.30759890650308,199.15533022047342,83.20613048498566,55.01152829365389,14.702542343084998,84.07344821295493,20.78025073533134,129.26253471522625,53.21685631271895,60.73544332122114,7.722104522304557,42.58436586298291,41.82057558879721,177.6011754048402,106.39409875608561,25.25688459966235,138.45320475939062,44.41983272906719,110.13229577357622,46.6545311450127,134.62257562027483,FTP-Patator
52.225063601777855,9.791524644290405,227.2434720446882,88.9037122279892,57.374442100441314,127.6304416538336,128.83076174635377,29.271548214185337,14.55211977682408,61.41225650083162,14.098269961206,158.8626928043596,69.54024745502987,114.10085097527383,11.15088271429437,80.49664808525608,38.76999164085612,41.36156656296428,47.76455826040052,125.51353719733949,12.765468151819013,56.06076368473099,292.9448690002268,205.29720245016628,108.87696542166721,37.63007249249961,1.8819049740598424,117.16543473175618,169.57228778108652,189.72886947731115,15.669372824652461,102.35306441853447,17.528677893392384,133.67254388759306,41.182336896365726,13.192796677195705,45.45477187434442,21.8653277435036,9.139955750911446,8.08784978654613,5.225849049748321,106.06050663966009,71.70161491279362,128.45842656999693,97.78155496862003,210.56469418403245,115.35903433169254,138.63493972628433,30.21805869826214,260.31370878272986,36.13105619672905,6.418416128881928,101.05982199289134,51.521839380824275,153.01951988633513,66.4927162301741,92.45641143780999,159.7599169595432,32.70173176097711,21.345677935043824,49.619918736331634,53.531671256765904,51.14995753618614,193.51540400602292,81.55010224442626,4.808850733077259,18.31504710532947,35.667313417987124,118.06409124521447,62.73134459513029,4.522270899998256,5.119790188108534,50.1784192811532,137.2465547884101,32.29745036176681,6.100397185538355,50.024046943656984,53.36003064391669,BENIGN
122.08212988130478,87.67737812118447,171.20402840178926,174.76365098282616,43.477006455689114,47.543068252662344,79.55570679408824,42.439393786101256,127.95186697601588,221.68188393540643,50.27448074908146,249.32708203300774,96.56648035232081,162.9166364900945,58.1782033392054,117.38799644089725,19.793772898468188,206.7906338163552,183.1682247206026,105.13099116393445,149.74316831796264,185.77023435377325,10.343122429028393,123.90527025266425,209.5843501809159,159.4442391749197,67.8946987762233,81.240234893742,4.9029340838036735,16.036008104483077,33.085130461557775,145.1001438131336,87.94170411374031,107.73760769847583,137.6496450019538,31.313214001315533,68.70657958589163,146.65408592786028,111.15802495135512,3.5825578706462933,53.1454551359215,156.78594253654558,34.67099776049199,251.15565515844236,184.00777445057528,3.2280611049470322,64.05429350747734,12.307820165618114,11.31280525157404,129.92163634458242,23.278674294016362,75.67639770159263,218.99217049785534,119.45922205137308,95.83858198420424,5.16609768510798,22.907468820570255,107.43180127155614,22.43396567780826,90.40175547613144,29.748220087385015,131.19837385739464,32.07857259326839,19.4051943605874,127.00610887120321,28.695585430170873,83.19549174944511,63.828272652849414,81.5375628316121,106.6234931899225,212.47714030169615,133.13390619884032,192.03675021442612,122.28950195555639,7.125374991089249,129.35076252040957,69.5694877197064,91.81269834165748,Bot
123.95840064415616,39.622967810175986,106.83793336940164,60.4120889588518,230.3638752104789,147.9444223139724,125.92332397867989,114.64408704007276,97.33788380270346,100.71333364731596,33.61449630262288,22.74762599534078,82.39354869719996,71.91094514491859,204.9812095785926,0.0682818957482628,78.21300015314591,79.08993816675532,77.98529462216388,108.19848092499423,134.95762115515322,41.52137679052716,3.4027411072232048,11.137260184005243,17.909328501615626,39.581978109592306,69.28557558178116,73.463754545933,98.58038086678266,28.415509792879718,119.47628618769377,89.46471875738723,137.28594514810638,35.14799003522017,197.82252493748103,4.693490206036962,189.7767016745977,94.78927172689863,83.4323045491582,76.40297815728594,154.28015152096458,63.27550298850391,59.644113758175266,63.42858476894031,23.59699872109716,74.41857103150346,42.15460835365612,26.68183962954019,33.912227927003876,37.00611152689554,12.373268009975662,45.78056099257847,49.69320251179782,18.256897437954112,98.99577925520138,3.5007610006235903,81.10008636288448,111.40464501619934,25.866114785538812,21.273977585766033,78.28737349485725,43.11255695750991,40.805284683675566,55.07975722736632,44.477380783159475,82.56536828021422,14.93634822711889,36.41402960546613,0.7178466907941942,208.64776583710847,16.048962397348006,221.2531039397242,36.00392687569827,72.80770978553211,37.33485597113982,31.23782104665717,119.27351654164144,125.78681559088878,BENIGN
73.13802525749924,59.04220612514634,14.21465369405461,33.868731792169,102.94574815983573,87.23153800284503,114.30193120737286,82.01581867554845,6.4688605032518485,7.287409801551539,7.31969910016945,15.024298879825999,119.17074971070649,8.371795984921201,111.95461283831688,39.352985596972886,17.86947168104756,122.92147842970505,60.309468494883355,85.0535278747044,248.51899166788917,26.477531097797964,127.53907379990149,15.171443357722914,53.33592447054494,83.94685045184048,121.8194711754256,105.7368305378225,87.21970000729779,31.50867311941086,57.174604195606136,33.260751032419755,93.31280723410693,22.272070077660704,106.51719657143866,145.26167454861795,91.63209190734197,83.69207037962799,14.037505890533645,30.76126681891964,52.4567013767051,135.22026788671445,42.40668615184512,3.944704824073949,143.59095238685276,131.5815816427507,28.10092502818063,213.25956261548362,101.26374096440718,15.81538443723203,324.30929695947333,230.79162506161106,18.144906924751673,10.633700253131497,99.55815140020297,170.31726099180378,163.80290574360168,178.63754653546866,62.20348055543814,58.27375831738644,49.68735905075971,106.97714549838501,119.96975283653082,231.61438629688766,85.80141953021455,82.81962729652346,201.84878643886378,14.506374595938162,79.31756882186774,12.205713212127726,45.784838618248926,15.936223214590656,37.058276240078285,134.8047111940167,71.46806769904317,52.12799050138145,32.16785413765001,16.805980596682023,DDoS
99.51484818533794,18.150316213566715,217.70650464428547,17.847666388538975,142.88577078135674,147.41321320421056,58.59276733177553,32.91067787101296,125.28426344274837,44.82246163001494,69.22503292658963,196.89231424160832,10.343812930810637,204.2076040143744,27.73584619646759,2.2278979183713314,32.208231076698546,1.1092003948602058,81.30143722601298,82.32799156777052,22.57615231117544,1.7613251933657315,97.536602727825,130.3507931934759,66.47027453331098,55.292083736730206,100.18248536819372,49.757083838520714,78.2003492511037,75.9703117480287,177.10685530880912,47.15423804182058,183.11448783383503,122.84438312657626,207.5588009078533,8.606969279089306,15.032046027187207,32.6696213186364,104.25776946705763,117.223375343664,46.436986354657414,55.05519317084877,31.635832153614473,88.52486861242225,18.106274277108234,130.32780373160637,58.61658003927833,41.24138182164804,25.719897035592737,24.0665174530213,0.7880184694728152,32.56110521485036,16.433520588539118,21.209335307417522,99.33586995819506,101.58788269899783,138.8542553831211,160.027110450371,121.72826922204794,15.946250680412918,89.2787515491884,51.361446423109626,3.471374875256186,196.85042134380538,65.49755842216898,81.07986455917099,99.38626748348534,42.01915428949916,85.6498237409199,9.76703767483354,126.44984069549656,179.31064525345766,38.28171896129687,12.372894627483614,39.7679693614604,118.40305582225594,39.989906213113706,26.9294752580734,Bot
4.489303012253698,18.25010305992134,67.0115200454233,117.17179147161596,117.61733365547806,48.75602970867186,118.18910929599615,48.09080927488954,20.252422706483003,52.829704666297914,103.6087651046256,142.2974925261673,97.01242603796436,39.75577654917214,123.76537575119981,37.976763604089605,96.80457585102454,31.030770538490366,61.43231440962944,70.97889922335351,97.88895585567792,137.17431292635055,160.87808557343735,82.82296901846227,109.0861670603698,46.29395120252583,14.994071907910936,143.3151814524712,52.4662407066803,49.365484764315084,129.60630617813962,110.71568168024517,36.55059369852658,15.129922023252233,139.57892021924852,59.134924175840034,72.39903317426091,19.539035117702397,45.19493719118777,78.93385057196744,0.70449854805547,21.560957856802236,37.18578822786655,72.84616216803428,31.952467078295545,165.3617268492285,13.988723283912737,99.61182149111289,139.02219251534626,15.776143929376948,109.73683189710665,147.69249275319015,73.93714074590363,119.18993344135728,95.00158286696457,24.30047220543997,153.27005598899308,19.62806513879368,30.170000890173554,17.55362295785979,184.37935834807456,89.03178480198719,6.407776414871663,53.62909095171899,219.61278210999464,16.212397547985844,14.304876987895234,84.9611988516213,69.28575842374367,58.25713188088052,79.99405067019342,190.80021371233076,39.305275706140094,100.16318252085601,139.34545275244315,71.05491022977853,42.934082280173435,37.963964838596546,BENIGN
55.61187467607805,13.006029355362003,166.9069525826331,94.25580057918764,161.47787907098515,32.20281544920584,132.54321090950785,140.68150094975383,58.59042011646491,73.6770135947622,141.52671919241874,21.85340424109457,100.94717885959687,84.49414385934963,149.90159604584014,9.184476433495513,8.743532877718108,54.83196275544987,94.95945713644882,5.9415181272494095,185.5503314794263,22.423474453529177,34.64265060068996,161.15673591028278,26.265952031616774,33.63869454111362,96.03047962814703,46.24836240668541,117.93691216326172,17.22543864110375,67.15311717290534,152.80313593878327,88.75039674140594,76.08466543114778,6.008599461516361,38.83120054234496,124.95049007061587,133.27773974796497,34.94393272169559,77.25687487562408,37.91531187261241,123.02221756507876,59.69742867210739,239.0304367469438,41.222074502447015,91.34737320174065,53.762990294987965,42.818624781057615,27.999330187447974,127.90307362197863,51.52943216244674,83.42818100346247,218.40967333804562,57.0507208354516,58.06483025539511,61.13852473886282,9.294420661358828,23.95019220217498,111.68337755299542,18.64161697440463,73.1631738908528,189.04406851557826,4.930833152022263,76.88396759688968,60.82265074447592,36.31156277445234,31.110999114319522,188.9649292096153,201.527511046064,129.0644460922547,39.719531614598765,110.22697404558555,34.7561613803552,8.66976994143966,35.56689485632294,19.15773961940896,50.62409893059261,144.73056993918064,PortScan
56.81032051286461,104.96554989099411,136.2562852712452,164.06145634882873,315.2056734512085,112.34940332395979,24.2882013150275,208.20987031889874,55.31491563792091,54.82002981667726,192.34457948249533,77.46149700185819,168.91830379672618,47.12637407025196,197.54877712171375,75.109945450731,206.50830462563206,2.8457581183158878,207.78118198561967,32.029780453664195,164.3378155804534,36.064789143579496,86.3493604964934,3.1203488939083974,1.8016872044446586,47.263034584340566,136.68583632808264,59.25672738473307,270.43916316027753,62.988455236381036,48.82738424515446,63.33268260712385,2.263085267686914,140.55630538562866,98.49931258170152,19.86800095474069,7.906734186455629,57.912410963574644,48.083378951197936,69.6167997159289,51.769257286921466,8.809124402907328,216.99365880805428,142.36826368839232,185.18427315746587,78.35896647986067,67.86430612941032,31.823752774262026,78.11563781311142,25.98001407675125,159.85381120963413,80.21284586181193,86.22235118869771,141.62270557926456,115.11537365528693,283.9078659485427,80.9380821082754,95.67031863856585,51.69465157483709,22.15132629521239,2.230028371805305,68.88855425754056,20.475888240178417,76.58782794806149,161.5886787410473,29.96476878373481,93.24348709546672,41.51002889633696,70.07006121205836,281.4654444472553,10.434279298689193,39.33070500053236,73.80570836613916,18.12511626020504,46.02716249823038,19.484234027013805,101.96953197088567,20.63617713254507,BENIGN
146.2195938717637,44.86357645145273,96.1987189071841,23.701197001262774,74.99002394237105,27.926783821652595,95.0910729687232,31.852100479887447,99.16966634403104,63.288027488479194,18.932830729237413,29.724427338012404,118.9232465077129,105.39857711828762,57.20062783004729,70.47284356108838,153.75847964491754,14.490457908143132,44.594371386116016,11.31404570530228,36.31166611555665,200.74568607450098,38.83469383011584,30.561911106831296,63.366102477405875,69.81996746110497,167.8674673372566,191.16405506517572,131.11674978026244,22.43189708781048,85.95848723435562,7.980148405873309,113.95555360254693,38.736196455281124,109.86204251778122,142.05042872710632,11.348064588214118,22.15584736242106,123.47519140447952,103.19552420944349,59.549089763925735,58.989475646289094,13.216935564437184,7.227896538428889,150.0221861446936,77.88370428204348,135.10728924131394,88.61911885847957,6.263957732723487,24.312345851289308,29.424250563645764,135.65833858279822,20.035257779416387,23.184209213484806,114.60301441420651,77.73714848459066,155.8789184496894,153.04614097433767,162.96421311127986,37.26755839519746,24.269874782528174,189.0010171182943,45.47947173776929,103.98065310268842,60.76463453734726,13.73109657888796,95.77916144729056,20.760335140062576,30.76766534011138,109.55193888455624,88.07540896027302,179.8725018351312,73.52010347632466,165.62082520572957,24.30611988808665,0.22879361435040493,107.03651602299298,127.18924219386565,FTP-Patator
11.081256027908749,38.824305352153885,5.592044852221312,33.79575282321183,89.13036868697554,0.42298589941515763,61.888629802315364,163.8359732270941,38.13096122647847,31.165285600477834,151.8910825090068,263.0730136829063,38.837572923016836,9.482423128087223,51.47826749147419,24.353020418634465,6.040372919690829,112.77802506338985,8.61108682589779,74.69232850701675,99.0166238959289,21.71310749462025,52.65366836723071,47.741070619280045,64.98268854974364,8.416823018569614,1.282864354368512,47.9827035366833,26.864575330974255,183.63597837703972,43.27738835883886,79.38184671438157,29.737607924310645,24.638340251454803,98.63765059059371,71.19732272589228,154.28032182428996,16.063111952549434,48.4173951248737,96.6246319753254,17.53784558986907,49.15056472467836,0.9288561567815746,30.698107268623776,181.3407698515423,34.28788615575641,27.83486346446696,50.92133625991345,84.63597198869729,58.490765341776985,47.875857152168855,35.94757975471256,234.90757867007574,71.60434362758403,41.66253056154625,6.312301311124825,39.57988487097471,26.355081195478498,128.40957939481171,242.63920705352083,238.69298701956728,49.58781720101493,109.73001875437087,156.56480316055962,300.76323396937573,57.11794062192087,24.365722370271442,109.02084067994298,98.55396007209299,96.97437196346745,11.053531747394013,62.631527618300694,49.40639189755196,285.46266629043913,85.68518651277994,112.60539609110502,25.63406783724922,53.80477584901385,BENIGN
79.78437798957665,185.93367716600574,4.5491476330752,55.83364232117055,185.66474365619547,48.17659710934752,32.4458604352517,180.3862792562365,239.1956204313024,84.47743757816998,0.5560293648070566,117.85126897984229,137.34028889697493,51.99021395287525,186.88178405438532,41.97056083572659,27.658150559104875,0.8556080824349832,157.08814571259123,135.55729357103482,61.08576398050658,50.4483256383017,156.30343065712535,117.94596645077804,143.50873992222355,34.73022889578429,145.32754760425445,7.823065905851781,184.18977729578575,89.20675997317205,58.98923177556078,69.86888135170435,2.521086754008212,154.31182279428702,16.429476537056907,219.6223142152799,49.29864585144592,5.751775300546313,107.53434019568977,21.06684652031108,20.953423026279435,109.16251721591026,23.38480257895984,103.54434164169449,83.60621521000246,142.44958212469476,9.170602414512597,88.77695115385407,99.76320769202445,28.679423573826927,75.95148874861079,29.175863225853714,5.982614352990369,49.35602043342916,29.08970575900059,199.55317804517387,112.12437400943918,92.94099847908154,13.213658890154726,52.373130277142174,135.85740152574743,107.97363212758484,202.17986399619474,10.128071870153288,59.84375805810469,96.65878909853151,6.81234251679531,36.397063085273814,209.31979322099448,151.18834195632135,115.9381043300522,97.31015610150719,77.90927393767005,20.3235954586031,45.763324933761524,18.56885804187389,150.91310134045506,60.5606232631313,Bot
50.8608373233442,43.030931995464236,148.4056664924335,20.84682105404079,120.66081548639151,152.71678565896477,105.50893681766951,12.626773623406818,98.46547848472625,79.25234471152126,42.35985817281771,136.56174041901494,97.41218462163684,70.34279167873088,130.7369782230964,159.78721344948377,63.00249795338944,73.19555025098458,19.692180799688956,46.45810781156183,4.435879751560705,174.5707432859652,49.47056537750324,38.34350314036442,40.930847409572124,100.59245117964166,112.74960989530388,112.7908993253569,15.449366559525114,33.65525898781734,1.9873635368311569,10.726476581094174,122.0282896417717,107.66791274710134,76.25192391465983,103.63028920724797,59.55349351838593,90.05330773315916,169.94359830087095,40.17950269416337,68.13623265753054,115.36922813398584,75.47332980678092,19.94239859867671,47.30382821602152,64.5572072035395,166.10834155671725,50.32520647495048,206.34031524794545,31.73504922425348,94.11818664199697,19.18977358730361,194.8342644789813,102.51091525817735,65.38983883255764,2.731337985143867,4.737070254443595,158.21767633461272,94.03989164843533,56.076090697986025,203.62205028559367,4.749346825164295,24.907184465304073,167.28939013115743,40.42128652773321,71.58727446909595,22.70344788648889,32.40681752089702,59.14421517518549,68.0220360476691,30.74035697196884,82.46122504347609,27.660076551118067,119.5480650825479,59.66290586117302,209.79393391324314,52.56309339853844,3.2407013340136217,FTP-Patator
67.24855960063361,22.327083592026085,174.22216926352752,54.604179881672124,109.21212003485672,13.53383478922909,99.44473755089074,64.60061871145516,237.16593608588923,204.20696529278803,29.527994062086837,77.64991404930002,15.712791899094084,17.618982250269237,66.68487169515636,19.79166673420755,60.74722876203072,40.43619926900227,68.62791357550844,143.26712897396527,14.58364702153839,58.52994365163381,51.48835960763722,81.99252526352343,32.43402100148682,53.272549821690355,83.96638644311888,135.7517539841935,90.06713825124801,96.42000714232447,108.00560591393102,94.27885141400756,48.73052370449948,107.19298652117972,87.92827824119881,34.85951198609804,12.517442838316423,84.6882103884914,11.522423255219758,38.494288841008114,54.090851856099,87.61691671912328,66.83451948468017,6.10756713523761,105.84406336416528,249.80610174929393,20.045963141372898,60.890535625463194,26.206680908672553,194.9561717754367,35.08494300764745,221.83477600510813,136.97011076541847,108.60545821180861,125.54036094598963,94.58696436841456,90.05903525360617,113.2784951267745,35.037021638633824,84.4324037183071,10.248464215820754,48.28275908069183,178.11584144656334,223.04680191244591,22.66842484945972,56.155774633062535,55.30898169141323,69.58638390937854,117.34422766324448,27.25447213618092,34.05987069098615,50.014303311388375,135.69355696995754,22.3153054747697,55.1885971822154,68.02302084176291,193.67527025024648,76.13552698089407,BENIGN
87.82632528234666,9.988695440921298,48.0744579767984,149.67104074459814,49.49654803680731,49.75724983092139,114.96720188787471,29.65769385303051,126.76515111879738,28.87280030098363,115.71166187132708,133.31283547778065,155.15122490589292,66.20518347584732,118.85968230870081,184.9362141386381,84.31053323232402,116.28385775349858,58.00163326536847,115.64158167438568,85.00793324175532,41.768075223940066,10.744437434089255,38.73714806329899,32.31854824582059,128.38168598535614,129.49855848169557,54.4220352340347,84.58028725629282,51.406255242477584,46.11697320346189,75.656467491314,139.44950688592616,105.38915522958831,119.45229397660351,28.580328679473293,84.51539584261589,55.338898307442676,3.392522592790888,159.47559581633323,42.06996310184788,57.79207768327106,88.1146720813369,0.13256887344072293,39.54209853880381,95.75689550152119,58.93322314273619,45.86386361010845,85.67024802425557,167.73770878054893,80.51717517428763,107.68481446576803,216.9677417725702,119.41894010922893,95.87784561867748,135.25086894407224,158.358838978758,41.29989121377975,21.406769772786138,37.94053976051097,69.0472686121513,26.561699317253346,65.77631761503737,6.953228624226939,118.69933883057446,105.78141808207961,58.9112132781127,93.5596298762426,17.791787580439816,91.2810919296513,41.743038198943225,34.40539215634665,34.834173924612685,89.78300664256294,48.77053729487446,107.43330047702437,49.64001177339411,207.50650393485418,BENIGN
118.01281737415277,114.4293068559939,138.78685504558018,76.38603516334226,5.310680169691065,55.09818035382496,16.80153405325285,94.52115346114836,50.083159100421156,87.847380134206,74.24589135926203,63.75875420759639,21.668311896428623,30.33500674771342,21.88662517356257,76.62429750405096,104.01937198158979,194.5195074276933,182.10860692944962,59.76676832548571,37.021188994174096,58.43141664353099,10.047572057170514,5.739070300154241,41.055008532761654,23.106947745768032,139.3181257934906,83.93491142316022,87.28243510056346,96.6156723370417,7.938842440570287,30.04659487207037,100.56013756894657,36.0164183945767,53.76457577798165,65.5403829850237,107.01915628943317,171.9040612841821,89.63326585920618,21.930233720043606,79.18593103880676,57.064043020011276,85.24686434329506,122.91835978004161,145.21176991825604,1.4149264965758293,59.64114079688796,29.91817724274345,80.89192693927194,58.445529185043824,74.93576894227776,22.153659758373816,117.6962112769968,182.05439079418156,56.63945912147233,83.16167861804036,20.947008364777258,98.45340504819681,0.5954709212729383,78.4002779310748,18.826133508630654,119.31129458510279,102.15153927818639,91.89148546583293,45.96567722729969,107.98424477814869,61.35876053627945,19.624094066672047,54.57867135323555,217.15714047604476,0.8113201611750289,15.808922532318443,27.754425631555158,129.12738390158788,42.17800742508709,131.0191908080897,21.596052035023224,93.7477492506925,DDoS
163.50663945275195,131.1693449272661,109.2141593428733,25.367607754238097,34.51647054497965,48.92545350763276,68.6353555014533,83.88926740257364,6.783851391693768,201.99273321561364,144.194500580189,51.23742406766936,5.586393984449697,30.964971398806124,114.6027575013415,283.7506441397379,1.6610342325908987,10.581875749769788,45.36363875916828,172.62265456356326,88.73294588557712,77.17961772356612,35.625278870608355,126.15192525355158,66.71890847775053,73.29688991237589,109.60699074773986,42.53213083301104,154.49373466767585,53.93050144632704,38.6382653848061,83.77642215465892,67.9230653192955,291.4255989816941,52.32231857370332,122.03206899439758,201.73387981224113,283.2325924984141,81.39808601977411,12.861745040496652,22.565638071225163,138.90243629627616,63.732468302307254,161.63000427219166,139.27354721669965,3.4550623953963515,161.67133749480143,22.93823318554672,24.861585376667737,62.66136372630709,4.556388114189831,62.34071382799156,70.34401331388942,215.4928677383142,31.529665528612437,94.1022700666379,24.60836153164088,80.22800271395435,148.1960768436536,28.321803894523256,56.55763678739903,47.131572115111794,71.8417423471641,15.774698323148526,64.16668201303824,166.5351917623531,85.61698406617501,3.5566074032993527,65.23061516102304,163.13351104170732,48.02605014059249,105.51076754804494,82.27827808340025,96.26510119189763,69.27690318488605,110.58330662947127,86.1436525632805,25.13166482381024,BENIGN
23.130094292969943,57.64195763348439,147.1034690817104,69.94952201676432,103.70660735699961,66.536893503283,79.61368031864954,95.00634974661271,144.3604262169765,48.29098394605177,8.271502389649319,24.309172766069878,95.13062442994834,52.68979236657937,19.08722195531798,19.81956763797199,51.01574689151834,127.25701629285695,12.63141994832002,46.9130854210409,99.28660010855455,144.52052644122256,66.62696720435231,57.79785236395571,57.73635251066616,12.86594463520559,140.69347458917508,48.41184945848177,95.52692372072055,3.8742894989543024,60.83507646793376,59.253030731776136,40.96361186839937,35.69727592669261,8.127842205619876,3.7893081716830874,238.83719928704386,118.42566451961729,72.2826894985512,11.179915820338826,100.7157200596669,51.79947763914519,2.620475277403566,30.356432526591504,8.09173376626882,317.0425735878056,21.06008392976418,48.84760801103597,159.2669998282884,1.934407081175429,118.89634195349619,4.98801541281177,104.61210850625042,47.34074157124664,29.094736433948537,95.78396311082676,79.08817916945654,3.40080962281468,136.50217954266353,70.14947819247145,51.887118044012205,49.58050210275709,0.161903135694112,41.477289078879096,160.43391083085962,28.509425704201398,13.86451837100845,108.61262991814098,86.82609615983323,9.781329309330738,110.39335467019072,25.628082425157245,23.591652931212394,40.68852445043747,53.47566708443231,29.497145570882154,149.72576451786446,128.09395766667276,BENIGN
66.54222981294605,72.19034854381414,126.99985973938759,66.88401305462182,67.19446078144975,38.42020720058965,99.44285217997923,24.9548189598077,118.3056184734389,25.276325509618538,102.9413100955326,79.67019270707421,1.5182942540433122,97.48065759228419,64.55877121741935,1.9381237698025213,232.03155982304233,78.26298263165181,2.4232833869692145,120.24512479830722,109.52705188428047,317.67038131960004,27.90838583451852,29.156367668197277,169.0671627606452,97.84995458666063,275.52177437199015,30.561061415380337,73.0958976376216,65.06598273683836,209.03028988531565,17.02582467959055,26.560456028610517,39.98782386683715,11.464083550639245,26.426827164563655,15.011695125380658,126.40061679473638,48.61847915619389,194.93717553224232,205.03574572842004,73.91804947015679,50.702027213535686,5.739536507403601,139.5448504755072,70.79109406740753,26.274674768650403,159.58939685741134,73.90286580232329,65.23303381766799,142.73053642892165,41.943475265855064,75.64883543160984,191.40600705874672,65.94512411136115,80.3948414727481,30.734561670797007,24.775241823970926,132.04140097838342,87.44356483399181,62.76062975618311,27.95074632965335,15.830547800966377,18.385389315920968,84.5673104494113,1.409896590667158,6.26482221218215,24.12402484067293,8.450514569286257,79.79945496122363,92.35086160473686,105.06233218278011,86.8772500590771,118.63364271098544,58.7855888137735,61.97387847028687,191.1316891662504,9.297924652940965,BENIGN
46.84961133603157,75.8765257935375,135.08523306990054,65.36791406374189,80.63769291180498,7.569494000509344,68.55897462984164,14.16485860101269,116.63705456692522,53.097566196409055,217.82113197314303,52.946696350700826,56.1842099351699,47.93609534294223,262.48170563741115,254.90097087177222,53.102609489421006,14.88768039176911,118.15677164191463,234.3654052812625,87.07466445884032,94.881309647162,13.069002446438233,14.152575336694827,47.579544400490114,82.6111991714542,68.70140996994974,135.0555964342983,7.587145068502332,168.46675772263868,19.09165241437107,3.6330608042341743,14.693529838668779,52.21315700199924,307.68603701805034,136.01159001803128,124.45425000847227,23.286808742689825,60.80061429373236,101.4479726707414,134.0072071123935,43.2216690759254,68.1380235069574,96.78260240252041,99.3782214530439,137.39143852114495,85.23867660741035,47.53656106920102,63.245421664230086,47.41781751039649,77.17719573928751,160.9520665775973,22.749587573205375,63.596775071173795,82.20760118279274,121.92844665221938,56.944977449211045,12.402138738999703,106.42200068173489,0.9844808650383005,168.85051880685,112.00474224698722,67.09112482768751,60.37905202778941,39.18767653868664,101.7764309076953,102.7403551526011,37.32682459413141,64.45184916452914,92.82456913443245,49.653173548196904,115.34924259847838,26.78436378663333,82.35349706258495,51.82526388612024,132.52760904370376,82.7115428565768,15.79743122514517,BENIGN
127.19190011127228,21.139656747065892,106.26572907875264,37.563366576553555,135.11140899867152,129.2745289518207,166.37328321434734,30.524312653135294,58.739169980601226,141.418728833109,44.73939370689756,50.12341077902127,44.85428365278614,23.855495377373916,129.05614219462188,14.325891536419263,109.65471182302538,219.1253851165281,153.4482101794515,112.23742187031596,45.97646158304763,54.339082787180956,0.31477269063266333,122.99903684386831,98.26831427699412,140.0070723183009,58.72624134641767,20.562785364324764,8.28325705180999,72.81719009698155,174.81370691208355,104.0061819902576,73.97711639729673,133.46106069102325,38.56726309778482,43.45026460913057,24.0205843946223,125.31328247682434,78.99197221808522,96.95690257529068,32.68554006104373,138.929873021099,19.569853114690144,106.00897399086655,5.152292852464606,50.309036862374676,31.874831524613313,102.9811848541845,12.334406404611045,30.904744303265392,65.56877194614437,23.57112448566685,93.94632419859826,111.9244917564096,29.4455757588034,145.2755545126183,152.87478505409084,8.104596472174377,100.84487325473496,208.5897877733337,147.20370730267916,137.383482489866,137.84696274615047,11.582458722694609,38.96045240919878,222.04210089351258,119.79664292172616,88.7079776446287,28.67741123825862,14.720527868559726,56.484235860012255,163.5797806135815,22.104246353705058,6.936980265806943,19.259691873130514,239.21096352739926,209.93562644190257,68.3223014788808,BENIGN
11.480224875906368,56.677172618417956,65.73725539947245,4.896503085845025,71.14105794654951,311.2910201043841,80.80361894020714,84.80655980305086,42.37596820227033,45.34141083838541,179.5643172630015,33.00901917014373,73.2829081821745,127.42321190767952,104.84826510505924,48.777482108433816,73.42333219710379,14.152963733784743,159.8321807641033,73.35478135058658,0.8783654898147817,23.76833169609843,7.6609070451659615,51.176355794230346,210.47495057190147,204.2177910534731,15.532499919940147,39.81472651225371,5.790774987690872,73.5116800724588,18.592448094877074,159.93947621943113,227.70864980533045,123.4511998422396,103.19662838471795,44.02592043864004,128.80757248523776,1.4508999262654136,123.61357960304625,125.43383607573395,73.10006267854814,53.84349572164524,71.57342411708404,239.43619005824507,218.50948950361123,68.67153430032953,162.38849928111523,38.31681897589003,49.90958161377494,169.22708316433287,17.038576538819598,81.28235903365649,82.80588148933093,107.1080500402805,207.44863510163114,2.203486400427045,112.18615047942522,18.667896231344496,72.90636450023644,35.1165467627084,34.16602319526263,27.131497806829746,121.65808041357096,112.15301474250275,70.93525144553172,1.9458255518883119,13.851224460722475,42.38900423223526,30.518884548075174,104.69117944881394,33.524408186802674,134.10647133015686,74.36517755401732,20.487666386471723,3.139586553277644,160.75783063995104,2.0560557350507187,28.918367311872533,FTP-Patator
117.89234912983252,21.966945235096013,60.95260452086012,155.53737338412424,20.084509311570958,10.07910726448063,4.128745558743939,103.71588986582432,33.443851484852146,147.8071898356444,99.35895155940362,13.592456721834797,8.446678638994742,106.92544937550801,95.6295002091346,232.4673305852818,1.7006074483830995,50.50210882737669,8.451847581532725,71.35846699071759,182.07602778020163,70.57734830953652,139.19583809517314,170.4102078059118,11.510969392323915,34.59193290471707,88.91538247878059,112.1751102855888,76.68640380045524,6.807226924862103,102.87689914234805,50.16850451687882,24.83251425158822,7.8117735236016355,40.02358555267752,20.165290512925463,102.99722747769357,4.607922163315134,107.36886589177526,8.108254290082371,48.06479414882414,253.93816227828614,3.989438375171192,140.42395662615888,13.418021067692457,51.93587456378881,167.33639461525235,58.945239993871844,158.242797402364,81.68370114309812,138.05987058996513,43.615544150748505,25.762048551099404,6.963345330010817,68.91644570743355,68.36342822863877,27.37292521667607,1.4270352949388505,14.959795751878804,9.782717470792267,43.60057752225798,84.38395096417372,39.2634115650968,45.35855235092184,158.22231667464777,5.022769916568044,47.95075480016086,72.89411945704502,69.23507742337942,65.9039274888645,57.41006752835983,53.64138998913434,103.38810549242086,40.74601072916016,90.79623136270489,12.34798091645942,12.428577716243629,21.138422981796896,FTP-Patator
74.66113646021572,32.55778167870701,227.58254276476376,85.22246429973241,51.810170202997575,52.920100981151286,86.92869869886438,1.0867137034972143,13.735247940703601,291.8173555060092,18.414581568320205,113.01787294846835,27.30107174943857,207.46400375463682,9.195678260426586,1.6025282295160426,79.46003829452114,97.36222494278469,50.35696189077174,15.0614014629933,76.6120830610671,112.8062554807694,30.98947793806345,127.35855485965992,41.462690057186315,99.51739598992374,54.96831862902597,180.1430099266488,130.15879828033312,185.30184828975692,12.48868853500674,1.569779595775838,21.86593067572977,44.63205152343449,20.06392988254318,36.75104105406022,104.0430892644839,195.50487703182827,36.89394390314622,21.38087939410634,91.7976104610736,173.11696317672997,63.5409880228737,4.129268700728284,55.602209684229074,59.12847888018945,184.6573047804417,42.865452691653324,102.94405559270405,33.68951267851386,84.64343014589785,92.56722095027217,33.07748960230527,51.016081365021726,14.945608966330953,77.07502096187874,238.1713531732546,82.72361076574231,115.98399663883443,50.596619898785534,102.58681059694763,6.233134961912296,10.716991525959621,107.85127413645972,17.529452990401285,39.93176017191309,36.039339501808016,50.42878533842724,29.096473013744294,50.70086592700558,51.39006266488432,119.8951397993876,178.47750391850948,1.3450364619293007,22.485305579485193,92.87920814524587,293.56579023277783,107.33280322228956,PortScan
42.88479256060734,41.58368362860605,60.02129657442777,95.79320552156841,180.7608507769263,50.61576554607123,105.60307999666676,25.694512512178154,30.783237251388496,206.82260415058238,139.7805478424297,120.25765052252275,17.991436954641678,83.78305352294807,10.199471663593199,84.24326301263264,75.0872779401332,65.44310271056212,97.20569657397219,1.330463537863531,59.98220233198494,155.87869950238417,81.93732681394064,42.388948244398605,96.57826328639592,53.857367329662424,46.67588119514405,148.2984431982418,81.76823966051337,113.38303568063542,41.24790118879367,73.86974983295627,162.70049208667487,202.25902305694814,125.25407310292307,77.90194215199855,27.242139665360988,41.7465089821295,119.10858547734769,81.86050266600786,109.2106783982426,54.79053042069351,133.58624041686133,72.41365593144972,129.07584241224282,258.7908973530685,119.97252650902135,69.89196850807889,40.980124379353306,78.33587105240312,147.04895512312507,126.27697756985641,77.58748231664838,7.896404566808451,64.10812665383554,65.90543439134197,102.68946182579144,59.957754124535576,161.8787639660868,41.582662945534295,121.68967103401671,136.337651353834,60.51562356059974,91.041849968557,157.37342165551064,45.668801073039916,149.61588131646496,91.82121665097915,132.27444668851356,16.91226856428164,7.957353494216584,75.88244161636094,69.63228620803234,27.87998123854607,20.866837122046583,31.26684457323573,85.7898825291343,55.35695310677933,BENIGN
25.730000061778963,108.21123129931406,12.903411512978376,85.16621743343933,75.89706989033448,97.8740836309766,27.24100166036872,123.3724278336193,80.50951810305088,18.84757610181029,65.66893456274133,26.030904127143756,151.0041211985252,22.05382291565374,19.370537980496206,54.028794403569535,22.328091325537056,119.83921249520452,108.41982440435427,21.030304022199537,19.83935171774867,0.9182353385138937,51.77574472222197,21.78023397487261,47.55884359285824,174.68956913455548,53.87608373460957,25.494697040358933,25.617060569427814,119.33110059271259,77.17408145967823,49.7961846817842,51.253411064655005,80.15275901045416,34.718649511226246,77.08022199879711,105.38354953643456,42.78143951529032,170.19022300183354,56.133799644220595,32.9489300217986,167.48596729140647,27.4802304752688,220.12434734509182,199.888890686125,3.402958634668099,61.377085578990865,37.54558576272528,16.75701058009903,116.22595975056669,53.95912207371316,89.49105560268252,163.20148850264172,90.49478329380662,180.70413949318163,27.484530066979225,4.626121726634254,11.410149222651992,6.188335288713521,92.7553330811728,19.024084441321566,149.74466686057485,136.32289751322503,30.3626072898001,48.88861190436912,158.8940328444083,124.22465335492292,112.55871140319691,109.62203248685651,6.787138169948189,43.16316296375973,73.96754681178336,257.1995317494969,224.94324542007638,60.873558912441695,55.71305725722312,58.641514888877346,61.97721282538776,BENIGN
90.87696708079733,168.45248346034518,84.22973270139028,2.319597855737482,135.10157524870004,151.25289652988755,133.07051313309262,217.79677321946878,69.94145401232875,16.16985267047529,10.285857793233408,14.934191105988045,141.10568310660818,80.3154742614022,23.962751823899794,73.30542814659985,189.2762177590052,31.149085879778987,118.7765239917527,39.73232525513619,53.436489863638336,9.109360625591318,85.15399797793188,0.6273156184418285,153.1535315243643,115.0267395898296,20.528401949625124,111.8549944255326,52.6531687096043,52.35759884065829,76.41867866378465,87.61739316930753,70.94311573284759,64.45954324151765,38.245239766929025,197.59632998916197,57.03140677864661,117.91082143628482,3.390272368233751,119.04077356744902,92.59751007146167,9.107586035302722,17.759599475873898,65.58921377875826,96.39069340758624,2.0098751769651644,77.12002995492907,177.39696161121293,68.604975703518,61.72122466479616,10.705745299229676,34.51468811380272,68.7932972051428,61.29832712706895,5.704116685294176,118.39874431968893,34.18252139549665,6.003754168856451,60.194444193517704,63.32313967149771,85.06132529519478,54.10068657828994,75.56658387443146,22.18882712922687,134.97730693812312,176.81692930597833,31.996519114516303,140.69434005131694,44.18489272408239,11.088638282841785,170.45920932973772,110.81124582588693,97.60407193559466,139.9486426972343,62.86543050745702,27.751361886023346,103.63092473737703,20.346114108030488,BENIGN
3.658997434293117,65.96499980823705,109.01834710204467,74.80960646216471,196.73250642259944,2.1244779276242127,29.353752996864053,24.941768768504165,32.6673247509044,12.47520996639345,151.54448083522476,38.17341689625093,37.33684250030844,50.01978170959958,16.985235767773066,163.67399618306396,18.330070952619728,1.9794344520707972,48.231357093630294,109.89833574419647,195.9837254744675,45.06130494313883,8.277290378542574,3.678283317423478,238.43067887857455,74.51508642848174,13.416641599584352,42.83420506607249,71.14621940837048,38.44568789770916,41.1024936503173,102.1622984073039,37.87598366030933,208.26603221097977,43.08624190150374,127.56826599957316,12.854629325195685,65.16751221564157,219.43824698200243,159.94709401137894,70.3142542220004,53.32073178993125,16.540366029970425,138.20175686924375,48.36171395554367,84.17807747840126,105.12200297825028,253.17693162508138,22.7106007780926,14.17575540275386,13.556341641470915,72.85186435145363,63.76058122312086,25.876980524392163,119.55313880867094,151.89697808133147,50.45818144773902,62.653836333694244,123.95622860802395,150.28706086823894,74.59421264756013,66.15414425152919,75.34194635024308,61.453878369109496,85.63485182812039,61.163373669455915,111.86323341542118,1.3043374376952133,17.925102535691178,11.000549870105147,129.20603343265228,74.91717266032418,131.5508290940104,21.049629892150364,16.041938197534773,250.09004979342814,105.56394897985963,35.3685759567006,Bot
123.24312391640002,95.24619705361694,168.9188933651679,166.9922781404639,122.39487531460047,19.762046779596563,36.52409774898465,167.11697724940652,203.58735351817927,46.89780781484677,49.19569048694831,132.80568889869676,97.2764516760001,40.66220342226741,17.26291342908347,63.8677139880301,6.357353918612146,145.0927891111224,7.557637267003782,104.88641418753622,2.9216405853985243,77.5115121589086,104.55294856740531,2.626079326985214,62.45104550885774,74.69808401047098,3.1491562261995774,69.00736763366126,108.77104261578661,69.16185751213884,27.31184342936442,99.82122585114053,0.2786110666901238,53.309040201583315,34.406395670422654,37.453415075025084,97.99255747822446,195.733858913399,66.81430483277668,19.337945192415905,134.81770454274903,1.5682236471624342,190.02684243109647,102.30565552522393,164.35415091205292,39.11278769327262,116.7509822986446,72.39647304677874,64.43402670219842,273.91402061374725,118.6145474042299,154.0323979819886,55.317724534727,25.395170639723506,75.38621136909615,38.26535514774916,112.49325453032408,174.2771973881041,40.94385306422523,27.667177171914542,11.339439196668936,45.89940016742909,18.820243877282113,10.358685340578061,21.38751675546389,97.03162017882813,41.87599601274965,22.058353773736076,127.09517210922827,37.85797432131542,89.86691603391742,3.7696573123922903,65.95314695891383,176.65118003276336,103.86060692088166,9.315833769974233,51.09891701957271,255.35495960558984,BENIGN
16.838492247285252,32.60124958168492,39.03661943953757,15.390522697468759,32.03850594367943,177.93989305072208,93.99678291500665,47.66510408005575,171.59076311326945,9.752538374562343,32.78110735741233,95.24781569528054,81.08939362002498,36.681404328544225,74.04901063321586,86.48244384910113,15.140304795173263,29.84518139814398,78.2598597418589,70.70323596107849,208.4712921231016,100.79116954282061,33.97590076475238,23.160747416809183,78.64062119958164,55.95462852894689,283.303029014274,135.9189494164025,76.05061195841427,174.2947530486665,60.75687917795559,156.81824295273262,144.7796418457866,93.86400226789446,17.611243395986264,8.298741881250997,13.09258051261265,112.82397832688376,87.58424064951102,80.57996548842047,101.02745868360157,4.436145551156163,137.8467355453808,67.15122069805457,5.47783603388251,92.24129848439533,0.7362681423567135,147.8546936998799,48.763342095496284,143.62538649281177,69.39232331912581,71.65893397596517,173.0262730484345,133.38857455005729,249.7415126419854,4.600638673634095,64.11142602246449,282.4330591003046,131.89684983025109,2.0106466869098387,17.962227263192343,134.51476204524147,35.973897512678846,49.863389578845144,95.1184370387956,34.18218202461355,100.69273609451442,4.7825319784682945,56.41961798604866,149.40377932897505,125.51457883749038,49.76725234290394,126.81368049753125,16.825913448754154,6.837156596765875,174.64667255790337,33.164766712576274,104.71575686902645,BENIGN
171.10288091907876,52.39605120767348,39.989999010931655,74.51677703173505,10.496770756362395,61.279074158328974,2.549412858519966,21.71588071368566,5.837029081789565,60.38589312369547,34.32059268430377,208.5792438905004,97.37262308523678,29.87977803217619,77.34558440334301,189.87349813552387,8.701648039238655,103.61435719751968,85.67374214704584,39.80482165092625,39.45799854842193,42.57556046515905,45.04957237780347,26.175829022109454,55.59414516458422,190.49444540106387,43.38734629791891,172.21550978081947,76.70674554003006,60.383829749318664,44.79613384499751,121.48061358886433,220.82807762282522,23.058639852361285,13.585942408165689,5.250506853865217,14.487856194788684,4.3040870850387645,102.28414715507641,19.044618592921676,57.408257708726964,28.11254848880863,57.93467597567757,141.20268785432495,62.81437391691783,9.893378702888372,33.835744193595964,99.2578006728823,2.041716721291813,146.56738573420952,176.90503037393987,36.6746407892257,38.38747413307828,20.228040762121914,1.7894977008350053,97.64000486637974,4.525430196433647,123.31013050148552,139.09723580014006,135.59703448599637,19.578527096858135,104.22715880472484,57.042117336079556,33.143137128150286,51.86667196212101,85.32015450515544,2.9430591677552185,51.66444459359673,98.13259365174648,140.48169439275068,10.720796204013364,31.884635549473124,62.643467245394426,7.99084526625497,20.50753392346299,162.33825299412433,188.84369396142566,16.42419850320319,BENIGN
69.7586970339199,83.60916702196265,30.800990221734093,130.28447635247454,45.2067838259671,35.59740843858328,2.9190503935567444,69.79740301300976,123.25403112202802,68.4491730612797,45.73242810867655,209.82214745467468,13.808233466148176,59.11361179239325,10.697146985848006,194.22455947562995,174.72216669652556,9.4621044669358,162.5544033562061,250.65715705367165,29.746205311781655,13.949779614745886,28.483693774220136,10.619409003975315,309.82994340712577,25.817513803143438,51.01243612500749,64.9364819613881,29.523257504060314,23.82336750556175,41.051848272973004,181.88985322003248,117.71849631843389,13.674664739923067,230.42119359439667,36.10092232525697,270.30275644050835,23.066166663970815,110.32175720536581,144.19424019526008,21.896391585597506,84.18216318681523,243.53123317828883,68.41632086089545,81.4756002823548,17.615045188769212,124.98203395893641,26.52375404702022,3.3719054901053243,26.859358104429788,111.48221873524142,119.69109487613522,59.689478473197134,167.44694604532452,10.902341996346381,3.4375309026460092,16.058943317175977,136.21324036850794,23.644883673585937,11.961962436877133,110.31843812330935,82.0553502887897,18.430906407810348,42.00277272941626,190.46746934654638,144.44121950550874,122.76799644560572,59.127800936970566,35.83445110760032,119.65579286166866,149.35097782531435,212.3947582700665,72.09969529056359,54.51862447263219,292.727009247333,99.43550656308734,92.14510234289213,56.53929702854015,DDoS
24.313465513848907,47.02033387853113,61.2332214002512,97.85883899886544,138.1591718463581,179.82147394091075,222.35741679371966,51.80690194750568,30.098031239322193,63.14370274831833,124.3405797187162,122.8030209608135,33.48029874445019,179.3921113191963,56.67051080550528,59.98213939170615,65.7134962278058,69.77189038982449,65.34628957248071,38.654161589775974,63.55410988155567,20.832250862559214,36.03687159048611,91.06450871824899,127.10653260070335,98.00623018406142,161.7800613815337,38.07780713650517,81.74081344143399,32.1291470757388,240.36686011005304,139.24559414830674,67.22934080404022,150.04765491630016,147.87771238462858,167.22659040975276,73.73799034979585,83.41848487326237,226.60520941492828,35.077820560155416,22.771961483575286,71.54930967694852,139.90784281844753,152.02867922406097,45.09626347764769,100.67300712270648,157.1152351117883,108.15140862997413,3.7541841486821452,109.18053390746456,7.022036151761657,252.22779174879503,15.196738231603888,106.014381867127,89.37460190837143,38.79649689074522,17.61335035509783,289.9513879868482,167.13475754374764,90.13756798971745,50.57354324727989,8.670113614820872,125.76190563593602,40.60561224280809,23.492427152097463,89.35150925192802,79.78507013821388,187.34413039546166,64.58904202758924,109.90447515548726,125.228366195664,16.12995426626951,64.41237678501088,8.198881382471937,175.23770951409966,86.07291633953385,67.23893376113824,16.6655817359844,DDoS
118.0989905305672,40.32745630371718,96.67018907026598,79.6064137720634,10.291739052323722,231.40440660001053,167.3441885622985,44.174673637755724,122.70345970488722,158.0603940809169,124.45651603552557,223.14989110277486,132.08783553773176,77.14017949037665,0.11099446872931465,154.44338482482442,49.28839718518698,83.36032048373484,60.11265526688469,116.59165202552228,166.67634067891976,149.47561464496442,13.659739558875236,2.5385277972271716,71.65734884241051,80.95944359718858,53.08943142159494,85.8139070934016,12.313643535226761,60.258026797834084,44.56503030299945,205.38186900865955,81.25457701219858,210.52974294583123,3.4887947089408566,137.55108895687428,136.80793504886012,12.590138839495902,85.1124098380238,122.38559185425932,33.79555541450252,59.22408448128146,97.57133776692501,0.0755507454595548,68.5857818608419,215.37305737914613,44.69817170098519,63.85858251450301,165.33096371785305,62.30873478890951,23.98577458492966,48.63099933502216,99.84408528767183,162.32566905280538,199.13704184169046,39.29135105482163,159.04035685736386,56.914819867253385,79.71135662249807,4.092474872892285,43.49410383678987,39.39866812431204,53.77681903684838,30.638948207341404,99.8306775291055,51.87930174517212,86.35282425215212,17.146931759039095,115.26481032616924,121.74037934969519,46.79504221318517,117.02807063967748,111.40813582330875,63.093083373779,94.2060183574245,54.79958187411378,21.415031071118875,83.71544863313845,BENIGN
32.11590387057024,158.56257067695927,114.00678464951604,83.70901336150396,5.872042710462872,44.65365069407115,19.96104184027828,109.41795475214755,47.90031433927589,86.13095796971079,217.85621739916618,19.433346333823323,14.734022662150622,96.3925423055571,24.945094593007223,39.92281929393271,249.21839986006867,27.512142825504665,31.776089401739583,11.65785120124638,107.15159355810387,150.6534030190399,196.55558914765052,58.71152706201476,163.39229590592873,42.48313475256384,50.24996961292902,89.07488635522635,142.68265767813423,6.933716171534797,86.25434846151703,169.49734385166127,82.02323983059841,81.73062037383262,95.4085102156628,121.84802148716865,220.2013924659616,35.60920486190552,10.95715800778581,41.64384332480255,0.19768447558107757,153.2873355636312,134.50144839306688,86.10496721655755,137.71809365045613,102.00365069020899,36.313164681707796,85.44020011207198,34.12158424920332,150.0274609000988,7.450959382677262,102.56321138725824,264.201191049262,59.80991550474663,4.932816579484363,72.24469852209793,36.52808582038849,238.79677055247322,18.00710376959815,27.293332022551287,83.56890050200361,109.72201916064384,86.71874128277388,49.73543714140932,57.645134512242265,150.85559682128564,18.497057507315624,45.27563520766945,170.7329809559223,77.08188027286894,127.83526288023243,89.54279609250418,133.65685003149198,133.6657357758983,154.86392950240366,32.02165779488289,122.1294945685148,13.395838058023532,BENIGN
9.5111647700766,33.30376190537617,31.039099137756548,154.78015563090312,26.425476360733906,4.033391021404375,74.53607240778759,9.35234964386097,16.270370156909177,87.11930300076307,7.215323682176132,73.8237230816162,114.33389910838608,8.747375368073925,23.30429515294839,71.80647836182644,58.785630490800024,23.061084876621443,113.3421018292623,34.99237152493925,89.53543736592,106.28536930332164,233.78277453882998,86.07568017018197,53.42078623746747,72.67419048820193,104.09541737977894,126.5258409085215,48.058675842771265,87.29889668893527,20.698458909836877,103.1025275147307,82.23504708957536,83.6980354439587,55.19642593318276,34.409802826233296,11.447237179886294,14.775590740012854,76.18246716588487,21.03671135408869,153.0334564354411,77.80947858327143,117.18101432738447,149.80976334877843,81.61549890280439,145.50546050905518,30.19609001717647,54.740752276687296,186.86032191630025,3.4807540499832204,80.21994080351791,114.71595110117114,108.99049590908302,57.11839740841865,4.382879946042826,95.58027451124809,48.425835193083024,4.592882874016064,1.6568409822520076,68.33245115160919,59.07443355103258,22.01137312548285,6.3649061496517705,37.17790115234884,147.76124069194447,25.760085739812936,189.2191760833068,88.37191406910628,77.3029709602703,87.07277716437414,72.45917787231225,44.84854541964401,15.85376924164567,91.80190616389649,9.237679163992428,156.46221273358043,14.342656685749322,87.15243860879342,DDoS
125.11991366336778,153.25182768296636,157.94378916948594,61.17596395045849,113.59478459438219,15.39976651978317,16.195481694132745,43.84126994966452,88.39988567464407,13.249714349564554,38.14894148240928,132.04934434050315,33.748207472639905,26.330780687791616,15.702482844470781,121.01609434141578,159.14003677628043,87.67141863861161,96.41558841719787,30.5444702441682,172.91828895034203,195.29173824895108,6.109750800586814,74.87997960200538,41.68015744831139,116.71207880032975,2.305055608546619,127.85751679393744,108.29999385168685,107.63811874020584,67.37901056594764,95.75371632797675,271.2612563810438,14.945569316498878,143.08312016246717,47.65538014335247,29.882008902920415,35.82443779075079,55.22612521126086,109.7143649628814,229.1911266818686,186.74620041613508,116.20658202562831,158.21167513035672,39.94654904728529,12.918747333171046,6.327395989691587,65.97486412539658,98.38523436061467,12.58865305766578,47.65514232192414,130.45894438004726,89.35950137191205,164.1380115602097,1.2223548415169465,119.66655922843958,26.556051251854125,137.0101853610371,119.92995729215856,3.2276894102617812,8.708472614314992,187.9874549421008,52.075612035871124,32.78064598765229,142.6018117120452,39.387321816474326,82.93237725828624,63.16515245136439,29.12027551380325,36.35732949150291,18.403239919900273,248.78220575623314,22.17814037161355,96.93693024080542,63.14025555665582,5.252636821531627,75.59507066919204,36.04416762927729,BENIGN
21.65231975361736,93.92415406820068,133.25514676651278,92.89320135322151,60.49067639281748,49.77883094177774,53.74120028203807,64.2301235011176,169.4255895995078,100.66065410326279,56.96989629257314,35.78279334412669,263.78817522602003,30.187338072101177,38.63224754471755,220.5294372755906,138.97641339463556,134.52096708086026,100.34389034995034,33.13522990878492,141.64117917002926,77.32399866657592,15.783750984025996,30.8292063638821,60.038569287110576,13.965368956535082,7.333674477813668,96.87698956813533,96.71781224389495,49.39773822056448,36.23475575461023,74.18222943901266,9.19684662030466,108.1914368713133,40.328779191093865,8.452698378432453,91.02157836647453,18.352817215715305,120.9198711239606,5.674168329681941,11.345604005655238,18.583762890275306,91.98715159544302,101.89232400898985,59.421087238166656,61.61434580489434,104.01987109554732,69.88156702804763,144.88201083377155,31.50819279089234,24.14305647249931,146.6782556898976,50.55578532150077,43.623570480105506,119.09165059737268,67.8728069279419,92.91363405097583,113.40201859349581,34.677157676671214,58.57927234486902,22.159969438503932,144.09816345249186,95.88163064676725,112.7686294516429,194.73424741408144,97.84578056665502,81.05286298216264,85.69755369827861,6.844649266641564,2.8775564080998586,18.50976494212187,121.2129204233486,123.95880125250282,60.78403387350085,110.13301648895504,71.63400805404106,232.46989143234177,52.89467627246989,DDoS
95.73048225935312,10.609063534142033,123.34060763526695,0.7688995721369474,38.787578186246954,130.6072203871629,49.156193901893005,141.2725758900556,51.68468831738286,61.90329465885325,139.20387515870914,11.11293752965121,131.81970672340253,135.81749214775937,44.32634648179029,28.857511715410116,11.455942747251965,8.40943882501965,69.09109573921927,44.48068381704903,13.90286869531256,4.512289032405166,92.58899038911498,11.366668908143538,14.365952989711813,16.508056500304612,3.175945658145075,7.567354061338613,43.22951791073302,127.27147339712647,116.94806292030167,72.09701084698963,277.9963624223556,103.799135498923,135.37546747097588,73.44767450012178,207.7119853773874,23.52739099724389,214.58249250764885,154.49359221534004,198.19644857387132,149.91812019576983,89.83595683469856,112.47767199858126,51.25887969785088,68.32124040010689,139.02553275119897,178.73464144298254,24.633528117984817,230.14717176699867,82.08789224096867,42.68041949352576,25.893879657839058,18.78594010087195,111.88945979306692,127.44284266875813,17.167365392478334,109.84848760518187,35.76613666310894,6.450597286257172,90.65441571099639,7.225204823791581,205.78111770977623,143.84111667945592,51.51708990920177,12.65188969539503,43.94526904579906,126.7960487103089,2.439856723615665,142.22296495062074,84.25138964550042,75.49587661419645,194.1858659379406,0.38041336707993834,159.01418306802978,66.46510975020625,90.28089269627998,80.92646982419858,FTP-Patator
11.683017417218378,128.55910007560277,88.00659629573423,143.38058239284143,33.011379047094366,81.40106692915558,36.56770825305199,50.4270748038384,52.1449399059529,133.69690735559604,8.225369967145317,30.645086296334068,43.77373224043246,18.198988262279762,43.94860480085117,9.830984745437602,180.37504840924962,33.147089633089536,36.4561477355457,68.01734763479509,128.43870360725143,147.58791505039653,49.1445510894402,22.90810309217097,113.70328831474875,82.18148284213459,130.25903967862317,13.766194086804608,55.05870670007066,50.96892312246561,81.43981874463238,150.08430302803782,135.28005348967253,46.65740712027766,62.86702470308604,261.813319869228,148.1580771551368,133.94697749577563,13.519034098738588,32.62337044413596,134.53354874152416,28.11640424645573,50.53371476473485,52.78393499155871,189.96702808588813,12.826348048383082,138.33407769716104,90.1728697140274,78.41464163534985,89.80272263244584,76.60452024003999,46.126705049830726,225.27933947313392,33.59681734405766,27.284454634013073,97.01750825678592,109.84092179625526,61.91229482499316,150.65252580391154,100.42905634942531,118.1981996068219,99.59736788464457,69.82618487513923,12.417568474461344,38.07634038618044,126.94652660128129,16.83004231716427,59.910333186359466,120.77593925433523,80.91127907313788,84.97209214776963,48.29839260728407,53.06831230100478,66.3436157219488,3.757485933586561,31.469082878809246,12.936800670381851,238.07391055234973,DDoS
182.9681815208083,61.59670060468382,103.71814056490503,91.04867035315213,24.402835217113434,29.471925290230157,69.32176016587042,202.76772716708487,88.60402469783772,33.25793798498749,70.31401972360493,249.84304837214947,22.800572680971786,140.6977462103989,40.226807720129806,132.099578954071,10.801412097950092,90.66485451542928,95.79939414800191,66.35456184984349,102.60808441956245,38.142561753434194,99.72655676588727,118.18900425588936,6.644897530945597,35.80794461793189,122.72738220812627,121.0160502980885,43.85792909210054,137.00266273644291,106.53762722596028,25.804551561116153,126.85832356474694,49.1412756355527,122.32202300619299,142.46277320772433,155.12452664277293,88.22864925992157,76.15878650362198,30.601395435740887,14.54272174057594,70.37103993314334,169.23465724632047,14.432647172603682,270.33480471073574,33.935581275622035,34.815739681731316,7.492655611844788,36.86193657856996,80.70464166066873,111.96877785533812,28.305316225865372,33.931118713815906,4.133720480917026,1.9599616577628294,80.24300398648369,57.892864857123485,46.00423238604662,154.04412397766734,125.5349780288475,68.56749175901302,82.02983745089647,95.09533830944716,69.59321009408497,51.66141987601078,102.32532233755845,28.004534269740443,267.45671281541405,175.0975574405228,17.749188377428318,8.244176663484245,36.931877015818884,157.94362987175987,81.78918421385055,39.12093272373939,58.178177062836255,1.6223117595941239,115.68337810369889,DDoS
39.739702345923426,74.74556539582122,28.05020534116174,140.28661572078548,10.813899039141676,111.21006192213385,68.52900847109679,140.2009325919122,30.28852437989931,134.60997945142577,19.33042264479699,147.1585082569894,2.185674744212368,70.72313738042767,147.51123643098555,19.34276285812056,21.838898754417418,128.88634252063022,13.300316393006359,132.08922825061612,214.300705458491,46.97644643371368,15.875605093754283,115.6006669451127,60.84939037312018,100.78679132221302,25.373729677483315,179.30763979123896,28.790607686792026,24.50386643154059,26.99518968251641,154.3450943185747,159.41779562040122,10.353815394917538,143.1152117761741,26.003625018044474,88.00119816907639,26.91809202551599,21.57871263282196,117.7761457991358,146.97842587874956,62.2270222893996,184.02663847955685,132.8166053957333,50.429801581262325,60.78238926156243,176.5387587029974,174.09414865969907,128.94805872096876,5.844948070564989,91.26203225404404,42.1716933003097,5.96543119921916,170.16658582874163,80.9724835767284,18.780033804252202,78.71740699869963,20.335945999876774,68.17434088151417,96.25028858001016,122.61793578126834,219.66460549789542,76.74793445541306,0.17141536690639572,108.95365830766406,236.54077719999736,143.87201010568697,22.526264249135362,237.84316598733284,19.265153264802468,36.539424192514076,3.916211544275943,65.453357099831,204.95145161883252,37.35336834117687,145.5434483915325,59.101845573343205,44.0059929023145,FTP-Patator
156.81443134200507,45.72130636925139,39.3382297744657,76.24179506029144,76.03636412161305,39.361158203300995,38.24333156925354,131.21632011955177,39.711533156785286,4.1471777999147665,109.90392245318591,179.66652016750172,85.34954800613416,66.94369136334905,97.83079498224978,179.84800871381174,55.290522859948155,93.65920062436422,110.62315588599687,20.06986942888783,25.72534211115017,34.44772087524527,74.94159869569734,33.776609905460134,54.50872299955903,181.67556295751046,126.92911052431042,153.6156772854945,11.131884879780069,29.908573402110587,83.31577666294346,63.024929500443626,86.42483846986366,270.75438553811773,71.99895332219391,92.40628073410655,125.35060123717616,21.495483807895113,38.57499681816948,70.26599984993058,24.08767572004076,66.56934648935469,36.901643782516715,12.42856948508507,93.60561679360163,77.69367029315165,3.047641392062887,89.72530061612568,65.29501558320808,54.97893596380333,31.526633391625573,26.80504275897533,71.51743901280584,5.111869301537766,1.6124787900472437,14.330630500000371,51.590531313234,92.53922576429561,175.543789731071,69.51493580768724,47.31454532677869,70.29114380395674,23.78070374259397,46.64312874123169,52.06894964226687,107.9532852166039,99.70593564536414,112.73500893554854,112.98498572185598,82.38368696411541,119.10906831461917,14.685352125530088,221.9777947451851,139.96815047326862,24.936962517248123,116.30426502846018,41.342377063644136,3.2396213683578727,Bot
146.22546040347288,29.045391622778904,107.25417995727588,142.87601620367704,143.4309669352076,28.475459338556824,196.32891478389743,46.08248654038653,104.8399887813541,8.106710543541713,174.45838700752486,85.98335614674578,56.827337715278425,108.63807112058379,33.33698512608781,249.28104993953534,49.91389514703656,119.71680272478535,80.75913400982961,22.347250523693916,104.48363139030712,178.3922595201769,168.14924574180154,88.38688951407293,14.7298000389084,68.04940477640477,61.494463903137806,50.9683077242329,81.17055716132656,33.191844770788734,293.5406206388468,102.79237650107389,171.0603354436514,39.30902007014615,156.79882655602674,149.24622700059928,100.1314654197967,92.21889054316274,95.46181019500601,51.82189504454116,50.618906108533615,17.951457487248014,89.42327745009348,76.63225247814263,26.454589870472216,36.57599860929155,194.15678006202214,238.49055089505825,34.61173287977227,49.201428056689856,206.42201348524108,15.809487586680993,81.97397172580948,19.54726435859738,29.722722158508635,166.7256841749534,212.39928181256354,41.36162575716805,213.55867300773662,28.20342192093425,165.0572963232848,62.92121495294424,3.2047494163713512,3.3524702388587526,221.75910793587707,116.81778278502001,109.68750793839861,82.20660780325274,87.2153105684055,32.40364427065333,82.41028968557058,16.414941272177394,120.19316695395432,0.8788442632071821,5.786404742675647,26.55926332624114,68.44504776364279,42.119881661291316,BENIGN
97.64313771980682,113.21491407160067,109.89162547281938,68.74267551265042,8.854421458301271,45.38914161531283,89.00577324754597,60.72614140860845,20.020125430036984,139.92279500711592,153.91423458106505,157.23982102703272,28.21257769339113,123.07029049844702,94.89528277686782,90.6902874722061,235.0455852624361,167.286820189853,86.39798490760782,12.653257974705998,91.03243419282839,69.51652483301405,37.563366071734016,130.48168904329492,44.16625641860607,143.37300248102284,83.74057253154913,210.68891146260808,142.39581121976067,17.852916972047787,196.45360381029246,148.11457246217157,0.23689161328080566,54.360689609305254,199.2036635959309,183.38965460243756,86.79224627511536,55.713761840348184,74.92825568794514,59.74788580244034,149.5541536498204,1.2298449308057613,17.28456748141109,43.57644969706192,44.23168681644852,75.07296070055988,115.1997547579143,10.908297034983185,38.59700925688759,117.6644943900053,92.80906109910812,177.0481137776078,57.811345871564335,25.8008536197609,63.62237126519298,56.50604735511925,187.1074482308114,85.08840890388987,244.1221722471914,43.71267797310519,9.205513731199199,47.62403533876659,252.99277492519522,99.3593003931448,112.04179189363892,75.4866196571921,3.2143146964560896,172.57711248125733,2.233923931860801,169.35471334136722,15.140739062477756,29.26854589752769,61.81604486836274,89.85117045515645,82.58327732380477,184.6395920599248,193.3359747714357,25.675079866178756,BENIGN
1.15150880766451,103.06598082415594,109.47985022273252,80.59917310594155,52.6555133136702,132.23474346832955,40.90649383340571,66.66278834568907,134.9925637861273,45.51989048161591,134.72539175813492,89.87998102438375,55.10170602262995,73.34820666782794,30.082595603229866,162.73117279473155,18.69902097246643,4.427331984464883,72.89592500331622,18.901429768247414,18.02948805034444,81.48681489093441,147.62625440017794,180.55744326868154,63.32727047102726,9.676010318688933,101.08397350203136,352.9055187570484,124.44864498888657,44.98272137265099,70.75522852941063,53.879030457671085,72.02120210067899,112.5654967800585,4.129136178466144,147.45026870482357,94.68075665118705,5.500293603337463,42.243497290143985,46.61886119462229,36.720393421174826,28.75639051673281,116.40506324058255,35.79904344133358,85.96135138784541,89.05688105910143,210.98382406256414,133.93265894799998,68.6538753153769,116.33760551635501,106.87923213942922,128.59997065164936,108.84112356728457,256.0502959355684,175.09259419271436,3.1518513328104154,25.73731064173494,63.084640294718874,43.235271420033996,71.71819007224714,203.23537642983845,132.1555786511051,2.1092747850587243,113.10672355025876,6.727746491353454,107.4661039432863,78.23539225019935,85.31653064131918,24.748054764010465,0.9664421313347188,87.89639730706512,48.06085933473474,144.65632912513675,45.98592623151402,42.96349785275087,130.11092663913453,42.89807173724197,96.47698943024456,FTP-Patator
129.9987372262134,96.0305168086668,179.41918665494364,108.31452126607344,183.85186232720707,89.81173241223475,36.77845265710552,70.25333139338557,133.2448347894566,117.11676327061467,146.4974746104889,66.84549108531776,99.80946277690353,175.4284852822499,9.452756758846837,180.60891178369613,266.6905222320009,9.715578708624777,111.66812750675223,23.20946379285372,49.88831947682127,34.214865112723885,19.507692542260212,53.74787046064286,57.84597288763314,7.749429989298792,5.8430118997488245,82.64033173305246,106.60321716276806,5.154220860765156,191.20054690526976,116.40601525859375,134.9179048888705,2.443184017803416,32.099756368602314,100.22361667029254,156.0255529530931,195.16029128828868,131.54413070498455,130.94441014026478,27.688935576880358,67.17207892580774,125.41609869956038,55.501670154410945,140.23692834238247,209.10942727324772,2.243605198057349,5.795054176271757,58.80766751678318,96.23451692665695,94.58881565546393,107.36219439075715,63.08455507908563,29.786680495686124,76.90316554422755,52.738906163962,0.5106632027225022,39.87637644248142,78.51850823103761,177.76809623702013,71.47456498889451,23.372405785172546,70.7457710864381,77.69316923548287,160.79150611191574,135.3453647621203,134.6571662610296,144.36703191662383,29.137898481594593,3.2185087036839697,87.28170831783343,73.20809514330224,30.90662367382602,40.482340880826804,3.5096466784594416,85.3932908460056,129.04607413763497,5.519924253008922,BENIGN
204.87082576988507,162.54922701998328,55.67787728433663,3.263883669087142,113.7381097628914,39.946937260218505,31.04727541807514,112.72637925541471,115.69413972294713,32.25046602899047,136.41059938183585,53.18777502893286,50.091732908585755,98.23242722767759,160.53559623618065,122.39363442378901,157.14199983383003,93.23712431819871,228.577724449495,78.25913625481333,76.63884765723994,41.38949422748569,46.079724361596746,152.23343182817442,79.79752545819053,55.51092279283498,1.2169682282905196,9.287450139305273,127.15485208922838,115.30843317397823,96.7794469003426,39.89921575016956,105.00490415534267,32.465823550251834,14.299063480921648,172.60106186667664,27.036669676116976,2.7384320403744016,195.3107198272574,68.69566320986773,153.60611817095284,59.75377058947282,71.13032269494794,11.712421614985134,23.622364626423302,93.91555697706818,38.438737659292116,20.5766993677172,160.5619832565118,208.07405253909783,120.58184207160431,93.67952349593828,137.2079187269614,117.9942130038464,73.18980692343811,125.45187023811899,80.07019475455768,205.9845001737402,55.87238369444854,15.647737612315849,34.29263773213426,124.34691283459635,77.9375325260117,65.18885825313808,30.89600145979074,210.45827987653323,13.807840841754684,188.61287039510262,5.305931293261904,86.52897561352498,47.687646064383564,167.71158701868708,146.0500899418488,119.12606816318325,67.51370564069208,171.6033248310689,271.07942990405326,6.374528550396617,Bot
87.74840221556317,140.7087194784017,22.001802765967405,12.740687238995974,10.264552853966443,29.779615622396015,63.322531011509355,38.76298326632464,193.4964117240471,14.936149564964122,236.74776533732782,35.37706308913895,97.93002302826353,16.33603549158005,131.40749815246042,94.87486952680001,106.1256258512118,43.33895666861532,175.31948020655855,36.515261319821334,84.04929855066914,68.72384503952884,43.57897296236359,84.14495141290085,47.78398507037912,4.460653218300141,134.2180131244854,193.4087745459577,2.308065895042067,62.490359465404296,19.34485749917961,130.98651694335342,7.4345329758524255,18.455144218594516,59.23295470133433,9.931381495134962,39.040873828047104,51.614403958637965,65.25282932166452,61.11771520193271,52.79940217656136,135.30691601664074,322.10163559857136,39.55988347629423,3.4271814200222224,168.08704592381204,30.972677913600222,47.5751991831532,58.96392313574,265.1828063044949,136.63894118544385,73.77367046848408,68.6567746753176,74.1073780682286,87.6697085619293,66.04599523515503,38.54932409123582,207.13771793381574,116.7741925527779,77.50449630162399,85.44934627380543,40.30658680367221,27.223672532738806,5.727041082210227,54.806692470717046,133.94893665286588,74.23863704307347,11.599707232153357,189.78872926587056,11.381253841375806,108.52222636616315,3.855516878431771,48.36586374375685,24.672442411444052,16.841971202888114,60.36457389607386,137.46112675765545,35.96808476863211,BENIGN
118.70776787417554,96.47897376296855,41.463050881403056,72.43025342076668,31.444459087485257,35.89583851794138,72.97729370341955,93.10017116324416,4.303097332128144,68.68579110122562,206.53027750406102,212.16313073302032,28.31518848798757,202.5039913676173,15.809389857678601,3.3443467973150938,8.1894379572493,99.11911129266663,74.7444971427056,29.787619102384514,45.01556339466477,10.435844943808654,177.54908492400483,147.91960183577666,13.965167421589658,6.502463118878012,81.3280406064593,84.38538774248993,174.3672602396536,15.68230160981932,28.123049221860413,148.9599409447649,127.03620463250861,115.46937667167201,236.74143640271214,37.77648875224771,129.09422194932242,40.69743663733711,1.4004967371380734,56.378787500691466,59.139472983804744,155.5198534147342,111.45323150080617,173.92051521728,110.67104242873174,227.46210312061996,20.41297688727162,311.76811292080475,1.20435529599315,112.07676506962497,5.739746378679374,5.080078861953355,16.064994035311653,66.22629821596196,103.91111683677391,168.75480552367935,24.511428437261785,72.67940464018038,62.81493997556426,128.63821369955335,25.70524088130647,27.755251349353173,93.31060771871093,99.69316264021269,68.82053064528827,44.3606830207386,85.3823087504377,64.31833420270304,69.89530717174212,62.90378612036109,11.765493160216407,1.5027750287097008,191.7348886010299,147.1126405373518,33.62778892475625,73.70293611526971,105.67249112804184,96.68071042505444,Bot
71.91686663554371,181.97717873125976,8.308932774318311,64.88819259038391,58.440097659603104,245.23699128687238,198.36336524360195,1.188043451779194,38.65862299051922,135.92975993648056,14.713950481410695,65.66240707997048,87.39897510068825,7.843924608367009,18.29944496452604,83.42713430679655,171.76721483633963,23.614240987910108,90.49620414941998,22.580674907604184,143.64295195588667,70.39163254155444,105.47044549659199,6.723030719613125,8.259257535129045,76.99687313352226,77.49628240639848,136.80942368148982,196.69169625082537,3.9144026968341876,124.97104201843186,105.649707062526,107.5221541181916,104.72764085594626,86.34372801898786,1.556308887029398,295.4248941242031,64.17271436521294,62.5916017684602,97.82549380604773,12.224300454706622,41.896344552123466,82.4612009765022,105.88001482478198,71.55129854852287,112.14992118499283,66.10250546274942,51.49387064332724,45.66976150232463,33.899351380941965,45.62494885285328,304.4656539243162,102.16352138276082,143.6368034243754,105.01865373616694,97.22982447348348,45.025338777827145,75.60040194566048,22.392687394660637,194.65252863588643,111.79276080367397,153.91972001749076,92.82199673480179,124.34282781029249,35.533819559013686,180.9267714588258,63.53291952162062,11.766730219285336,45.54670562497405,24.495709317200394,47.463348556679215,70.75918219746195,117.82528475480024,40.813591277835634,137.56340887863618,47.364545765119104,294.3048335268621,72.44910603817276,BENIGN
236.9287300811497,139.54340821991852,24.180207155574855,30.14070697811174,3.6580039876845794,173.78046158464994,1.8047252468224277,121.06745525421971,59.963999482120364,41.195299906180956,85.15910458931974,90.96804393124755,45.13028643436646,101.79114904771592,82.21656066894069,128.76052836530613,90.04484613780268,141.94556807978392,91.54770290902925,12.645921906069004,50.28687536709558,117.8865937036939,131.11622966036165,86.4069982138947,30.613455310275533,23.105953684089858,119.18747041912499,194.35288811221972,75.96730177525534,66.36463470328414,105.95655726233973,55.528049690532946,103.80125273159622,76.42132033388553,172.7963835381765,46.93464664267112,128.5864017279715,50.54897554445111,20.88535425343317,5.821272708505647,39.343789627455045,190.91974589772428,47.04829961291065,197.23444790822,46.425123812300356,60.91355190535136,57.24453061551018,39.70466698823999,93.16659668680948,39.53736811856658,31.267716965327597,79.5988910008754,24.89736552806752,31.412949645066597,31.608296112297335,31.433868313143048,43.915013370041756,83.31794312701818,128.27949688389805,7.80074184788575,130.77765651476608,34.51040968191901,4.406256740659935,183.57687561770902,138.8664520102482,14.237791251046627,38.13528345802849,136.55264625262657,63.014283014234685,57.40419308840301,10.986412310193568,18.40868670159194,77.21923878043793,166.56032136865272,37.55000400755709,69.94642468957021,187.50073874719365,117.99885296897865,PortScan
105.22111559570587,9.743411029730304,22.694246613792433,40.00000056135664,228.87906608802894,176.3236698903485,78.20273875741276,91.16173021539026,1.9918396299731203,24.788011907866302,42.83182577977557,1.0465129052729338,113.41711452777905,102.91804361279671,179.41435111986004,53.976451282834205,32.65358525345711,117.09248938074536,20.238337059869522,155.69510867064778,3.971382171963468,142.28769078115545,46.12720843178312,92.43573336303756,45.09940170293094,29.39493879431622,77.25421118422359,5.796399966830252,151.38305012448535,63.08756035961556,176.49138055507714,279.22088679099613,9.116814666643917,78.82041407971867,178.06256729074892,150.2734326305588,77.6228504724106,48.3933444951233,123.71808002890093,25.44760766453415,45.80251830145565,47.53349254274913,106.33544998303186,102.1624764399948,105.59898119268433,105.00547898231862,90.96897884083344,75.95000375161221,61.67753615197077,134.79957843671687,60.567999993579804,3.2042370680486867,118.09724836643855,115.16811090343435,211.12963340995842,86.05654038138869,32.30423687730068,36.723700079928584,42.135680777044186,62.13467399691023,94.81429504720495,30.59544315315921,123.64782865923489,127.44402278489034,9.534109119668262,173.03218148571688,224.55858975651628,19.540322128332026,191.8606333876208,35.32641354381582,22.549342333463606,29.551169159033876,55.879581888495736,31.20719320527329,33.781509419140306,62.74207344263733,122.88565502005595,46.107803229643515,BENIGN
25.062823210330205,80.85710068901167,26.43558332034669,77.42038183529006,60.26243046145574,0.1783041104608902,105.9211708372902,50.02610165866756,51.61166418714347,212.45562298290136,277.38149399339164,17.961972140563326,172.56937928147707,12.184446413245396,75.34174734210927,9.982631509976791,66.73333812164803,224.1915934508913,20.545568703630284,77.56066046023912,80.03354061653037,49.89872559791119,174.48614066234936,240.4837542253973,21.72079375284009,46.47672239117277,117.72264174512104,46.85401615460691,178.2905600065144,24.734038702515676,237.89960407532243,67.00496718155237,98.53997114500494,158.58456403858474,17.64841836629528,45.12260161360988,7.310730200893851,79.07709190853537,101.59372235635561,40.33797459686826,148.5186162699932,204.9474485669681,126.08495199993098,61.66639764711183,8.797354712916896,44.027463685080356,52.8998414203127,107.57366484416113,43.145564455988485,212.00872151201744,73.60636534685142,31.093751635109385,60.98800471904189,3.992646337336377,79.4923113875559,134.91351051134296,105.81700938241016,47.05098473785568,1.1862679180784204,98.07880084135591,73.99440513793164,167.97473822215292,34.21060396504182,191.7259148426123,152.5571708061084,115.41633847795414,85.52015077482625,26.429021015325105,131.37821765718076,1.5471640726739577,86.7975422528332,21.35932422050425,153.26839709237342,112.85906730970345,97.24439979180102,87.27874144696099,36.300428480607685,172.10775209604694,Bot
35.840357551288854,122.49998886600505,117.65332537877653,58.372213356260126,108.57477107815494,2.9796165121424436,64.01544568346118,148.3743910203707,73.48108975341908,139.92282592246312,215.29135157575158,3.0786502413415193,56.19301138579264,142.89046065117267,118.92264612557852,66.72451474292419,2.8217878937229774,136.43262441708666,66.2536033398613,82.28559015184324,103.92201639907661,81.79815444538615,39.6366956467351,16.97477679706617,84.64978028689073,60.79475670057539,75.54988831339492,10.198665459367797,144.694414638698,66.08342358101457,157.2989257072861,105.25471918701103,99.42988266876233,25.47311373802095,12.887737868875357,50.90938053115694,48.535990755319006,84.91048509902235,30.566556864259592,73.12545688129569,89.7659385275054,63.74874348250117,37.54074464839619,4.882983593370317,23.545579511111434,368.8365291428444,80.76505577467648,39.15699773560392,150.506203860833,108.00026083821321,16.279661809991254,149.50303097358375,131.2968529947273,39.39752258644024,80.22718339345204,50.46337422892345,80.31108339533145,73.1857308415886,272.19121479064927,84.44558720716657,110.1737861786209,49.19934868364961,160.6256788401958,39.495797032330714,107.29296145073465,85.33994740391114,96.53266671611266,70.43362098540788,185.204004481367,41.77830125136188,109.76109822757267,36.16281093725456,143.55709931636233,182.8405880841963,206.83757154310322,8.939527893161326,44.25892927741562,0.7727893175684644,BENIGN
94.53117712358652,55.25693461188524,187.30058309306204,204.44815571999442,99.72282874387761,105.90371220120976,110.37200137225965,38.448912104151795,6.338985203481077,48.279012406031796,108.35831031099956,33.34606931817719,151.99520059142992,213.57998487348056,75.97872369530772,83.95275580176573,137.22713166079913,14.204447883054524,67.29053320094016,66.28410930216326,89.31883472072516,64.18941228586382,102.96962396330605,48.40171236220848,0.40728371214350256,4.12596526500604,74.97454754383477,201.49012325066082,33.432705455350344,28.99813544366399,83.85006163839522,74.24867777695997,21.453766451796362,360.10851044595177,70.128957079155,87.58148246462933,53.278320932262424,80.55266825105205,21.51138001704899,154.2276627661302,99.43515198154235,90.22713999434526,49.98724304108518,54.303227928965235,23.389780045359394,19.609321067693788,40.96853437465497,59.69935884209324,149.30031044432036,16.013013959793714,61.83605662596649,145.5600479257298,103.16537745751751,140.8919102690525,44.48958950098842,85.07193944606469,89.18630221607488,111.32948341146312,65.7035237017324,99.45582357416217,76.17603706826456,29.969605666431427,157.58758095019692,4.779925038478981,72.67741378338431,87.7617356862905,33.271932958518796,133.3148008477209,24.733596389641814,33.32305349900218,129.91498205476674,66.75480803699956,71.40651179821788,117.841931756372,29.951503754747755,123.5703022049409,17.204135926547252,143.8169201145702,BENIGN
16.52400500649252,1.2521864329786339,163.72116447028532,143.1354847054427,128.55991140527723,161.5846470966832,37.26481864800551,16.64931271151245,154.2736367279776,24.34750771367702,40.41571594793027,0.17948728781070852,11.77074184609581,167.1761273328167,271.03316443348933,51.98710181019115,21.000830802258903,61.516398427858036,70.9410980586605,14.055348550243169,63.124113624070056,59.9450686321704,38.57108405314524,80.98900990894082,141.9035611367264,29.335203632298334,72.98193622676307,139.1920887679919,2.1888821164834775,31.695200698411536,81.00272385061164,72.48610838000522,5.405166284600094,12.554858665114828,95.60585516833945,231.76367886738785,140.72934434924025,129.8103903687158,131.42265757035793,71.32662507965424,102.59648174807778,60.72890151016929,146.785044499731,3.0263057596985754,259.8822900074582,172.40618108680354,69.38234538591021,116.65283362210033,89.13439016052467,20.435572664564834,29.04414820111494,44.41451710872574,81.57544866520693,60.24734362823633,104.00578907933892,101.88699570667352,22.777097912363466,94.00159321237541,38.61127760861417,101.52208918143053,10.798392072522883,260.68591631497696,19.340636718971695,5.969188057973627,10.618291944021628,63.78086928599359,5.783661237759374,112.77880271116459,11.397066812777235,79.34597298834714,92.50846204786352,45.02018916658434,7.386343441088037,119.3586535476262,134.0488641366437,31.98262778887562,14.431001943507885,183.37057676294347,BENIGN
83.35982829664064,67.98885397361863,79.59703738504983,19.18895450216474,16.055960950179742,55.528610260103626,42.7962626552635,172.30747176462498,163.9256516741752,192.27717720623363,57.70721838351396,17.802329006383843,15.51553428653563,39.82830335425486,11.758862988720225,15.140739607201873,57.89517573489231,89.63675478251808,44.86956826194842,23.425926445676556,59.89963416842641,85.33489773401466,49.419002306691276,28.384456730273676,96.25025919532985,116.55948951441282,5.883285413152221,22.093172493961262,19.112423383639218,114.97074728974057,19.360951103550807,74.458639847313,64.19471294437011,27.0267604363889,21.77182010871666,82.46503402906875,70.34921482250247,7.782143613647309,27.595145169613815,36.17238360933866,6.289386689985819,44.78776449319584,65.81430360025632,39.52835480161807,159.29640960273812,146.5210503481381,89.15434898545047,6.970426942928023,65.0656621336195,32.66475631886115,200.2427467644797,30.757141711579923,36.022603707742874,54.132129400827836,100.06293724832406,85.50954744092049,120.60223714081188,88.59707338977769,285.0030109317182,54.45824007936281,205.419384125607,14.782073903652696,141.62688593406074,64.2776382899948,45.887684502499695,101.75847772133757,86.01826383951567,81.02600443753339,115.54517938176596,72.5081044447508,152.6812663577265,190.255820522956,286.52120230859623,90.19926494431975,282.4220426395203,35.42063885087883,59.24654553805143,32.70723748778453,Bot
58.206133409301245,39.90441406465261,132.00771877373018,23.875260206343434,128.55822343616794,5.706129143115594,14.159578673988282,47.52586047173115,117.06616293176602,165.5224712189433,58.45240518374347,26.813913924176326,16.663789531183852,105.99501697623764,119.41866514118442,101.26444414430895,193.54299597138063,54.91589417637764,133.04323443788164,12.058718847346952,134.01248956547857,48.5678744575047,148.7861703490623,112.51861017311617,38.88189102637133,117.38733263060288,111.26343052033019,7.112029083033599,8.559470394452545,27.837296760789403,77.28478385437232,78.31598877770108,33.505435191217146,56.478910590764805,21.208966992042562,54.22030069090486,33.78777754738068,0.22316221624020005,27.464374936629742,45.72185393191959,68.91117977217903,46.76901038588855,131.06059128134632,117.11019716695594,125.65653359454355,128.92030514068733,31.815850161792884,60.07330151455916,90.6215332047211,14.197991387400533,31.37231828969071,148.46047919196528,60.82671663441893,134.59350078383153,17.46479456816279,136.0168130828013,18.96934934524075,84.95845310466173,221.85699659510996,241.87777793134634,149.5458245242957,28.462550425367887,197.2089026643818,28.802836830548916,144.3925547073757,44.485353755748804,41.15657191642819,94.14031690020248,112.09670236143776,80.55747028061735,97.58233372885634,0.8857703668895378,141.55240669137066,97.78722722111375,27.037139913579118,138.97801431926692,135.2039365974326,209.94075205025092,BENIGN
4.124812897920303,215.91211546032918,9.131472861134963,38.045590416635115,63.04584541854775,163.70824079927425,78.01438813877718,73.52693099749874,55.916383505920834,46.03067625743631,103.02496939695669,38.00368462893536,40.47953794202932,113.28046971748071,159.7397293221623,64.46898032842333,65.47697756239492,51.06084992975794,7.991526374003749,32.09300619256575,98.78659101397719,72.30379395798639,8.551332963959903,171.57083186381294,92.89264824607304,50.41286736516637,7.285768884105508,188.9278795503996,23.817130613962828,84.0771889898625,22.063080430716322,35.20877474538809,32.47582395335418,58.05676870356148,120.9230647223938,2.4286495670025845,163.89605275998332,90.80226625361912,70.74395448121878,220.98556657484642,32.69945132700977,83.51245039722352,165.29130512304218,207.77775851984447,3.3025263719560565,50.36502603755964,17.237495745366196,71.47317275176998,127.78566550305139,57.04873308635735,10.172320847176978,149.80117703044274,31.28364730515222,103.09193383669071,28.806279835127864,43.10229580108931,11.356256479045149,5.585218265281086,37.73865174622099,134.48540311806946,73.2926038108535,74.02322525487084,212.09935658451093,97.78475646543315,238.51136986930362,56.52587392104036,181.1989337562054,95.06906934152552,313.85146662340395,13.698957769394237,114.19418191613116,5.990525679643839,162.51212588825248,8.291185317203993,41.491627812032725,150.19529651885958,141.1356861745625,78.5345603010283,DDoS
32.66137806612126,198.53803952602934,155.30352778398208,140.35586295636625,8.378309988906466,225.40381089211192,20.233890687008753,18.32452432092819,144.19103561118092,94.59295852703784,95.31762543293539,78.907520139991,62.92206728473624,70.67067683730058,129.31222504049705,8.387250176093364,108.04073292785017,117.74165052492887,42.369071691067596,48.91561751842162,53.79785288219551,46.64445968402613,7.904780215027922,28.815603051111765,18.301292831148206,99.15270411046322,10.527862390967794,15.060249284463378,150.30468593574807,99.5693754370362,88.14337052269956,9.030979920643496,116.44117405352704,92.56767577138693,3.4333388568835477,36.24990028820685,94.75119085755672,67.46949778086199,61.836502004413,79.48936470016903,207.23551816959983,15.403184168358742,8.26977450183987,113.61913746425422,35.90550934803667,133.42291941726904,69.73642279161709,113.81503309676184,52.89163791046552,77.75960617922722,145.87583925306936,23.513529936618852,198.468794144591,26.713748594175467,44.03539938779136,52.09685512310958,105.04376287559674,84.61184692959337,10.346278984692345,48.95706470306716,4.189592115427648,263.66691419455884,115.35028497815438,116.25736681878402,43.5546318992364,16.648527257714708,239.60822883304164,67.8980346463132,48.05744132024745,187.4892064047533,115.74157902154336,198.0836470922634,3.8323835697372495,81.87659708488161,110.67745186243287,41.478446207924115,96.3396341198569,193.20651585199596,DDoS
175.6868699401502,126.89825772544985,88.88596980356746,15.974849799158664,101.41642181269684,33.897589366826146,23.22735027994728,1.0545711741025598,114.02505526712048,118.02317342003701,41.870457829236834,1.3973228476073307,33.34862809696952,88.52563208659603,87.90141545570074,94.64907959884282,18.21605838579241,28.121168258406538,27.300674802258452,58.502133228779826,28.119201791027542,183.25612403560126,153.02791359297876,12.243598974739747,90.85025115121911,60.41074554390441,161.71718900455446,34.631271022488654,63.00484313483411,73.41618661210141,144.64982035406874,46.507594620100605,108.45005302909256,2.518868352947947,62.76804178744745,166.46418219662752,26.375558482257578,55.87995720623407,46.72522151827898,54.42961463142919,50.442268329716946,151.9892799618985,92.62574910843922,38.60025756494393,18.209824581586204,103.59619286066395,43.59476297154723,76.19412381350837,14.170872170182424,87.78260312391258,79.07593122325292,2.2030072516940464,176.81310327067183,299.28105700606415,174.5858970273136,72.26748248882984,75.32037815909707,11.359216170196468,54.342042977651694,126.38559390963884,26.250289085183383,78.41638583598328,47.075509912478196,112.11881425699046,160.00978468204784,152.83315634862456,75.70320650539774,25.26248688026368,324.15138253291207,29.71600238082216,0.18287588441003935,13.998209632135373,5.389734703320638,132.6262161949157,55.74085568511856,63.22163140318503,68.23387820596591,94.65770035733865,FTP-Patator
60.40516449216232,41.00294115389108,7.083684791609023,9.112486725337687,10.769944910661849,99.82176559717297,64.36687530224908,207.73434395699533,220.64689798846723,7.964958261392499,383.6655548459369,123.68324661272665,54.03763389870544,80.14839218310068,39.844527498936685,44.66430468146064,61.22698101053926,155.94357791262254,107.77207457916016,34.31585541974166,62.29440304133082,64.1541644936012,78.7036278933299,97.826564926624,50.66348337879193,23.98727522847251,148.54773692725496,204.74371857707501,22.072875695836654,133.26784410252037,165.22426773534897,96.69566453448166,54.462457449933865,44.943351594726224,92.10258397309934,47.97188967661361,43.263751633352825,218.57306167225744,24.657105425957436,73.51321130540911,0.6381540963314977,184.82585300784152,204.46290038012683,57.89842199399048,105.6101251669989,78.82916566360036,91.40771642240337,98.70461789363154,161.58724901223135,96.48933001863843,21.28243986699687,1.035228990773669,17.387382031458635,133.85921382956067,70.51105201659605,134.9605255711928,1.999548620641927,39.982673428652646,337.7382919082646,67.6507476439975,40.934057521862435,105.61115691870866,188.02884105687846,102.5219085737433,11.494177175913174,142.73286515947694,112.1689142387919,22.90948316463794,32.31676657024847,26.881235641215422,51.863799748457595,171.83639957638758,18.919018127507996,8.633785824672687,221.5822425020668,19.543484652276387,83.6484137964941,106.77225770385452,DDoS
75.07203344928128,79.27110177336647,147.66572235180533,105.78010075419184,53.214389017310204,38.8568220491203,112.3878405125594,37.80462604278832,245.98719850293799,78.1497239460632,86.42852619405357,113.56205854914761,31.667954593424945,137.44849814275594,80.66764021643628,294.3141565471733,100.40796329550274,94.43852228353897,15.165727214501757,102.37559477078506,63.358951549381274,190.62366200893806,8.837328752639602,221.06897260157643,80.49333907323256,219.04170011884233,88.23970897899802,102.74793433526916,197.4078687745024,37.726325934222636,18.722732150688024,103.26575166220123,145.38402371218848,47.996464271220894,72.15690823400293,13.885603243088019,83.14988669316621,79.80910486615616,142.4167600187599,191.16060670633217,64.11649293968505,26.506499688857936,90.26543599878197,269.83288359370874,24.207067028796736,85.09750806815649,86.39235499624459,76.9135779310033,18.77270235798839,84.06067127833832,82.52919608308645,49.29182749492523,201.02166545660629,132.39510842195628,180.76308056706858,164.14286277223144,6.578864864896252,166.29314471898374,16.007448660830477,24.341030256790795,5.651064846555637,12.492159532356542,21.519632356018043,114.33981071495526,15.01356539562031,71.24817644338044,103.1380525277331,38.81857956547334,97.02713259082388,135.28658889640388,14.87806348073052,17.12563048249345,8.73914289201217,1.605403924858619,258.3573660166567,133.0226255641338,198.99462698211246,33.23768335196097,BENIGN
37.64225545881953,31.60678697299512,58.388302228400114,128.41046951788974,150.72258203839382,55.6717897857163,42.87612588807638,77.04635956872265,219.34495502883857,95.57039711138671,5.678859588627712,89.04357529426616,56.42898527190192,59.27028229571065,65.52336285137606,25.69974455858305,132.3649570842179,43.5901469090433,87.75475534514207,35.1662354974059,56.86446160127705,38.2921710057263,162.64307346088594,23.604306382437006,38.6022797870698,91.57550411335606,24.96094582097118,244.0704014775084,18.428900183271193,20.583985992134394,136.44708536172809,92.82658386559959,80.96575301482413,23.071174907496257,10.17883337073275,30.634753393202264,9.262758794892354,124.28625628583146,12.342918170364875,145.82131138187503,163.01299648744103,37.03402673288457,58.92537307950677,125.34017182950186,39.59142209580454,11.717200497437547,157.41467860324087,34.590728066682786,83.73807896824668,89.57962182359284,92.52818927168313,16.86513676101955,67.63570476749084,3.76871207422379,23.3865101009247,116.4990882563923,62.531833402150305,16.92744383326247,135.23625459261507,236.48553727915123,205.20733114219348,170.59590948907353,62.7092824772296,4.091753519506904,14.648067072816136,100.64110400265547,105.78366186102343,26.076681748306317,57.821209821975394,29.514097933741663,6.477225979787652,9.293565268297787,54.99248324643457,51.00639500960824,28.72725140274269,94.37155057560443,59.82793341978477,86.87675445729097,PortScan
61.3460165671837,3.25038930576894,83.04981339859519,90.57972133711476,177.9438925423431,53.30040818263343,76.6352609265016,7.878840008029991,63.68452142703895,74.10169513364492,28.815026242251623,15.047449877390099,15.763455844094395,19.495509241218734,2.4129110454973404,51.060069041031355,79.56551338258076,139.9417926653883,23.653738336853518,131.15491378986817,18.807335699177305,85.11804824474851,66.5334534508875,220.96055760423775,78.65720915578501,33.23723332239848,175.55055887046277,45.39052294413472,88.571379979969,62.48346184344824,110.1286489839828,73.21512260547355,100.73043574732625,2.3385214658507665,86.44267053357197,158.95230361038622,75.04101277546562,216.20322999274387,45.83890099570684,110.47746736415166,98.86087934991747,38.113769667341884,60.37132405441962,140.1500346552158,120.8858864620722,56.59371308924055,7.567107265706344,153.75513190343435,65.83827179404454,59.45036959490072,47.81405755558084,57.722872571057096,15.252588289761656,155.15374209681266,221.43299425565965,134.77092303094034,32.17527039902083,3.2481035842094617,191.26881343567956,132.484578093274,198.37041354787513,75.71768211020226,41.7095324423246,98.46336870179555,57.11412420380737,72.34866224198,126.66612531984123,97.1062029107733,11.315849445608398,55.527308801317155,98.75229624269947,74.13198169079142,53.54587474096335,120.90101989009972,177.98751082081674,106.41707023410439,250.54489053568938,45.16410891769469,PortScan
189.51486121089698,26.31612720598266,137.2409737561307,30.56324424067956,104.8203967675276,83.81764823315314,60.033865900648706,59.353943229319086,0.3060116738572855,58.46229524867408,23.782954075833587,47.962531955157296,43.230118580954105,23.173094203039255,92.73730056959336,128.84336225033886,63.427471681731376,112.88474875493894,23.36069609828654,20.199901075732125,49.49645508907007,101.5995431168029,174.47603876053014,105.53241585924596,32.39088532159219,21.187917882888406,101.03793132832635,44.57574597968489,88.19607642671741,144.27147860027125,48.00636179041039,138.31945153293432,126.63302679562887,70.99327481472373,63.8543317267599,169.7623779709341,33.20814614168105,64.61296760241716,32.07838618519991,136.20433708547574,68.38489004995762,0.915903853465527,6.078537250130285,192.6285854855393,8.12771675910687,117.88434440256437,43.50772415763161,31.167588576523414,132.90076372234483,74.23280128765718,52.69813913637531,0.7560180394133265,94.29386198972337,18.125394834505027,35.24537316377418,214.8296863786959,9.390356871304721,116.3000969705304,40.12092065446777,70.95994793835665,92.80156591516868,20.849197057558072,235.44829226966021,1.8252460856112946,123.04600477599755,52.74808330277304,44.583887522924655,172.2256933957519,72.04550706750588,41.1357631151439,41.0383276786892,121.46667801329025,14.486675514609438,40.58240866738142,1.6374241931293703,98.69427365015568,225.57913310947475,43.100969213007666,BENIGN
17.394720841281135,61.81750421001689,161.91730565158647,62.97395144087381,26.592007419555202,55.687472236814564,186.40485304117584,214.14308803197048,69.96008087023638,20.937561331191326,145.48261741466507,163.64030192064848,193.58610256806045,13.58559015662905,9.600066173385823,19.805976321890643,43.62630321800288,104.81167592691547,106.85207540824389,34.54141816438536,38.41816657069755,76.21334485140979,258.5975175683896,41.90507347534601,61.32655446611438,113.77767806686623,142.13499453185472,175.22919091220317,250.89571784950758,76.87664100385206,45.90316731789004,58.172336497050594,21.871826614148773,16.681474069839325,1.1997344627723865,97.80230235225682,149.72323944841733,72.65116223360603,69.37061125361853,158.44943751570585,79.00170968152081,69.28152103009226,28.370672836473176,119.04749851934821,102.19627766781416,21.120939922445668,33.95301566659866,96.09321786082614,64.69045232565658,68.44404020861826,132.77986734794308,28.85329006817962,151.5413815348209,114.64871587330383,111.23274696705808,116.77574158999211,127.46838496794864,113.5635904757829,50.92953236420079,61.607121533632366,161.70449245216824,77.04247991378789,114.33615302058283,18.485865406036467,25.219485423428672,197.0308581351401,220.29133532057185,22.056594026731396,24.690606341661173,112.51978277377232,108.86934104763422,56.1472629826133,56.28544804571306,13.774106038792706,78.0201721186075,117.42022957201466,35.59349170869707,164.78776057836734,BENIGN
6.832212993981754,12.631251458699936,230.59465859677397,139.93421658487708,79.64303666421104,166.39862798080995,32.48579264985461,85.9630786854846,98.20194972109047,68.67323955673515,38.49664160476343,79.85666731105901,112.09365124062458,156.9628586939493,6.744655855518213,119.3611755172588,34.2304843449149,90.2091311588268,20.74887978521818,44.56779070819239,42.35078740220374,160.4705009797812,112.41218588607734,10.254143981752241,168.72790796411687,83.12111031997557,87.1555966288142,32.717055287779026,112.11340127579221,138.0138938868515,203.72106397183578,14.707682744597397,51.05353784512363,20.17386547960439,53.03691889987993,11.955875662639608,3.4564239843803337,90.57176004973654,234.56241618964407,140.00712344017387,10.381248440296687,118.04604852320821,159.20248985760836,58.77379693198984,144.3200793785794,63.818699884857345,174.4311114743111,66.35978685607627,20.479787728191724,40.91409227759939,141.4840662825555,87.41992700141499,11.184710408631295,45.26901485095334,116.78653072917102,32.83752594168024,110.77210959824487,56.66021483927255,64.43105001082004,14.64756116533182,52.33237827285886,80.05903423481054,30.95098859272293,19.200423696867674,27.751585888189023,32.0187854921873,13.83352820163779,37.74234011303297,315.7771283044298,90.67872729323987,41.31474759526224,23.320849820639395,45.12188269438766,13.080059372695569,29.282884358668344,188.04355440630815,156.93895953746838,63.68823889389576,BENIGN
20.713943677856854,23.927314715185137,147.81212260994843,148.23967869957687,75.13454696033703,152.0091740991101,13.111932467514684,88.48425828011585,205.12469432694633,69.38044179018226,9.931433779203207,27.24269009308716,195.45930044832755,31.039680375596905,88.10621873806654,54.05895418122408,61.90831693880101,37.55089806394995,65.60972360056414,126.92556718986205,49.731714635766956,29.40820387932141,16.333468067753845,146.17170162571182,97.14123576723597,129.52586206671208,118.75531667750401,57.89098180691342,6.433764737916651,45.51717839537639,101.56278839944707,18.745938208891083,5.245738688944395,77.98286407550496,37.51089949435645,156.85189854725542,78.8047623233008,65.69290663420881,143.38328386598448,137.72954892720998,34.33351758524492,114.22073928855579,115.72445477310251,17.149560038823928,73.46710936768595,95.59358223307622,118.35491025816047,116.46633485123947,120.39136489663802,22.525668198359956,62.936063342889206,29.906908523005487,67.92938199823493,71.01366068373821,211.46935990737353,42.390107233259606,6.323214651310118,27.583995989645654,115.86032636594852,181.56489758788175,51.40888043678979,89.76557716497436,125.61974394136823,118.77133841384551,81.5909535148553,115.37063236303639,49.66346149798954,63.51000115979253,40.01696052004974,201.40632742377633,86.68845848834667,2.968879028597843,48.72181946304271,76.73073626024868,14.425352228204002,33.078380653823594,8.486545836110416,68.5619374218483,BENIGN
31.2865651490911,6.573766004728737,26.836879913738077,8.12914250424811,48.45913788392748,26.747538889806123,38.082641834525376,134.27218613511855,26.51639227465874,64.89985204731576,88.3606785994169,136.61983376689176,108.14133807392872,33.584726472006906,51.639666778657876,124.5051223503995,38.281748098675,60.608383221965866,48.66763228815967,94.35977762729458,70.65054635472528,1.9122179853707482,54.59619271149278,134.96496702201406,142.01849387819487,59.21139002849184,70.66691040731405,71.95994976248915,7.0223620574625665,28.71095048623429,43.52115282896023,74.1498249912725,34.37565195101101,12.146106419954588,49.94511928852135,66.9085210267524,186.90665036782607,75.42981326071427,166.51252963040443,200.17401674762615,15.046814149498221,66.31645901261828,20.78605010670806,13.259767202610107,160.32168466140962,181.4883829481406,29.593324034609523,13.542883471995701,42.58179983665513,165.71435851323045,47.13912627649908,127.18995454239435,27.798244021892227,84.74738905650646,4.455216557115131,136.61140809336848,105.79607138387925,8.184433452953883,176.8156911753232,30.06743604436826,46.330151023423085,33.30476209755224,27.58957214401739,122.44022070472718,56.65409870816561,64.84692000191374,215.64453770050326,37.12573706703938,98.1149715570353,38.69294465999474,173.79849851235204,42.896794854851706,33.87581622803661,12.839826591760886,6.828620776429063,26.3423635119504,30.226939208252645,53.08671620671488,BENIGN
93.58312297905655,107.58938287242597,112.31950508753776,204.5654547677154,53.034290167057996,30.449220168014477,105.75146702934315,62.334230067482856,11.657134645332865,21.416894113174983,97.6620315863556,16.02688574175767,42.38335382064832,76.56111570301877,73.41063358072488,153.77078085300025,56.477626431415054,68.44861335529961,87.96436755512407,82.03284611324673,22.30256812664022,28.203621046222054,15.28549918142255,43.35624601918793,176.2979652537399,50.77167691497139,171.51799707034206,82.59235830306531,168.33145759275297,39.27683630511244,108.77486753536681,12.389236323520093,111.85234842116323,64.28554939629475,135.12904026984344,30.01287868282,100.43378262939065,12.682468513496186,36.63416771377577,17.676210325026386,2.235055496636566,98.66590277241104,62.68770635290218,4.87656518431153,98.85290078659004,224.09265562057925,47.64301667171247,15.32605533993054,141.52045267018235,184.1815609386607,14.53494223138852,34.7397486434762,98.80028180029409,14.71927507680115,19.906255375986987,18.482703362165402,33.27604786370104,55.98284488280599,23.76426562999591,121.07426266291645,93.8467105741085,54.6407619463673,28.22405919232288,105.07742904721134,116.2938986852913,35.741504817069995,95.30094982140498,29.987747449661224,46.04156498428241,13.954204292790354,25.678325732472285,22.847254380954055,66.70654727283541,154.5056407406435,36.33120083885451,29.657267669430816,53.369524800619295,149.29526227538275,DDoS
39.10246668655764,147.9481761860873,65.90238266596705,132.86464115446438,81.74671266983724,91.34585796322227,30.703923725182186,5.123583553219154,62.55845936750005,22.327158843330956,30.72462256617315,136.90945827628514,9.872089445567296,82.64223241917664,22.53514850441998,166.66632592275232,67.83346293354934,61.41435312471847,152.4517181115903,44.494639089525286,160.10743061643927,89.18405795948128,15.464970656083347,181.32934720171585,1.9318304271835673,10.163005353342468,116.7217733304373,158.84471762401117,68.49871791437477,80.11817639881828,76.54021560133495,107.34127024104451,49.868991213554445,194.249769096177,15.54224325277597,115.57075749169152,20.260577291807387,98.0004236133894,30.515083587497266,114.80908663974327,34.17539207135393,129.83259396689027,252.08470065727346,14.880876167959034,21.392646635116538,97.69457393818821,170.0627249651378,73.47432134727092,19.449148486477604,66.58778237063902,18.863108156798006,160.80672471727289,103.56040560453943,88.10588920574334,4.729874312872792,69.46691241185846,43.651486326554355,107.16803738905898,29.522475834524275,67.94449849177494,1.2024028913188147,23.95558589370995,48.91783506377937,117.97767493745086,2.9351702115694547,39.53072526493309,3.302330719303323,134.69412443889956,77.40227740710525,0.7480796740746615,21.668909749767316,29.566555148199956,40.329960416682404,182.56579956646078,30.152629576934714,148.44390681934263,127.82809474594865,6.084952000292773,Bot
19.334094967962276,89.67973320332352,42.232479744987465,112.86345143792072,7.0905362527368805,33.516697322638485,174.4532888606054,69.02762332372046,18.354032201646557,11.49509314918426,148.22314236773087,115.16655830474755,10.210305889143893,3.7553076660562907,40.06416383398367,78.80762539036712,45.63559731326963,36.7074646018183,89.65855406471916,57.34474933553989,149.16738588018077,72.48293734858318,92.29775651404309,52.0630606562299,159.76197291684565,149.01375220998412,205.45148894047597,154.2806773769682,33.57859389797497,115.46343387288442,106.56826978195666,168.37325676140486,10.737861841004538,160.56779580824545,14.166263187224326,30.232290034827493,137.55969643042084,40.40953118323996,203.55314567195947,199.20944074974534,13.111133868048267,57.75342640192128,69.7238046390313,34.7524942518858,115.65552170673364,128.12386535229803,121.644738727708,15.551160376356082,126.28647537281779,122.9526251217386,10.722928841915275,49.98710345050322,34.10929321416082,102.19631550600035,73.31793174225577,137.8142680497613,99.06232233772576,34.3191568686712,75.89816954601127,44.807834101289174,153.23803825876217,42.05367059040693,184.81091041055524,54.00178017231407,106.21674475886603,32.35149467844571,1.4287211883989066,91.09444038394753,161.29781705930543,72.9236949310753,8.317177193461948,137.7335029528342,219.19786562798808,142.22345015068737,68.1634223668389,1.4108356253124854,60.55136511241652,6.440752243194205,BENIGN
57.09456946038727,81.44028209931906,57.04860860796907,99.44145282075844,122.05506039312326,201.35542946486999,24.409844350238657,27.391108684717892,152.31724641738478,53.141140113842496,19.308207400661264,105.0319552276355,61.100112408962914,79.63400197488323,0.16217169633801234,17.71681151147619,24.889396913325644,39.11563722528425,42.90372480926655,170.47859057901144,24.795420732788962,47.996814614872655,51.59809893490795,41.68730625900404,65.86319527905097,23.21945046423276,99.54151904494745,57.55619258303651,29.505618980564215,46.285628571437975,31.282223676684644,57.376710990190084,139.78443070314984,119.11730449400957,54.1473006507169,10.200628012726169,67.10178049177699,106.79977780589721,93.89694687047921,6.387783283134668,125.40226524285166,99.89363762455913,27.26335143194143,34.222557942434555,109.8679373434385,4.456961088927163,63.12243569717831,115.12266575071442,110.49972018044146,37.75311485598252,125.7613112576651,53.345244577590044,102.6625482884179,45.81369898417196,9.514812307732015,38.84799067714809,21.600142157311335,33.396514967619034,17.117936979639943,6.611239395200704,170.9226399202596,39.16980160104727,8.920329769166797,161.0292980482871,93.95651672539583,180.82953284995145,61.80684939300419,34.65270183130004,100.84330205311458,152.97489550040916,153.739673068429,141.41103906067818,248.74567587061293,45.82230292565009,166.41920547838993,47.60625577778669,49.06122340266526,28.275932762936833,PortScan
112.08969737681593,170.47757442280442,105.25473107347487,184.29369062476758,24.72714521087559,88.65794927576496,145.12262989011583,92.42684025950716,121.31791883915899,53.28917202270399,61.72857068788872,120.2249003361171,120.65357234543023,26.905269301570712,90.0160227873663,41.34487034717953,28.638674395539017,18.859482914748824,93.89571782348514,152.97740801093363,149.42635290662386,18.087111148243242,49.15444138069046,62.70486146977409,176.80567191743972,1.9545844798181757,5.275510800076566,65.34789819517407,6.89061331209721,13.260407824049675,117.70006367903372,131.246730344855,53.638921884757615,167.11471647953488,83.83618800008077,121.26571326233137,78.19425354519183,6.541023359539401,1.3503244592976753,110.67329877294509,29.969349593288918,76.34653033091116,38.3455014854216,99.10911353316136,132.9794365205076,167.55804496240944,80.65198324565614,167.72005099660961,43.51387479620344,131.4878664404412,21.907156253766864,47.539224221454226,83.58702556183059,109.58708107987174,276.8373605625943,25.155190018413638,192.5567360332877,149.37097590055342,61.10709051105707,76.64664310197877,93.31190886861417,67.34727961582307,24.691832748945465,192.59778184451014,178.72399646046685,43.3990462215957,149.55717364824264,127.8434957965715,100.10095444828141,103.31898643631479,65.14425498636813,186.6700586803942,42.459816602214254,39.7637501776279,46.27366479963379,30.704834092510147,114.3566044928613,10.649398029009184,BENIGN
84.32983112849524,70.20303236673266,19.767556695424517,252.1604801462043,42.83529137714487,39.18287077161016,2.0121129580859987,89.17005810695751,67.23935843265022,33.64997888209009,156.69593711673528,40.70903833988318,195.30596955398966,99.48563524675411,75.98021319877752,71.00154428915523,12.99982258015953,106.30362728537182,42.12473786909802,84.68399454691652,53.434721345378435,176.84154256380725,99.51676651586061,93.73674142536798,83.01613723463043,37.2842248655825,22.01893142051328,103.23893981263967,192.35134876034545,95.30404633648499,107.81253957947719,8.621709800745275,12.967305202860068,153.65306903820382,28.478940951539506,99.72649579684155,46.385442950594566,109.81863837781498,44.89083873130063,40.611035702340324,9.675491843880032,161.4749862291331,144.55181477453235,36.19142707305266,79.7438117070099,107.4529790229931,22.52697220150467,60.67621502064073,141.06923204208948,30.971081180657258,57.448670541627564,87.17025855988135,50.95135639296859,18.733030982130085,139.1457966955942,21.224430983993056,3.277363755578143,2.1222650834258405,93.45938948984711,7.758538948639096,139.67601773984913,44.49683153761758,3.106342639893144,16.176728116566903,33.08670284063513,74.97666284891851,60.923883088975295,33.18648618219792,32.478159411011454,47.993974114827864,100.71949875269783,16.823054118369438,216.13038863023618,48.253370982118504,66.03430545626816,74.75461257864595,39.504685216956744,30.90468350240348,BENIGN
142.39538455411667,141.37696482912588,2.9172699226560628,13.931963072955982,111.09111447344331,150.08020152621748,32.307574267702456,133.55704555367564,97.5200541684766,36.92637776499046,150.58324053306205,4.991023304116202,58.99153962499331,33.10389028172135,80.93466847948802,102.57233949746075,206.48652776836417,122.18046849767015,39.97705114430575,15.714578370253452,0.22381164741810933,106.74339329604993,125.90649114481933,100.53151259972356,72.3168438829393,36.6606247013805,79.57176635206115,174.64906315946217,102.7151035893151,80.83595496657084,11.965890247315015,151.42807357204836,21.800563112112403,3.1261414154246077,16.99745397492694,70.1823040543344,63.69080790029854,47.51252784446032,53.29937194259537,63.99029571520845,71.52365838912327,39.33511248228728,158.71880696784538,20.73160960082446,62.35257988258587,180.54168464197807,119.7957962340662,42.657125283057354,38.94035615253766,135.58053394315013,3.494150045863278,90.73265593722655,55.86952829218191,40.46385200409463,122.43872733579543,89.27733072761507,173.4041954422619,38.42092216494623,10.776005545254295,24.989373581204614,29.214884211879887,28.023594600249428,29.21688282073261,11.4845090277753,86.87983383055493,2.310434600073103,97.79388355526387,61.24228909008682,197.90186934897122,202.68171160423924,86.27545919526867,83.00704951292369,28.184484939709993,63.68764742064334,154.2547211374117,141.9877164270929,11.447605881877926,10.852784256484785,DDoS
82.68386307091143,10.4009227724695,175.82088766554352,25.111783464244088,97.2162217943325,7.9579546556560645,143.41770365203266,173.9425244232278,80.02227353999038,55.2692953783497,38.163109541321134,74.01256641052443,17.35444175613875,41.58027257204452,62.57730437317763,22.992434541793752,77.77976308777149,73.22995497370884,78.13581198065147,5.237276872756848,104.54602404822526,20.141990007697352,38.12446551620988,4.0606231678530005,9.621226204057896,25.893042822568983,53.68074692249037,124.9564911924005,143.36336088178777,185.96630405497984,68.48121097388959,9.426907076490068,41.235596908594815,157.61725277413785,185.82914882251075,50.769412838971064,212.68334877992655,3.162197391024777,27.168358450003065,159.07957421712527,12.063476089345412,104.40251294423797,58.3837081539059,43.52481970051683,140.89607467920393,27.500229829181077,149.2102017145364,129.5207072669644,16.206210203682392,119.51774115114165,48.02144341323994,26.88507864009919,20.934885733468878,4.504411801092395,43.26595133965921,39.24560184705202,92.61632634832083,120.94353289590588,124.28268933268276,72.71679888921005,6.589160860223994,166.51423825437814,26.776551872484482,132.27032199889794,17.557408492582184,102.47507500763902,184.80401917708497,99.07108466240851,12.10210310095643,72.71712595339491,40.370343399790684,82.9149035059542,239.10785652839596,101.98013336945937,97.92597442869628,24.965553821891934,20.75422948887419,134.67856621154345,Bot
184.7866995702103,119.05296437176767,20.068521837532977,40.469585686332636,102.9604361419693,198.24704501689277,95.37602558113537,217.1802667396602,92.2351329061918,81.93868304987907,118.89411180533487,44.17606496494793,17.56035498043702,15.195112347198586,80.92586281232987,123.2328605214664,152.5662409286842,59.69720279011155,82.01435941230599,46.7738683858582,79.8206076358154,101.85374276503947,128.950006972398,30.1579807791105,32.864402580480856,57.38199139101188,78.31556560131749,56.8876975197369,140.86194934459192,12.574629749577262,67.12701367053535,74.60239529828164,62.754000274407275,205.34865486558886,36.075575466383484,7.22883471248695,55.58260275751273,22.652747238283805,43.04276988007159,200.84730109816996,147.23540615107777,73.39504783642384,57.460185818339106,33.577861774042205,31.710283257396572,80.34342741712571,57.12242102362395,139.06435959499572,47.00136612466614,10.338199621209512,98.64404990992466,51.682526582445085,215.63496317292987,38.06946237950925,37.59835793518661,56.108913098099734,48.94142344944204,274.5299553672385,40.50353858557128,84.55521763546137,161.02631187918,75.31899497325489,108.20177850419361,33.86690538837576,146.644239118858,140.92157980245133,153.25982345977621,26.930618956233815,114.94873640103684,157.43417177319628,40.76897368371771,58.099953996169205,205.91604836923204,79.85013379072203,87.66058798421794,31.178557325602473,125.23463622980083,113.64555743248452,BENIGN
10.311792571720485,45.14453903249336,97.28278925829571,3.756350936619123,56.975891970417905,32.417686104064124,219.75010052620297,126.87138945765703,19.022322184489376,37.96244966768339,85.71583884232884,152.46385964827562,280.19115694878917,43.426364992207155,142.66492108103472,49.911050679894124,12.792720237457925,63.572652644055,49.92476144946552,187.32401118191518,45.03681912566681,40.684763513978304,101.53923286752233,117.18313004725252,102.70604268730175,64.78722896465213,36.24498815945265,50.98939528656328,18.21706277121017,89.18776345702746,122.70140772885358,67.99058967468315,18.496258734208663,240.15836610303523,86.31897121668281,204.0133885996919,200.4423303675171,9.731115070159117,29.81525261999003,69.20651986646918,6.82025303326691,140.6719432559558,7.6239017320597595,149.68802738508563,61.10850624767177,24.072430398905077,170.11404742672417,37.40620881310435,26.44816849513739,6.37023597657709,21.68270502221434,29.27579187724547,50.190023370067195,2.881660158862331,31.49718715553322,21.498281745454793,112.34272870957618,67.69940973750542,19.286184315019064,151.84220306521797,42.02685290565615,130.49626887904188,60.69426083866378,184.19190789315428,130.48347633193296,13.517624134266908,5.195477090077795,28.134834748957704,34.49831619570674,22.70288603889453,59.18760663430924,127.427225873437,11.35881136210503,38.25838427224335,92.49258157192739,26.87757891486415,18.71071001250919,38.842461367750644,BENIGN
102.72518875051288,160.1181198811573,62.55913025065598,148.46418618765077,102.63536223898961,158.94412835616984,28.39110587363809,0.7062904550829715,39.7548696545778,138.45180194249966,98.77285159245997,77.5606361437603,77.98066757376003,99.19263098869547,188.29834466717267,152.35978106681668,1.8134243508081769,29.328442900485207,48.47346479689239,30.17984933962528,253.03696686416893,22.789255876583407,23.07861521027221,79.69866688138775,12.390681652107109,61.49612320467747,120.357805453346,148.9284264440218,24.59953383557008,44.67036108091442,58.70575345945356,0.6548657804539276,54.24239695321018,80.89638929258004,155.79054323183567,99.26281029794295,134.49277870651724,107.51030481167557,104.69217501069062,67.79699708965285,128.47277664174672,33.10243342080806,45.47043964167744,6.616593454643473,25.88875157127058,106.58027113487583,59.48543733972447,61.32118924759965,32.46196743979412,23.77317279059861,10.307822153084818,2.3980019015592964,75.06268219767557,29.954941119919216,0.21835908370359453,137.50852331670848,46.25329663133788,38.76798790328465,127.74366038453427,115.65816515942397,126.96132625998429,124.51505759600856,135.76196330501392,14.358158871213439,41.85145591570548,49.66510521282467,92.30448272267618,40.609401884866706,81.41532565976036,116.52019999652885,146.03024352092226,18.794177643275646,57.24714117797358,65.09656787794414,11.798109460737784,115.69964556643639,68.2074798023783,115.23486389619258,BENIGN
48.46285646000813,14.341763068147614,107.56504835748875,33.6583045459035,45.768456167907786,104.67127137757637,77.35577062068134,49.57059465748997,12.666402734766338,55.111624004062875,141.94331965450098,85.74424295472166,19.82173277208201,32.52594982295819,14.85479035926389,30.173305395863576,93.30666057209854,6.354190456093739,70.32538280959473,177.37751322025187,392.24002516183424,28.37880278380801,142.47656537214894,21.245170271305604,30.209704102460567,158.7400602415537,39.99965529436064,16.585902679867274,83.69911546336736,36.84975868390388,45.767699298843304,107.14759302545598,110.97501278882743,32.32471875335622,154.75697941363111,20.394385751599504,19.298964177292948,167.64549619146626,156.49738934417795,60.08871758538126,82.26824265741438,33.53172563973077,18.030505133750303,95.61357029585392,59.08183480914292,124.50410082232565,5.150919375392796,37.53596961444733,11.518832877647899,118.30855152497652,93.38104260749967,50.32323845324963,230.56368373671893,101.55813796505451,82.25729212004805,131.15439660370012,15.734656767307767,97.65065890631645,207.2135116096487,20.49324742416079,56.320973404262034,70.19572982951219,38.52126522593542,112.06857064225953,13.327871522915549,20.548642756002018,11.430875305924776,0.18035063564141765,108.93426377121062,110.84446017228929,29.5195368158836,39.48814900025776,80.65096290255822,45.92203979892406,17.613419771077837,153.41246934488515,168.80343251976782,60.07479306385678,BENIGN
52.252076644239,65.31373899299409,101.88051975907135,81.46856532376702,45.53424231453126,35.38589628201038,216.55214522065566,105.46206284873183,102.4774112281728,116.85803642733813,99.88208693340495,122.23646149872391,110.68702915340567,133.4506133337838,54.7191788882491,125.13561822392869,43.0996200219813,23.860553171462744,26.841327369456213,25.095102071204302,82.81805638735081,68.5656392513711,63.91935337501581,15.627633670504304,68.6774070503355,64.18214039443414,56.93514235811376,59.166804969313105,85.77331766050195,38.479202360407065,55.57421780428925,205.4092441435975,60.540450476274664,47.263976299001165,53.08015836727296,107.31902740670493,11.5596738679908,2.9766488336401746,32.15845403727561,11.650805247587083,37.969967741711244,31.146719489920155,5.860891737179273,122.78285660569921,31.99072780029138,139.08335481766434,31.880833962825587,2.092103738307688,189.61232762543466,136.08349783010792,110.94555554462198,171.27114112762726,4.596093604893383,24.258303628979377,119.92043250956432,44.76962663950118,54.445986952746225,109.44943608348963,14.027558555042832,33.551583203306606,25.597714641877108,111.92502422206438,125.19474545131573,91.58237815976042,36.31755587328161,21.64187116383712,13.642215027761603,77.83085530065034,44.342941823503566,27.027036767460906,161.2868370707128,94.66183083304367,93.46547073366236,36.99256130043903,111.73270089312346,4.149110457737923,97.04884596133799,125.82646293672879,DDoS
63.65532068732643,232.2609225262766,106.18166459897319,141.40291355619874,21.833875044216068,96.79319487649897,71.78532143540355,79.58638123412264,65.43881340607632,28.991117403766292,131.60074197184983,53.87848378473886,18.705751647366263,9.546204135829656,102.96109710894005,22.693194380024785,171.8930412953847,104.69545344282092,4.6637366565965745,52.089290390376334,83.43736122951215,23.45790296191876,68.82597107724135,54.77389787375606,70.5537947278461,84.60396726276345,65.68987063196474,72.23474046150294,5.990977407950356,12.375464252427706,31.20621317267384,85.82704301818718,126.29629368673227,191.11593252604877,56.74472812283516,180.1528407832186,202.21741000873786,183.11771355658874,19.29813677606896,178.21150819848287,234.30391016518408,61.40381615494112,19.807363014936016,130.06254010559587,86.78054595424457,22.74050789916206,88.98447709411417,96.07795582448902,25.41276870714354,69.70509788397266,39.18812622455846,103.45979596066547,65.06676287920861,42.591096710141144,107.06664061901783,78.43209703002557,68.84959745615666,23.450753514589096,158.91473016364571,50.11292760645764,48.66311881892692,1.020560039093268,6.338339263771816,72.839031324171,91.25881981776266,70.13898938094994,84.52732970420956,60.37814695529586,151.5318094323802,54.17732360116019,167.42707660711304,90.09211185541528,101.26855633684929,175.99588821492503,44.5795313826817,50.372233682945364,52.59372802546505,24.389094162045094,FTP-Patator
119.29733710191368,39.27262384258176,37.14620210876854,177.59822469618928,98.09467270133695,77.08136306140894,143.36250198209464,19.145071595735256,66.21687539474996,149.8635497149212,119.42144830139918,130.11020630240927,199.8344967144626,70.53167239158482,49.576557301551034,64.43884535381822,67.84947304872217,30.54994630536529,59.73810610451429,11.041804694611956,119.71785314619127,77.10421571412046,100.08204977684142,78.16720723468876,84.76272124968843,81.85946183432132,92.19363780076168,85.14099367626542,131.5797408218141,46.59509780720508,82.29885920033215,4.154184056389461,107.36928461974642,45.83179391254417,71.48072589914705,179.4524848392212,154.48414624182584,60.40974263555673,136.10067047697737,6.4791350123381095,76.54374943750159,147.7720295302075,24.549868179431268,25.518717151428365,170.46219581771157,8.313352572149398,82.34231845623114,94.56334275676296,50.43650657184098,54.12990949622398,197.68215689475906,49.52150980047351,30.434487105395142,31.292896719001412,61.855635697792444,198.56764110148396,12.352920184109301,21.673178915646165,25.922181300409253,12.43847669077142,82.8293760348399,12.019855874605508,45.08123363317998,20.968606357448813,45.75419340047812,43.374760934853526,177.18966822464438,63.687015839540315,67.10148456624536,109.58391630039579,110.44518278549961,43.35416104725293,22.257492722485296,168.19687839854106,47.803781519228345,143.96081307988274,13.982135851821088,23.849892567305414,PortScan
88.5577081695045,178.16847864668514,136.46763259005417,5.2473856063049436,27.633529504421734,43.374968596096224,21.566877093361857,35.254624273661996,44.09021886108555,111.64508551840476,98.78615824065092,45.92041815995292,91.77681977951373,31.039613647551366,65.68354686944305,107.83150666292278,35.89175837406595,103.97932245282347,184.86630689665503,130.76425810934404,27.366011921250188,156.6854707213786,59.908975926380904,17.56737124917793,96.84836469618956,138.17691885677038,77.00501089175859,150.61472407749466,43.884999047817146,113.9061507616351,245.81694305490186,98.07648436625377,11.36568424990402,159.9123240836734,67.31336922329685,30.5085404706753,40.011966130113095,58.31657172559564,140.56475975079636,20.07385407583895,210.2600691921022,67.35396478972429,85.82160317716267,54.62640091774649,56.29106602850852,10.744488179424941,7.686540700366202,131.34731613252367,69.64610897866883,186.41995258873496,67.13075913710861,8.919819661257138,28.12035954027669,12.341913350096105,44.459199507312896,43.383524008887655,75.311733062058,112.29146774475707,250.31717909057107,48.39843396005531,69.92124386719865,160.76413105231967,27.96127199046768,12.719938398244294,47.28150699278325,272.2454140991939,16.614061307833065,114.97414553678928,32.43457111949238,103.6329196838163,85.54826959255813,27.362761039326816,105.23294696031952,47.55344467353548,119.33757685433153,183.31704516987276,101.79570524293595,129.60486928239283,BENIGN
17.868088760798354,75.28910814937849,61.494410251604315,82.5165899745538,22.62380886674215,111.7933822727152,116.93152650864688,15.014783201743892,173.24945949673273,39.320100368219,3.4204684538075445,85.46246417550657,45.699183382523145,140.822676830745,7.707861138149362,105.56942488831498,109.71438697704636,62.26717665523829,50.254624645418176,121.20907193227362,149.31898122089314,16.87847374159493,28.313082231952503,10.205639062884797,247.6792066877087,50.10900093087719,151.93363510906443,11.666175116950344,103.11060532942633,51.31272463642831,176.9913067655593,90.99625408605586,64.00266183843293,35.64125835343761,66.11371121909724,20.057118065576855,7.792273567851586,54.957431606444395,150.89188942669034,111.8338136793128,141.93843557960406,22.39949689010487,73.6763345167897,61.886033014463536,62.923376338741946,291.4109215768362,127.70845623311189,108.318844666605,23.35950812615763,211.68030549638536,83.61948507041708,26.58283656469923,107.72936730156928,1.78621548877335,33.460385453029566,56.56329018867201,27.25179902295931,103.04387856367913,129.14688890653633,30.70030600053617,29.1732725378309,21.411098228613355,48.91305566492876,5.517063787146393,0.060848232228945046,119.66271208272423,151.6116180355043,150.75529446334207,1.0021151740569072,68.86944334452348,31.097146648607232,40.25162097353214,66.94383715424685,11.21264436113449,191.33403347228028,96.50455805761796,89.64996702001659,274.04264220349313,Bot
118.7427151682,52.122999064454135,131.6176081530022,19.856918688096044,206.1405424022905,43.0362641506498,127.46531240383412,92.47218055134209,66.26914834880354,8.67610754626467,53.2836268779924,81.92664641893721,95.5388571179851,119.75323112651621,89.38164305816126,110.40256334723854,149.02475232990466,14.641429184260343,116.15030484819759,18.487675624526563,150.57478005641664,83.99445397420276,168.57017540349716,64.62423241465946,47.85542667177183,51.56606300833943,162.18737477850513,51.98341457252261,133.2449780998205,63.14186062724064,79.90680731422994,0.6131450435226853,55.813325965745065,99.43787309920464,52.80360045479643,76.84355169034929,4.90947313056715,135.17075320246465,68.58904564379202,26.22335693828559,43.57108323847371,3.287448515243416,4.030769933024782,89.49300615655605,59.10905313252215,15.64092787928027,76.36681497189952,40.07372536916131,42.659963628603705,12.471815823648589,14.82228888431208,50.526134317420166,36.702261472164174,39.040918642163334,196.87573094339587,93.97354817471042,76.06006644251391,57.09409939421983,11.835006565517723,39.155117526009384,13.734132456510457,118.96426454852357,34.562034465144585,6.20886982142874,104.21905769830173,23.3285041087872,12.147857932905783,31.40226024861145,9.36090233663665,0.9226992995468901,58.66945887618728,75.11672196238789,99.85703864824396,139.1983286797076,87.97173613845565,17.426703446692564,10.311758244563702,27.12965631476405,BENIGN
235.5703490127358,157.45863577623422,108.64801228903818,44.57598512171287,190.74906725532682,97.73641174837107,188.76251206260045,96.52140767505479,23.873792529135656,127.38373251342043,1.4694095544366792,38.61664979983887,15.469033113455469,71.38774440901375,9.90144494872573,52.241472837750926,56.681331780233926,81.09137726156965,65.37420298069675,91.54029704849368,122.27117928319309,166.871386234613,113.29263873010346,206.0422698444699,25.200376120192846,59.90841852948223,103.70053243691586,27.548231517902227,18.228022353786972,131.41995296231093,13.863502853045098,49.81119956445415,51.616302292646935,106.54247235975805,77.48021781355291,53.260675667349645,189.55073459913552,15.032837376370992,20.0033787312328,6.701004172522105,82.16808263050224,162.35292108918063,52.77014119206057,112.728552370693,45.07402773027516,200.17060017255335,65.12874649831818,96.81285978523266,61.742863092732435,67.34142395598724,88.78039355788485,139.84839930693212,78.11753362875992,21.53882888600766,14.111449670559296,152.49849401440596,13.377937252123967,86.0438468066833,69.43263811492989,257.27523892444736,49.98216359738093,199.11401489546665,36.123019291437295,12.249092537445467,8.735742526026371,73.08131256087532,24.52917426369353,124.25008369193873,94.49087226850669,64.57976416037114,101.5663230879826,53.82116054922572,136.9463774656058,176.48258837917362,77.42699224040547,22.36665718034441,33.06132610904059,56.53499525010943,PortScan
14.340596107130443,57.53567245201256,96.06132325034852,79.14974359729572,17.1810463802674,14.663177404360228,234.91085580250325,94.9889068249292,92.18236563202137,9.99881637655518,33.514313877819255,13.53342339231097,122.94951577080879,41.19232343859531,181.1555773193913,57.9076300875503,249.11614081514603,121.67234924979469,108.96295229091612,35.92853043064165,71.72635437832152,85.93992108172007,47.02557162663574,149.85463606698536,27.17300398697084,186.97316619549912,6.330322278133675,7.858839291435681,119.83685693734596,1.4336422175760022,42.15823114402927,104.5056145231206,12.079023250111028,75.0022681565717,115.49975605416176,19.366176451679923,0.29259666794376993,17.790839141165442,107.0668371416597,52.76537761783373,0.35826018327832826,19.466369502467995,127.24283828165954,21.740585272700343,85.49039226364025,0.9395354575849456,105.6288483746123,39.75277565731539,1.342048538846011,1.3283088959019524,95.44386262909633,50.69157201363107,4.020473453637896,50.19919601812046,110.64617708120717,125.02160258948012,42.249589543243395,102.77187487795334,31.552294092025324,4.785892765275731,25.100354315014656,17.94141710488413,151.66625462859213,34.92618853479615,161.65216545137488,65.93241347771675,31.830101410433404,54.16207633091875,8.701522331813742,58.31228313242981,48.674150215806,19.731341229026654,77.3547615107018,105.09411661889605,34.03404828829032,22.572263161213503,45.56469100885948,79.32211972070344,BENIGN
91.5653804258344,118.64155905176088,98.88723476355838,49.08728948935657,53.19315082920924,263.23862046774985,42.990010520788665,167.76254421561345,126.66319951066096,98.96509661643634,68.66045318482008,84.56893114465224,26.789873415849875,70.87782027214982,81.93415927345735,115.84719964733277,122.37936225131651,94.92964983753157,52.39989555843281,9.274306577955228,49.70306906659087,95.31575047550919,36.29957034326874,117.36303925467979,99.39209291753933,115.29132562048096,190.06490417220868,39.329513816648074,110.64571522946443,24.584831744398336,133.76741860876842,61.21716186185841,56.928932327006386,7.166855388024413,24.237545810511136,96.22105785810979,98.57330334274744,77.37805788906577,100.8106506760428,8.49729626358272,108.78930121092583,68.42421805152435,70.5755562227198,26.06083323339582,148.73744464039768,8.7204992037267,124.73036506646777,13.549137231676193,154.13211448013206,133.39981858769252,77.77350472478545,7.468584263688564,2.250038824543957,76.37997723632598,39.16706095040324,188.2520751467464,49.200405410295986,113.10686299349713,96.21412281903847,0.022394799578804667,9.512487755346982,141.20756063156304,16.54915641331403,96.61396608610485,112.83415702657828,127.24833308487592,156.0170825129944,211.73241443709534,41.12604304834833,14.561699682689126,189.20335724856702,6.2136066469308515,22.848217771819172,8.616210409949456,56.30810770523736,94.65645185278149,113.05266195373109,3.080713499795014,FTP-Patator
154.07523765167724,52.6482354794923,43.479469337221694,81.5594244596163,162.29749620035642,121.3463360152923,109.74849713531636,117.19339292231948,181.90510153025477,186.8527188073091,139.38176478742054,18.411939832816962,6.908519272427115,281.0628316618084,26.731702316780893,44.841324947910955,35.43093815188606,90.35206838035016,38.749131490543405,71.25044420921607,68.93290680800719,141.0467416412775,129.77283756812326,146.21104551954147,100.95859678911938,151.45735090585566,27.403884064930324,26.592419407243302,10.26485734506316,136.36072951997,43.842736721527345,61.16015615496833,3.7563351381111705,15.201890563269787,229.99691243864734,144.13417457153696,128.91318354374448,65.64065654899721,47.952499463178405,162.9318517441612,184.81101123885367,52.17666572990717,120.84822042690762,41.20834648714602,111.30641011871776,43.30639467413191,18.643641582155404,47.93539426560843,38.864724603331055,26.86216239380641,108.86348430590387,280.13729896349787,48.71671830291446,221.76090801520147,84.20986897213886,126.72766883727303,82.61456160405156,32.1652659591586,39.87128017903442,37.00224658372443,27.93502470569215,37.09311036076682,8.119318413546972,83.53334353648353,33.607541250534645,50.01128296208667,49.955890824920274,88.44424373817378,28.815004154025463,35.88480726789188,118.88062411931566,66.5045918003112,85.57425799515072,118.5921599186856,18.291456362025592,185.37322412191233,46.215409605967736,10.919309450055268,PortScan
113.46396998210568,67.19173104649906,20.331828541750678,112.22033332933688,138.31356467781524,68.015236575182,18.17812325871601,29.44189776840481,37.36534056211483,26.257565931562215,128.13833981236348,188.97034836215454,42.1130234801084,44.793073277294695,45.72248119493435,135.2759030614763,119.8225393201287,28.554162530722376,129.98712435306047,71.40417437774549,93.08873827918374,181.05224784209932,121.49441068549692,10.577038352412323,33.177877177212224,152.85912962592863,31.0539637914204,111.52172279709191,79.31346636139368,119.07458007366716,46.039233265665516,2.796941448698229,27.361458116570514,60.05066354139633,106.92837063951832,20.820525798996595,78.77224332655192,22.62922672434364,196.35528335438158,33.51605665351178,36.28556273736071,152.74613561187041,21.941232097207035,23.492812508811557,38.75808912555701,166.53846382409995,85.05653895034338,145.45384608877578,143.4001003730461,88.66391692045981,67.27567871994219,117.85727847701737,140.43162819949524,24.523584789423637,94.96414986165338,171.50933471825388,67.76371019248882,0.7674063684503473,85.19290707908425,91.48677980978496,6.578468947474944,60.08296390959147,77.96961821794943,6.015449940512768,87.27849535276425,92.01522314576857,147.71644163123815,51.02911595630633,110.26920460743783,17.782979970543426,52.97677059230407,80.48559381800797,83.24766217233888,9.535027433277856,17.96303727255153,77.91306255883522,157.72283709195008,85.01977458146558,Bot
163.82456590945336,25.959672180927,121.14275036324304,50.54472096535272,51.068393819565074,87.17244241841364,106.85495584552997,8.857106726878992,68.47148540498922,107.69545408779464,137.7974333925414,214.87062939370514,52.12157911887248,208.43316213428005,55.82302623977843,61.282532166932135,42.14829971663628,127.21985542500975,58.81572644358653,70.64755007657966,3.2264810771252797,89.383322063909,18.258487841244182,55.45932404325518,117.47618002330383,211.6012056830995,143.1188333235752,192.32162862097522,24.51724218513857,151.84156988286824,4.621160367091715,74.89361138059267,149.4141897266825,20.13945587152811,19.3155224849579,197.83849165730842,2.6185149185798435,7.128726054946169,63.89568142127453,70.84881015290911,43.50526002358597,147.80022553041843,229.1292806884065,110.84970907967832,157.03258142530166,33.67122954206112,51.81340566668573,53.823713007478915,98.44130461752121,323.25654325124333,150.83107487475505,100.02705227767883,41.242006984990695,145.48921652893105,97.19303434406339,14.342893703732443,82.63652852658686,39.22296113440238,167.817992212487,7.296943188127829,18.173353761590587,94.13814861392652,189.45811504723028,16.003867357934443,32.54851123246176,109.95844643276695,224.84965344996556,112.5096327023029,58.07410905564503,0.34808485732018285,14.503369152842243,12.168868568726955,40.80960585699445,90.32931107791093,93.41414422336946,43.345244169948074,31.983226412807937,160.09079918889154,BENIGN
155.6416035571767,93.28953551938086,301.85567705677926,157.89450927179755,79.47585224719342,200.64086377129365,123.74645917335386,157.83426774972855,87.8654850180379,134.86931986455122,199.412374073444,21.655473837820583,157.22305440781298,30.746090001514215,38.99455993834367,7.488758437155775,124.65619661594265,163.1067625194979,74.11626686348292,80.7739555984151,158.03397708229693,91.65676137777012,105.74272871141362,8.081557316355767,174.2082457705964,45.52205808827054,25.876441187237877,49.70524868356823,5.469486537462616,44.14197598929505,85.30151882434976,27.811986436633408,190.37594056445934,48.28777192911349,4.371039699198385,122.28079221334083,56.78078421841054,51.254362839940185,29.008789963543236,4.3900533123388445,93.05333193245914,66.08411967525808,57.51864496435164,1.1900823094228097,64.01465050936997,50.80122910545997,71.31923043661328,22.63042077451344,10.01727687867566,21.49259647767057,45.97413950630392,33.9088294526827,9.600926799704997,20.20745061613127,0.4201915391156093,170.5362356513084,99.07369187412843,6.420379495271359,157.36290221169847,37.20814786673863,111.52465363768141,27.831025587657628,37.20643253313259,28.08911266011715,55.27909175451801,59.530569769398234,143.5856464085898,28.456679047452628,56.1050852022268,25.083367181123084,164.53549522707448,23.5164878251097,68.92766231523876,68.49961501263927,54.91264809895774,59.44977224267224,127.9647848349243,112.42000969469781,DDoS
82.932037436137,59.15710184530977,38.12372872728735,20.716168909404022,127.0088025254897,129.50071499384183,28.212494313773494,63.086351068340896,86.44303136735378,69.27757697082377,20.470723352228774,38.64948903227902,81.36645751375528,76.96664090113885,32.00581914932445,131.5438265887262,99.48686937879384,53.384464381491846,14.963594425179252,133.69779581405544,1.2365938242364536,32.832094269055986,5.008059885646664,147.17088983618905,17.769804579023983,79.4659184145804,71.13199105465682,59.51311859137686,129.8693290993424,28.191802075105006,68.87127445547695,60.9737723336705,141.9064413357521,194.95901727260326,66.72189393045282,98.37360439035638,133.87237061355734,88.5668184006416,85.07827486281533,72.87901963773834,48.171705093552596,24.260281305494146,86.56746511673697,108.13169577685365,83.78230611677819,84.47029987029828,131.5821840016223,64.67439354186445,8.286484186899614,47.33366755549671,2.9803781851440636,52.45846830476146,33.60666965057405,26.880493443923083,151.05460503694962,68.7784294825431,67.70111767903435,37.43900332069141,92.65132547797481,53.35436258230818,151.44140623981207,54.870047639490025,8.251351891139448,170.52076077760168,83.48299105466731,33.660142756216686,54.30219463857897,69.69414601380967,7.459267700807634,34.359753517821616,143.63524570391607,55.01284812178794,80.02932816073766,1.792796824979873,3.5420140691509525,52.70661182397741,102.36597461307144,28.568654809226356,PortScan
162.5330309075195,136.1675030463631,169.23130191048756,25.972117107653244,3.537141708863912,108.67108113847273,77.12694166774808,50.290965003801915,104.56949708779122,20.891795737087175,40.70158918067711,185.07811424357334,116.59741856804611,10.269051674858726,24.784628190182474,107.03205486518374,68.68274954528385,39.83270128816281,249.2389651583067,65.9849612104565,111.69408841023638,104.77749461390991,68.79020828923981,34.71614824184498,91.77721505515002,121.01660953653189,64.49284603222979,79.32624959550306,75.54608013928818,223.31159171321767,69.29570045312151,102.60874409600041,84.37900258815756,31.60878221089338,67.05431614166831,15.13974919414092,215.3588112944552,22.442003838225034,34.96153310283853,13.349941906137147,297.33061712925576,126.5636445089811,74.80909828486627,29.16589331890461,28.933890564298448,17.022379197117925,63.52455366039567,102.62423753029,61.02350056939962,47.474210483989104,37.755473283791055,18.204043108565582,183.0743824831262,49.31956884898786,96.8335863253559,24.83054757359842,75.24833770742185,58.810859892430955,108.92722469310989,38.20337057160107,234.2478337665347,29.967197733792634,40.602915441271534,53.717981454173604,94.42148402518143,19.5162047141818,166.52522339446955,17.870688456349573,62.481782305387526,80.49425736373473,9.734596889273275,77.87743079777823,59.467298716216874,42.25684190212185,131.24886903363125,24.140911637004695,32.5251675854344,117.92631585792293,PortScan
79.11400043558837,28.479555664743316,117.81796873342769,43.2850402519974,111.0753172414642,75.51849738039434,108.44775248572876,21.188953119824255,46.66189681756455,73.6901352231799,5.58964666135955,7.859079596881941,20.66776285391162,12.929745703550799,13.362772972677126,77.66940529721438,94.16190135514908,7.65180622437113,17.444393428528215,74.74292532492048,133.1913110391086,130.79641925493436,55.46387081318072,162.39178425699671,76.31423007096569,92.24811702331091,12.43761223009295,159.81108957517588,21.671964212288298,141.68235279491898,36.516900104832104,24.489730171272925,60.329684877815495,57.355883687742505,166.7665266190862,99.05668274427894,87.81217036054527,98.49461251170324,11.382477230747687,43.29729280436354,16.392406359342964,74.26591657723782,50.60892911918885,113.3042347377462,22.46799016298701,107.50212145109097,0.4262937643876164,85.94142547594531,145.54013377261916,58.8018519036967,18.657325305536467,217.11928610624952,144.4343411979945,167.24045258123525,38.714831606090655,0.055999233969539965,82.64531108587624,74.49787674850553,83.96083720406722,67.60707152936095,57.19285461984328,81.53241668090142,118.120117314888,62.26138999593189,178.9012390501441,100.7117823412373,127.10300994311406,32.70734308637865,29.7949364813223,45.32219022828973,147.44820073782557,40.86107475639172,69.75419424751146,161.88225719864406,111.51262626634878,7.321945031246504,65.53275232007944,19.49677059907586,BENIGN
55.2924016236234,105.81464312944115,117.70316314530712,156.23545093732295,88.89877491836431,173.05179518279584,53.99509007551029,42.9991408614839,132.33409224899378,3.3068001361767867,22.08417702903523,4.282437907551899,294.69042192840146,160.47350122948532,49.10039459577534,32.982306086851004,6.17760622705607,16.342782038613098,59.727893584624766,61.65793523072711,130.70983443991324,18.606843247054687,56.15734705711045,19.8669133822903,37.08677924710248,99.13343922342503,96.58267708959642,23.671712102639315,67.85496546210517,187.4865655501711,52.20206351107666,54.32015003763371,19.280608730741246,133.95179235650372,85.16172401867081,96.61253255303113,3.2863373980213177,38.27784017095585,11.648835263103475,48.92118246643012,44.049449616333774,7.502700039680087,109.29591108966683,97.0462636906666,41.337202913039576,5.4611782910070445,65.73210951195391,31.42674218011834,106.08000718059476,89.95613767383077,101.82539014177286,108.59631707417063,70.12495444040763,97.61386900669211,157.63089967712455,39.47573891079933,36.25430910929614,116.26480586861928,18.033869066388743,134.32093905839005,95.93549606481228,118.19955218978247,53.79439663331404,18.29015674239269,116.54415262210568,147.06619906522894,132.5281371952441,134.61034238624805,118.51630314393404,89.83025496890353,69.37666074967504,34.24508791769014,127.7371133550618,91.09070350337493,7.398478153626888,40.93202145866852,122.37448466562692,247.75061186290168,BENIGN
103.85408570357559,111.27981956129065,40.283342847480405,16.93288571150473,65.55543582884528,180.56688781162651,132.50046549456385,97.23350038161881,194.25705714374064,235.96142591001038,226.89916116594534,18.84535964292827,127.04882455818216,96.32265338939392,10.798368601261018,11.298112310661049,89.4458843105129,33.43747468732986,118.58149110149452,32.47419350819739,66.11529286613465,51.025222240501854,26.201657435847576,93.34229544758642,36.171698781726455,17.866977521907206,337.55791001776004,44.96501938428139,76.39029085756444,39.039446711714255,46.6227391717112,104.14529517748186,100.33658927291455,54.84632735405707,82.5414597823085,172.62139619578895,16.045004326563394,28.01110077500062,28.057170659855252,61.602754371795584,34.61042717800152,84.96447827066518,191.28513533478292,177.72947680304537,48.38411250264615,4.233189566021276,90.68341463729263,145.1834745168435,66.4700905151014,12.107543239055387,136.55603704321774,4.649658112655793,45.00546711851462,58.95789959361277,48.684206896749096,167.72395929744567,99.55266916741141,8.145598777787942,67.54908472654697,57.75169546072117,50.65876716972757,111.19533608604088,110.44777038374664,12.715859687488429,64.18790614777691,38.309492115979374,92.30723963155776,26.949375570398644,7.627815173958267,166.1580989177992,86.03325594167204,276.7325422602398,271.48169394863214,150.18791337963188,26.100872417231358,0.9426360563773238,30.297187358728316,58.9160387988942,BENIGN
19.261914758693635,14.39999777016611,9.427271723096599,18.146106348063867,131.35277983539945,3.9569724133648134,16.344774661747724,12.88496213559143,21.583075543615447,113.78577759693718,35.365255488155114,22.73259068231903,129.72975339255456,7.937614002031229,21.446326746755133,9.63846363148971,123.73697935635992,25.772456158629524,128.33545772882056,10.358789464706469,85.94597234480167,67.9373170574121,30.466783375565605,62.05008990991628,272.9404384923734,0.5205261894946381,45.960529875748044,106.32586865312781,55.324100183979944,57.37031442926516,4.798579485058113,136.7326461284956,31.62737802597137,136.6214785205788,28.092849694782636,80.8988609229009,109.45624546137955,123.64895121841768,187.01386928213054,49.920199827593024,71.84839851611164,78.34656483247346,70.82662196573997,77.56752996156892,188.9282454250252,1.1369908798494166,42.61565596461849,98.03882514834748,213.53211239759577,33.6544921209111,30.821592816082994,34.67498910082427,64.48958586443378,72.94370488476493,52.37042828895252,136.57959280509445,78.53179202632383,194.8963111447619,73.56551436413686,92.59041767277179,117.72087874169148,183.41345643623907,177.1422551443844,122.98831152865407,80.37236608946853,46.972979648959765,30.056939058524897,44.69775528060408,21.930891313205407,3.52953907452159,72.28347951782497,217.554877698757,99.28687053786982,54.923865331257524,24.707943680771947,112.9667459310537,49.08064664964202,113.09873884855864,BENIGN
12.581935154833301,107.30913283626154,84.89046563704645,130.8684130989139,15.350069556978385,86.64477699523984,90.67842666754294,40.585026669289896,6.9851868183643,79.74854973437886,38.05203053163029,69.0700889348637,14.268841220163027,160.37018554669305,45.963731807481594,91.36072175680341,13.35654155359782,67.56644532569766,79.67812326691754,45.83983632127938,34.936355348237974,34.20994815573816,50.76118229432475,110.03928922787291,142.4971171815412,97.44525476102962,22.957264107425313,72.43636318034608,337.7768241289362,51.571961917013596,7.833084893015722,51.54692730838592,48.016228319304446,3.0140661315177377,11.198193262125772,45.6699144693513,27.315224651990178,134.42845752345966,138.45049626510342,25.2033979934877,134.12597272367378,53.85031566390435,155.42824416110258,136.97811019623788,73.44258528096671,142.24229552858216,5.3384272479021755,62.81029698337049,68.07755663251803,29.226545615571215,132.95342439705246,58.9423411486891,86.14434294642864,9.748893902369685,22.666220372399955,64.91477210704204,45.32595259470423,171.8439615602714,128.96760979610556,125.37347862197346,76.4849228308103,179.59827345840233,23.787515634886738,25.46079860138836,110.96093679030308,168.1376891715264,0.836078727145676,97.58368916238179,58.49534930864443,5.670664883926549,47.884757321773506,2.7214132377857005,142.97242430303712,142.0893985223443,20.31685289846789,16.065328636607447,85.0982678506765,75.73042237747471,FTP-Patator
60.51330157589494,28.02827130771807,138.06521701101394,41.20711370660239,52.51693132621684,238.8531462477686,83.43381865826626,69.1054377393896,11.835020112343628,80.33604327656938,3.813456882464037,21.053494035299195,15.914947153772793,71.63942937007461,63.89850540666776,108.02670597806927,38.0067440573832,57.11026285913683,77.06179501253388,152.06400960170444,31.46014474420489,153.0185623796561,64.21271738316034,202.65777765994355,40.21978249123513,24.854510511898724,3.4393795307583073,64.22324784439894,3.4572225485819015,51.125945786952734,30.234956633175063,84.1632255765075,18.421722953009347,60.99513873319773,23.18685066257899,34.201734580477506,115.34825308886437,37.0036612568197,332.11145555891386,59.022196630563485,8.187417719083905,56.367365427015606,26.867787752495676,34.76735422449994,217.97886613902455,5.683685220694974,167.95027929134034,120.83035156593327,18.71655478638609,127.62639878735544,37.120676347005876,1.823099713711716,1.9530389467102203,71.36288932044673,54.39834133726836,42.73760454707972,138.53605184444945,59.30540502830212,38.85070671188527,82.55570748695654,96.10934572320832,167.308401250574,58.15807632272181,85.55276879406237,181.2727965073143,103.25332762094106,244.125584526534,60.95098962124401,191.72879686057541,82.90984400183356,74.18431610084755,38.177119667404305,58.84361802403073,43.75062034730363,57.73420157083338,150.99931705792068,328.7761187388739,14.114967234280568,FTP-Patator
32.573889318262,11.333446390530185,24.27285893110286,12.27289077054837,128.69472861164192,12.454847968642378,116.27104393277614,16.164379447861094,46.44017814099108,142.38989372468512,117.11190647375706,10.752500043079882,127.87358548192564,122.58922634399458,1.5123261584553638,33.63229693212808,37.46228193260549,48.01695842072341,59.27992331786469,2.339396024394622,238.27623520730648,110.13266287697098,62.70508454473506,120.75031949519206,81.38136419289293,18.046814183120645,22.654275093099603,129.7916505660762,126.25774069641503,5.750296879491637,47.548474118944284,66.38331028256903,24.10632224657809,43.403335432359995,55.3627409358232,42.03098174852043,59.18011911450157,125.92837114361683,186.2869121400177,12.466339340755688,109.94637713956533,35.166018383421516,118.50069835830158,106.15091571758441,100.84159699429914,9.406984119152385,66.83581639908887,139.45284378654765,4.003720752109928,153.3012542249183,30.98449013640731,78.51265854600545,84.39514005189311,28.368622092717278,131.63448375195196,290.86607444805037,122.27502787381749,91.56322963584597,81.97150228673898,33.62629511858955,29.003780305390187,39.39905721750079,59.608149413248704,95.01045691456494,121.8176066807319,39.6319682007863,63.02320736464391,157.04750453679705,97.13442845414815,139.51019065022976,155.71608896986592,18.700772147472026,62.593209597290254,136.9868223361911,64.14157900234342,111.0677684054092,27.539623414320868,91.3711652342591,BENIGN
18.609302087593527,129.6256709748002,22.352376254153686,148.39790594674176,145.1926632314722,94.7530740972112,125.30582102439143,9.024288144032203,117.60109851977066,113.47686148667651,43.01429743153713,50.853531762713075,42.26286171925659,201.38247562810778,11.833021889820218,111.6064176071895,17.118714374566295,114.29425463832155,118.4951941226075,160.4934501753902,106.94473881241898,0.4142584944154457,18.476865024902388,24.791602574300885,56.987637597952286,67.60543665488049,99.37402628679574,25.30868410141108,41.98469958312289,2.17130184848427,59.11468299256105,32.8682349496483,53.736258931339975,46.852360281883605,121.60065389114764,71.93216868081737,13.05754572951713,46.133071303542174,43.585735498140686,46.43205608266651,55.539886065173995,108.3261776294304,60.59900460849119,94.27752402304745,30.757738956374382,96.77523395470999,56.44982040474971,116.17513001764112,233.30164182526883,129.59278615737506,1.2575769600314237,86.7394492997976,163.68018643107916,252.33733313995577,59.021461220048955,12.049741389935951,185.59332871884365,48.62873047408947,110.63441570771089,10.16557615660292,54.427443292453816,107.77439349303435,80.4361501762617,22.57880340855212,128.14909728688244,74.88116710235771,66.32733812644778,260.2479874874313,47.75888195530049,91.72616421772875,36.7114170072311,3.158900615257829,34.94249506357074,90.3058166736933,21.747348301422456,90.78523849098701,31.444379029762935,132.55002197212568,Bot
16.64855842815459,97.11898691379916,217.7320381042221,182.4977746961117,73.87387253049276,62.70278518303945,250.83062730565632,180.68588841465117,149.39281436421976,33.06586623763318,242.6178003841775,36.83520038409712,97.72633703031222,17.969538110620693,4.946657132325152,25.177867392637925,20.963999341916224,60.84916486780788,36.7199798775388,3.1471370203683895,150.95239926988543,296.67530687407304,50.9887247921195,71.77387066589793,114.69628682551696,6.487144105336112,20.79200673839576,98.59483833147212,149.116640428018,30.053598517876818,26.697578312756022,167.85739643487574,212.40270758788512,69.00125998145852,146.58359786029632,109.25378336083031,52.24452109266943,44.859687310912015,88.18184989854194,59.121561924237376,154.80082208186926,62.84426891553463,10.142296423965789,75.37076448617461,84.2774030099027,53.87262803464412,9.759389015441426,168.33821330428256,161.336823620494,0.7673193321506306,132.5157155197762,210.50866393345024,206.15231121122494,80.01752986641041,1.670086726755042,36.51329377957845,110.4145456663919,95.79278394952681,99.06540774992385,28.67216948200629,195.19290895174237,7.793729655820971,118.29004893875239,50.69763458281417,111.38623979822204,279.9964302593586,30.445802114822946,130.71354231507138,57.173582274933366,176.2473164869612,148.38901537677614,46.913071612746236,50.31635190463567,101.36058423544686,62.95942318637977,123.25890641689152,42.88111804330056,145.60464933464334,BENIGN
60.37330161902218,62.807869690024866,166.12044051839226,154.98186063283396,51.36092944152219,74.96980214448689,75.86652015427723,62.237911847311864,112.63934497220656,9.86083990046773,200.1922459248361,4.406463491293769,114.07858004524745,29.300880725865504,58.55215328568677,167.1332267634772,37.10537382153631,73.49751012572659,84.63983057776878,174.41031844659784,21.37702480623489,100.33018309754966,35.91316281088747,130.04502289219138,143.38844681962698,69.5680744166515,52.929993394366925,135.61067142103252,50.015268121472936,53.2022432272786,103.00860549044299,244.5769569113684,93.63801346166221,19.260643876080604,77.28337308889638,11.399655283962636,33.99837223515192,195.29445539995066,122.55347222149022,13.480142329020342,1.833806663370996,11.741030034486947,10.861665493834241,11.607081012048345,87.30660663320997,60.89844464924351,41.89116113727865,303.3989362145269,29.97948741631638,165.56393601700825,64.63201631358254,147.44973675705145,92.62391125885509,26.178072234270676,59.935570505299694,123.54317757568008,9.502788527207304,172.83293805663334,41.37542029473876,24.245018063581938,6.820678260283635,81.79920992573368,173.76861982453434,8.534395552050993,7.004644372796484,72.54188271577661,18.770160587403687,103.87344341626701,0.7350674919699149,108.28405288683433,192.52622125874854,72.71224814854929,57.90615726946706,46.70909439935746,130.2928421945811,66.50318903039252,143.1114142771255,7.002977680804456,BENIGN
34.750029970591044,84.22957167700686,7.984915348779596,61.16051462045847,183.60052833568312,44.11766907937603,113.63751667038574,23.16480716109227,65.6034758240655,111.16314741410515,160.38660672678657,67.93813730119062,155.102618198332,150.51959988790395,157.57204503737648,1.8790511307940763,132.2926160335532,55.16751380466781,186.62459348495895,76.02844386215936,172.93008660447563,149.10799236114735,0.04787180685054915,3.4143893340212212,51.297424396781174,44.3521599837115,7.224913423620272,56.21623419347272,142.2058497167931,21.5031942943456,107.33665824449723,86.95725186534212,80.97354673898116,125.12279153776757,28.418788215477857,156.7791509795664,64.55980789595456,70.39646767942335,88.98569517854946,42.07665625185864,12.060854761357863,66.2306896647968,54.61661042180197,141.4463011366321,72.29969346243233,123.77381057492252,111.82319393560314,82.19214824159002,168.07657133881898,0.22462017571209794,81.80021847417463,12.301867352675561,55.053396820070134,61.67301099564016,43.31840672715426,160.37294750298955,144.3928922492227,1.9290880373942807,2.230853891243119,34.35545770399357,187.52253884833885,10.451403607582114,59.81721503347946,97.55329356146319,76.79376635165372,52.63908651106778,7.142083258109317,10.88486250691617,103.2974234914031,130.99765543749996,228.32386346150395,21.34326970879245,46.85312569051241,15.226937580750002,123.22042374139113,43.737267417966834,56.384833185986,232.54201541396804,BENIGN
23.731223419521825,102.7959002257798,39.20477826671146,2.83202636777642,42.136025430670855,101.52923742498159,62.32358966388174,163.71217900017058,17.281335189340634,112.90644218323018,6.660102702197371,222.43841086088688,33.6903263976616,45.22743776485788,167.56362938455624,19.39947925666251,40.84853381464703,86.12881023859012,35.64271205250787,152.51854366621978,19.47896212832356,30.530915351856486,29.919976608889588,62.35968803326393,8.334535097509189,33.33800556076657,33.149938829951424,8.036232596303014,4.052294231700992,76.11740390516385,12.064303412983486,34.98853491230032,18.080744508722617,71.46641168409926,35.99110935666715,203.11587130732312,91.2678760695867,27.865633387930938,38.748866326969036,24.71716122443995,33.12393088783951,27.924010122099972,171.01751013917942,103.71714725320045,63.25827996421973,124.28715860631347,226.90772729524014,97.70721461414011,24.266646142712254,258.0291898690775,54.32569649742733,180.75896491814575,68.9655504900944,5.321243627298323,25.368355429809693,131.4748860310423,13.49902279770614,71.76391376105407,110.37585626023166,25.95956466989539,77.38771734428222,84.10412769616194,57.438635113387605,49.73695331402628,71.45497614635057,30.90544381042879,13.394188295201317,61.169312170179836,49.68761273415282,7.388693612455402,243.98744669855014,30.124248009139016,61.118850225028595,83.23894449694428,49.17666126562028,217.72934475490655,39.925664594596206,90.6870534610285,FTP-Patator
37.59282454713564,26.118454127962863,79.17452740087224,57.1902849809924,64.11116541527696,165.886969445533,98.45928948957969,79.06723186907281,78.7276293122914,45.95754883110654,201.7775813175065,4.39083018771568,57.72623672009194,145.09129285940125,82.49606865912409,120.08189998350404,127.40635835161494,255.25401520207498,40.23100227527227,299.37066026606226,83.128789548189,49.09489497318663,138.48710937940442,39.66279392214572,83.31415233289663,106.59637197318258,1.7832254529757527,3.756685870725232,120.2671507771992,99.00137139031393,82.50972999455244,4.6461273154189575,7.78857269806748,154.4092663524045,38.505516793783436,270.7565693672108,26.264198787169047,145.00163561675328,96.59709246115365,81.21694717263298,66.33383235123019,137.5149392040303,20.348200345228765,141.08022850909592,35.66676072498469,223.69710770616297,132.93590589340639,28.451030433922213,252.345736251247,30.093529297013315,64.27171526314838,72.06392313572671,7.73637302840967,88.92634247589758,254.60545359427917,171.23046874375993,52.25209294096369,145.11039864667384,40.615141657380356,94.69827656173482,45.13475478646327,118.11935394294981,7.282243259034208,83.80140545363103,10.069587281717702,94.63138227477964,117.48140575856918,187.89809447538272,32.77950558774631,4.166002338133474,1.5908658399631082,18.049605607808118,61.04398198094931,3.540743904535086,36.80582821436807,40.75893446596956,61.151580203835465,78.75433243268652,PortScan
64.65284794765147,84.67711090082443,1.8999082259871003,52.125480685612956,61.84072157441348,72.74539247231182,63.81840407282129,21.272612119178486,59.63246890919207,52.86348153345591,54.658972568863874,115.75196058099577,96.61470124092959,49.127402072628286,112.75909512087632,244.8586988174057,140.361621107181,94.9263174282309,43.128381688629844,117.41423724811146,12.430093887849917,7.875288624464047,130.55827158105237,71.33109002802115,26.194500642435393,233.6069605021263,173.47627931235772,107.04682430200711,32.69108642391749,10.140782972186395,9.800096678333993,80.9861984870875,167.12624603036346,25.149366994199173,65.50780176305258,32.88915367270408,101.75314239306263,46.29163794863271,107.5390554416414,111.04998656473839,108.25370086829098,66.0147867336476,16.833763423719088,23.94669887804349,137.08420448290056,159.49202080860147,1.2276533502175886,28.39278876047216,57.700443972720294,132.68775593670227,60.4029885474771,21.920418763358843,67.34288127536935,16.179154060272015,34.67240162419504,33.70263746813767,49.624856624542815,148.28328663859068,70.4789442438987,80.95418882529403,29.401639930663105,150.31550695996017,104.46665306312433,45.48758006638433,1.0939051960085844,43.984288647282796,167.64234178440736,72.60359992293337,125.88862057428216,9.468138947073005,80.72156774844397,5.786615921434102,80.47518137191378,155.8294956772448,79.03910765354696,52.051249662827956,123.59432022281034,202.00564145232255,BENIGN
58.81379513426596,131.06457843043725,0.7255698465661166,31.170759246721445,66.17366120969479,22.818728896095543,134.51171736117885,60.18971609326136,70.9114389633284,16.22232168988319,163.52902700715526,91.86164585230327,14.98780335221683,111.22924498917277,46.37230575571145,116.75008238807143,14.031622804715976,201.780644879303,11.122333484085804,32.73255750723958,49.17396407562205,76.339307958197,45.61683474800591,50.257477437143706,32.88894966708092,71.93276018294384,16.969315797128374,48.19678270528922,75.91835461675043,82.12863840728592,94.54973046593948,7.939638138549375,28.50347420993615,30.639542708651955,89.8726774013644,60.78099800296577,13.560123990088282,78.59928127031317,117.2967699164266,52.37592910266834,195.9683981955883,31.32416936936163,104.29282618087376,36.905204858996804,38.29992144834577,43.40684871831768,4.285624766033802,7.427369019014479,91.15933765861459,99.006123071636,115.61273671510321,110.8764895404995,36.736034914748664,160.28442471779695,35.259309706440725,70.09723227039657,107.33401768635453,81.46844372940691,31.120828917368144,109.10467171940745,220.7547565671355,26.284049946239325,117.80873685621746,112.41659847619341,70.02098475187654,95.01525300518722,10.607257638683825,70.77916141550176,65.94954368384278,17.04846806969141,41.50913367253287,70.51486589381767,23.53171684846372,5.650767442926739,155.83499601419777,66.2306142368302,69.0351866126289,8.586390079776185,DDoS
7.589878507966075,8.03195726252119,252.45092766074947,37.085189271099686,203.5902570104776,54.27989717169651,193.23720874958084,32.97982570458398,198.73102297264285,87.1590471068428,152.07215296341198,38.41601779674775,0.05393626288786419,30.29623074987311,10.45513885685264,139.42977502044178,51.35213692547354,192.22245602694528,40.92125786065468,42.5924599317566,142.8067176105445,90.80669707599654,45.3039656572059,107.3118026799375,26.08661747219759,79.98872897059834,70.76782440272429,50.65343913859176,65.84735952612559,17.392351197515246,84.83778038821383,1.7428952958101789,33.08635310669119,167.87838073868548,130.9731974367632,48.150763099130536,148.12365916235947,75.88477658387964,83.29454428250415,58.76949018678121,129.83344897754168,108.7478168112368,138.59266659702465,0.6334140465255962,216.11621035717098,123.06458041780112,122.07151954954413,43.33505550845262,37.077059666050964,7.234747515067134,5.2020650439619756,12.71739191942854,55.82321068783032,17.262635300847812,94.3193303477794,44.59477771253033,60.69634458726355,133.51126678040976,135.8256986122487,9.216581082147648,96.69174010754679,72.30731049121447,30.95556467671515,54.333959699904796,86.0523867981239,7.247771959403507,15.650383020921016,55.173785183229285,230.16748520507747,76.31063534454758,100.49302940678832,39.28010168811419,108.66361888852818,10.28142431550689,64.90933843875007,92.05095750656788,156.22651106550694,294.52462899351,BENIGN
25.05142037555971,66.30921738253879,45.28743267948912,26.621295040649162,92.59661298522298,129.71642963657217,236.83345424004375,85.60480947755129,168.40040177961646,70.90289023149722,81.60810441139388,117.63440561714546,127.22376272319633,71.30258504329488,194.73398726619234,8.933586547104598,111.20468421032064,55.15157301029805,150.69222991380136,14.621479637755929,60.471886663547814,62.955836606583574,88.53264322180604,77.26368896531002,202.10023208762436,16.994471105148286,16.090493827659873,118.8384670740071,19.3798713767092,102.70703006441391,21.55679434189498,26.816694982197376,27.33112495851642,120.43298271789604,205.65858207075956,47.084983012228385,65.61162018602708,76.92152772290495,13.959512711575176,60.67950250596347,24.581922181638912,141.7639757227406,33.22727012500882,61.255090235406186,46.17450413461271,130.40031778366378,112.643371674603,160.1992654613413,97.80029759984087,127.05292241471429,34.463483700815615,63.62568349860365,77.85870468117115,64.40649229572226,22.706305314414962,7.722171159842571,129.5148544195343,40.4941353815343,83.86576375205847,68.09088291356947,68.19932992541456,104.1732852654597,55.168023225596954,189.68887478720814,163.5007165731419,44.103583485076285,83.85806594815023,130.99875117317677,38.738174501471484,75.3213446416157,182.6647079311938,41.744703441079984,116.87227942312366,24.530748618780233,62.27691252275501,82.33568294771726,197.95942758525283,41.34388023765103,BENIGN
94.97003842778697,27.44683356365649,119.6515048150933,243.01223757273561,36.57807453020064,7.158569289387905,88.39229498283454,14.30849370279944,50.63867472328947,67.06871707262329,235.59189249323222,131.42850978081202,30.462264835473558,57.21731310374635,48.923401355003556,47.18699478766758,38.34179419689318,32.76334373099608,72.83292684217407,76.81941281058478,92.04887877395782,85.00363951895699,20.78532381376461,4.504447845515359,65.67103997764666,135.55418611641264,64.76527563780456,33.000686862488635,236.90243115812515,19.735515533466426,92.43573680260056,56.72179054338725,49.62058757415074,4.693629841522772,55.61645694219997,14.876073333569611,154.01078237440316,96.8498802624876,52.079430569275274,49.288491238371826,74.99383929448385,168.6876951373053,25.235348199089053,58.37114198239499,74.04212140477514,66.9884490215741,29.48306892096945,19.572497908388293,53.79759698264889,95.28610405863004,84.46772632932499,6.173467646029673,17.31976427087474,182.56151785646463,45.514638094951856,77.27283779193932,7.728523746629532,237.4466283283992,68.29351063151861,36.10871633868695,39.50669061272094,7.618761129101754,32.87248129662911,140.6810544604872,54.65482962364754,9.762069577407608,122.85720820619974,220.22432733729133,133.54738978506546,77.53790296726064,69.58096106261655,15.932857750935097,178.4558888853586,16.54240521818934,132.75074905374308,50.117713695303514,75.7056001819417,68.99402768960869,BENIGN
20.02166664916561,68.34146735600306,227.3172202546832,10.382923503269769,86.06854213686302,83.28632751545352,83.6338536496288,186.64481527634754,158.98955948106942,72.01539770215668,24.104327786211176,60.39170414833745,151.2067949141453,15.389777398563528,53.94297937784186,17.30676485705535,128.4080276542287,17.017253140078374,95.48690815840763,154.07578083153624,122.12973846052253,86.4391497406665,32.06244763068115,60.75209099207104,71.59672231839423,8.504586020018182,23.945509376558377,27.31321437192525,134.93239278107393,153.80162818616333,161.00216729089965,32.75927311429576,77.68620986213922,24.825111386109356,30.927838512669442,21.271991693091934,23.045988062763318,67.29702060319175,29.457680054031986,64.68363041676236,62.91996069703239,143.97052966180354,85.39202975207183,196.20683618985282,79.20035740952444,119.33788124438198,31.992786184477335,11.036475929185984,19.559323684922543,140.904596641209,54.912667555836514,52.99929317034754,42.447591759177996,50.25865139056851,87.47396215802571,30.814762945313745,179.31535024541506,4.831967873434432,153.7026001127929,218.42306017549018,96.56679138472309,16.186476535773068,25.82027347011369,28.865816067923,29.003040146619263,42.18272861608771,152.62159587962788,76.75090818172976,147.85138785735427,104.66191080935019,31.736263325536136,15.524605205827926,35.10912916767348,137.62319706355726,22.078914979205404,40.55033665540877,53.39807974186639,177.82027275658473,BENIGN
23.68520491221783,13.419768928545297,92.03586163069252,105.70590113565773,106.22403173432842,13.587304836379621,29.315722532296835,135.34515614761185,1.0556434880853316,93.61535941282105,70.05953972771273,12.345755616914253,108.95134082734555,143.45808609043488,10.650540141918647,54.26968739026135,91.92610916812917,74.58565180985775,18.46109944370498,115.77129239412693,51.07355496072734,101.79494461351504,75.8463922930865,97.94157382151545,13.850102193995346,117.01923340705616,0.5040870223528701,44.32186924276957,152.5614930045244,55.212458472984295,78.04046059286274,11.751761915809661,35.42186159166406,83.81772195994377,15.723639202855216,5.892635452305161,48.57471474554596,210.69401822631858,88.84469303585544,8.86061063486094,0.3197990615288397,52.485946032443465,94.99957035196952,55.2750787066322,77.21489637119426,65.33683837958854,107.11948578689861,133.32105613800442,75.20463836188297,2.0501729367668466,0.031861146506831445,55.72813096145535,27.008441134776405,108.8092463208589,70.31564622558138,153.33920889187306,70.3218254856744,32.43659742438005,112.01988014411795,73.3391370914118,85.91042740501406,72.45322690342489,32.368275404118776,26.65473042807473,65.07936550684602,75.81638194999282,22.878434391938153,16.769153485956124,31.629653636484463,115.86670233413017,50.80877144207865,159.08458568586957,52.37277654138535,60.554398258558265,43.47349681241913,149.51975873031554,0.8066759411136091,0.7708651482244079,FTP-Patator
112.16462365331947,145.12192162599356,8.755354645343944,23.307719205082194,41.72653653223936,8.341073474656136,110.27763738203191,43.48206128661142,53.33250306143476,34.99700803512888,167.19724717925519,47.26922777235716,107.01584635068603,26.713629646173075,31.883740338042532,165.8774625086031,75.9012970582189,111.21863012785585,155.91822904823513,4.877626450061687,124.63934985391623,114.19860706926815,34.809529178734486,39.12998898983776,9.665390961814083,161.27802326970394,69.92440642290752,5.996285769570662,141.9844487373053,27.051347546640013,160.6602735358006,50.53890117321368,116.30028577834442,140.6807528732965,82.28676049979778,296.9509507745665,146.73759883276782,79.66125696279786,2.0013805001610487,75.36442816334635,78.36604742267077,44.23362599761972,125.215903696611,12.296894663436952,36.671766857603316,34.68639879246106,85.83732319721273,36.51810403026461,29.128366569025637,79.5234249257182,205.1052407853855,31.006882387515038,21.85688888737157,166.8808081300705,152.8587982263667,155.7186632376758,7.540912892466581,48.898953066004495,167.59187876093767,56.076126800557304,40.036828946256094,24.22911858023184,48.34781349943769,2.8489124510392894,71.55127661227486,4.456689942548199,233.59306970550966,42.903956756754866,12.17372537836255,33.62037366667643,21.97580839401432,143.35639229654407,192.92699966212825,10.276746148759967,14.584443297218957,96.53962101329223,2.3946382449261248,138.69598902732804,DDoS
103.5916209432034,85.44377511405561,54.63989516672716,35.854252756260976,145.01631670367019,20.103877186663503,23.587146453367723,104.8794439671241,30.93904424598202,161.23115279035483,119.74885400381746,45.649560950409565,179.51291966198684,138.55752339414812,135.9385223230744,136.62115909022262,150.92400198275007,38.21171705925179,16.0685498125653,161.47832542473273,134.4685173230615,65.13309519952038,47.321706581198306,61.63942905303591,40.00574338825259,5.510144973232095,90.23171545945426,33.30397757389188,36.6633878668933,63.530536962166465,13.67465026484631,32.39808507005772,50.22347203519739,162.23206132937653,11.335479410729969,13.155164017749568,31.062923983688055,17.239269980923126,158.52460107298575,35.647710466949206,64.76059825670704,49.35372942037669,103.8727059442183,20.152960578250198,47.868118065093704,15.60907384568524,68.75507195924942,157.72296361321222,89.3580967978011,158.6899657033091,246.04358220962052,14.017792982534393,117.22749596080682,9.326066554176462,40.501107145069746,12.942167681530039,35.312018000244656,3.084949275693916,68.33810365201296,110.86744199557242,142.3264921065661,13.339032211162255,138.64894206912433,52.38431703133952,18.398866010296423,50.553887690320806,100.8013223170678,76.91623186421506,51.06761378588074,93.89088320395578,62.15940451706842,133.3217053950996,328.4118201287884,78.33042370887135,26.700376176703163,86.90312755308398,12.44566297144221,86.71568891001863,BENIGN
15.939319777622218,9.127189816757326,11.358186823078862,144.73813334630898,193.80948993931398,94.15339202677434,136.00235763105945,21.28598827563673,96.14718135105068,5.171279056027103,68.77638485617686,99.5302900529223,81.47307216216817,30.56320547856803,4.959182766158587,40.787905089749096,175.77874239420726,57.05847001198596,145.72992875838315,204.03465989064892,40.451508464169535,18.487517719459124,76.97070992378553,62.997003185568964,227.40935691432398,94.03696886232976,154.92024451478383,150.42129006852295,119.32422751414316,28.121246228828845,30.66969420298376,1.4944079421074246,197.25799044469323,79.62901889920903,14.601060977572693,42.814533099280474,143.30404046178543,219.16382550549872,118.15665791024124,22.01291874877759,174.07006063803354,39.907053924309324,42.196882143345746,82.47339795023628,58.680185073565504,26.904109188808246,116.00825123986131,136.17609133402232,58.674476073001166,7.673285939295684,18.34542264722327,61.93492954346985,1.4381996244265738,19.021095934284222,24.34064747951195,11.523986697201831,129.79401935351325,64.60832412118543,70.1255639443369,72.30703241355782,15.38087778810355,31.88270435795304,108.51736783357447,126.88076563169571,278.29604323432204,8.714839233542518,114.08959771502742,136.38679336293416,39.97799176168511,68.07664465790269,36.88032651888687,94.59409606394378,19.80569258851502,203.43558678843627,97.64255397315983,97.53357348887596,44.89427181929976,174.81355725242844,BENIGN
168.2647594013297,34.22451301467918,250.32378050694882,2.447966985191076,96.26685344090255,63.36398659105773,225.67251052894187,160.7019008249281,159.47619890438637,101.5507438813321,22.78842883819059,9.56075441125776,96.03530521421138,175.51020312711617,21.035760377691183,32.107942945924684,38.841124098877515,22.271606260096462,142.95196585259922,30.309271969172606,17.044299872136286,72.6870523744936,55.41429265127488,61.4423524447842,9.637712311403588,54.75398201690533,112.83513375107776,126.35390107965081,143.1588905214111,72.27802554444938,19.367001834816868,64.22782566710316,54.56141563287527,48.161384568809446,16.32556262921654,146.7918177638801,45.91613159785581,110.01424162710359,93.92028516620472,67.12110751338888,16.128543366114506,137.2278913446575,49.63816465288452,107.94739195745453,101.49165707990836,59.930278862372546,39.464408335666604,35.82998149327681,84.31023046628692,116.7209485614359,28.158340508583425,18.186006579016194,215.72158874477373,3.660365656307895,181.42528277002748,117.038359810434,157.3212939561707,112.00851325255346,118.91297814534663,175.6101589693534,78.2179453952634,46.056602975955755,116.89809102124997,181.1639847118387,71.84116977766297,22.302030296216312,1.0487982673875442,140.005653716338,163.99566818286607,50.33567380494731,53.36264248164758,145.45614052447243,19.052518962003738,29.137445623858387,32.70752180533076,15.464854323662507,49.452249204877255,113.05204560329611,BENIGN
19.737260543966002,11.375768348027737,23.167268419506083,7.2345217319181785,127.32127739133976,131.77997521089736,221.42681858845515,81.75345098452976,82.76575097351987,84.35502912221203,30.67899624614518,213.3119217718111,102.6710491785266,17.041541759311194,13.551800279179544,22.27482131520212,36.89172029082467,1.1651707685245567,12.07704655513617,63.90653328320162,98.20109861215902,43.077160868038405,133.06490830206263,77.09990128187286,34.84661913619803,99.40027883688467,4.226799843479304,18.6148218965649,124.86634247626273,78.54825898295763,65.19521540233856,10.002785894133591,148.01830768818647,50.87633310493045,162.82540477151744,176.95102363524722,6.4310450119246045,121.2740614874805,64.85467476329978,4.226306496497919,16.538476902386297,70.6743181642353,174.13836552867056,284.2593728010459,27.85847237567147,35.3039248415001,9.741734306431258,25.968686344106867,83.20704677327967,108.49679874804772,113.55972655255242,40.524002554914546,51.96744782036353,257.829285014053,44.48582205983224,3.826128246415587,134.6673001401146,37.31223970910093,147.86735963102973,222.9676640729981,71.94723843379374,62.510742069365264,94.31592010001667,0.8870932289573393,113.36884980985089,132.48330557026347,96.5264384380448,72.09891534309195,201.82341114311964,132.26178412607723,9.345849176635273,39.20445038685057,86.48961124284227,127.52470129219724,118.58523292388699,83.2092018373946,82.06074759086712,97.41674281722221,BENIGN
198.33735994225742,23.15284802175192,65.38926102710242,152.71207953357558,211.7730003008565,122.45569402250898,102.48864327659304,99.47717179316953,61.89888028476827,78.87540438854471,102.75527136751572,127.1284249114102,109.04721690569939,104.4980495133194,93.79534088448924,159.86475935911102,145.68576282480382,62.477258277761536,47.900262409198874,85.35662847026065,26.381908567934097,24.107607880329518,18.707426992272058,83.24005385905596,22.836079265763917,23.154106881380564,114.64718774879026,79.06862100258404,78.60172908142086,114.91796022167802,52.479257550132175,87.84987909695047,128.14149797780263,7.170634628496836,90.42951866515898,79.06177188399772,81.45354596953241,190.2626236431442,82.83025395768901,145.97866719179987,46.26292765928907,45.517566986882436,24.22880981783883,58.97592406671354,130.01765268131393,230.48571725962884,123.68718935182248,54.42882931554857,7.810901011278953,52.73633377201086,154.28881055391184,123.09784968052595,1.1736369721935849,52.743865185999674,161.10027678851674,91.98981704461536,14.817853349822913,88.66650346843747,81.559177121915,34.986266307643746,64.95813316461732,34.27177768781444,107.84261944729465,99.77577826593547,125.19222604734526,192.6345405721134,65.79581276655114,131.091200707216,174.20539417718302,107.5103453808939,34.13045146600592,25.37097350663985,15.92017115866396,101.29428846697812,17.95298339759204,234.40537788326262,13.376057405422923,106.17847669583212,BENIGN
80.52398579044068,3.644732025803771,58.697098602046324,33.196392856655365,51.0098731207273,57.25860481265273,16.633886595065583,123.6204978259596,206.99477390696788,85.43693203494213,186.27596863802822,62.937421120645574,70.18822520592938,133.85195085812722,89.63333329719958,48.559011204500926,173.79047618352502,97.50988557869398,134.11300326557108,152.79815736395113,119.67632249804385,43.21202439837694,4.57107546458275,43.8524505604982,28.194887380905115,157.980695740155,23.856612614207602,216.69592672469656,89.79419856402305,1.9680754328269372,37.30586676639155,108.51415431623327,15.308373300965544,41.732930166043964,52.423017995203004,217.04521789445562,46.446746972355974,115.0136803679616,6.609424629897591,167.80556004525954,239.84492855880694,53.10851309759498,99.26590154515813,54.880502277716836,28.19343032051621,45.649803525064584,69.8425134384372,46.0197681230041,0.6984916255938689,63.61984412021287,40.11382612642295,185.49873574806566,101.99286054277547,53.4703949636198,102.95669238227512,37.10640289008525,50.82651460833204,74.77851043659818,12.528662276943791,42.200589670908016,120.82747406521392,47.53234176821889,80.27217162249164,194.25771788306315,45.13752310813436,15.352845725035097,45.13228247434116,113.66931189208151,123.54837695030692,63.71190404112276,155.83840118807817,67.92219372181003,9.912579247616002,3.935575499419535,26.388849435002182,145.4614748577161,11.083637869222239,142.6463911423745,BENIGN
35.83340711969214,212.86491245185198,185.15868342905867,81.85487164399984,54.68384551947827,98.78580736322408,127.08456210755482,32.762621732841495,87.20901955337837,16.624207232083048,267.96286939000026,60.451386055979505,174.44955493598883,6.136604009991286,165.4510394912746,48.28487457481086,31.476256145516366,105.13218142392297,92.22192771347147,2.469764308499223,34.97478152479815,247.06632828794008,105.31214525238029,49.44979738149775,133.17474843981762,94.10665514519307,2.3617979418456323,121.61657767822543,43.795226297975546,0.15145029480460542,15.272994498015613,48.27127605561378,41.35312588093302,85.25725887464995,60.990912265464395,14.448784144442941,3.3567648069006086,108.93798361546077,11.387660773574096,1.5033925541790552,59.964951145093195,43.07399339818508,34.9827912680088,90.07751317905579,57.912883700687615,45.78169695901857,79.21373991454693,25.22130033628634,90.62181261926946,130.65540677345007,169.84505684002508,78.42847532637518,126.52120359981967,188.5788516485527,154.45997269056232,115.22506518727485,8.163436001124397,36.6602569838744,18.53966564677613,63.1900339157813,90.44005023308695,81.57877251685723,64.96048651128858,170.73429536496,58.422909319208536,304.0686954159441,96.80129645892809,114.78027917597527,58.59507687138121,50.90451447971439,65.43556905962174,112.89567351829474,20.025382681277566,198.88846387548531,58.93365645851804,23.422041359956,24.527693221760753,112.19681199494154,PortScan
28.587225497912062,16.151349923840733,43.212104312941975,244.0923965456535,83.86236735995307,117.94244681404278,85.64598131487865,1.3862134504271355,86.5209053852247,76.825532039177,51.79672992165097,178.5741281946263,100.34654257992905,148.24765153636426,134.58750031777166,61.84623923882185,78.59740988654605,58.883195154194766,16.696762333416316,146.06803321291372,61.07626557317373,10.666965536704488,74.70588278241232,132.1209231856129,309.6588896142549,2.8565762777586126,14.198945057559273,125.68780316749218,91.49553330102238,3.8078019396459126,13.0129438098042,150.4148530947979,55.64657778499762,51.72102161589602,44.38928390428866,122.11657500040869,12.050105822332462,138.72865134308663,105.6730430775678,143.6089346182016,89.82445728562294,16.36336708574914,104.43860518765791,342.89104780082135,11.515231444047567,131.17366922451245,58.6285049552152,62.54760003040509,160.48043108980627,16.94030749120695,38.033665031588285,153.5121739812652,131.01948560543005,86.4584791751771,216.26790105145295,92.10531280479252,70.55133860602464,25.59443770783465,173.02221261454855,77.67739091870604,116.68227695340663,201.50084395070905,0.2915151414794514,79.78221214427796,262.5305580268912,16.877193943790957,129.37531558659603,156.90990246932245,53.00895860048698,9.689787603431459,90.81539486076704,42.22006848047443,21.795090624353872,23.390798544489442,185.51185730353464,37.82262854315101,47.95105629413033,53.96547743450705,BENIGN
61.26263773371126,8.288698387486535,32.07463714788462,16.681605951827745,115.68039489134728,112.62381884363836,24.039847568841115,76.78436946681114,19.45846630396678,3.3870549435244235,47.35233815541974,18.16451389062335,134.133006954968,9.242114733923628,13.528250855231791,144.72177792579583,30.924390763272964,24.131490374472868,82.91434854434051,2.1665411703563517,42.91822902276543,7.999585524358216,12.15030098189344,95.57543578226444,39.870178248318936,7.737428276083357,118.42994311567254,25.671917279574053,66.19351799174277,39.90047592438523,170.75488893217604,91.67064725890187,54.75265304356201,72.55901754823215,143.99540414286307,107.562679401766,56.67603811176578,106.86422195900849,108.16510962640609,150.22652523402812,15.709865064383013,6.868070965053836,54.39100535132576,82.58526698277096,186.28635864512358,53.477225605780376,48.495554487761495,163.63017850994595,149.4731007269304,135.9201268663323,58.83400573076859,90.79797578051338,64.60453434287315,110.81746964847466,68.24892092606365,28.978447865822183,233.30355621114674,40.39404160683044,14.124182106853178,85.65019571194227,74.42433669555713,82.57690954681581,137.1098813911922,1.7969915016470623,56.524712397472996,151.42475999808872,235.8464142207465,127.8873764700375,5.539691178333415,43.50483716404444,82.84032217482512,75.51243984485184,48.88458898129879,238.45978003314693,100.33133128149015,126.55229214185404,19.200127026141985,60.02042245856282,BENIGN
78.08049515789935,48.8273724696688,205.27824331705253,72.49193428916018,56.035315605984316,17.535817439484102,13.175010974729172,36.24508686256106,1.4925372442960092,58.144308634275696,196.33586432655207,57.53086084017933,97.24506376870052,46.60667482786038,90.92873966936938,93.85710670599391,75.69527361278202,13.352573545248822,52.195556547589675,74.71027536670663,150.74989166017505,99.18537005078576,17.471103792997443,124.63402936208739,82.64913757102347,86.69734564325522,4.302448501512677,106.74678510706859,34.798954959558316,225.25335147836492,18.91803351589201,15.619390009719572,22.49202309355217,62.74611664757017,21.743908072584237,6.614111514900174,2.48303141266471,41.26413614429657,42.983282314785356,48.65856697006532,138.01232895854,55.93554097154361,82.69460609427996,122.61045853340684,52.59441806248001,92.83886791361711,157.93451620702604,20.415387199602712,18.271846181432753,167.76840908998093,92.76455318033,63.044519079317986,37.279415852920586,16.76813334492398,45.43314331522287,101.88424693746518,36.00164652382253,22.815134928823433,28.244976405560045,72.43851651221698,58.50631713965995,117.38420203667026,105.1547558340161,97.77544010420485,5.158125721557804,77.18903751859546,88.50286322627987,10.507597120829498,150.50658569037049,100.79622349136379,205.40955829236432,45.94750589690091,74.6563352269911,41.82150782661971,56.73304769866295,99.44144200902385,12.715602945673044,97.64977027728892,Bot
203.8446524882173,105.63081304757532,16.387140173645573,32.96335328077915,91.17822876686418,25.941999126315913,62.38402486872604,27.695909422716564,102.47738006650108,90.89374968885997,99.70603273632625,105.72514620201035,41.117339555331625,2.674630117292513,65.78984885747408,104.06424427996679,34.738984170855524,40.608510987442905,126.65388289449717,116.72907173837798,282.0168822240691,83.4055451849369,93.43117376707711,43.24011872779616,127.29102172474238,6.309755295434644,6.243170332744294,33.952878740421625,318.6574911811055,134.44339080830042,70.1131200712918,91.28044866011949,14.358982547949218,81.31240938463866,82.21108472828129,14.046697573485675,112.45216796138952,8.11245834185029,84.94174697163055,15.121622133754704,85.90773163652565,2.7487633360812795,75.04698619350948,5.305199192510611,39.088826717238874,20.327622105746258,69.7182620792853,110.71832698817605,26.06561547052026,131.75408190174,57.36569632767152,5.775414666722786,63.973750669889476,45.24964561026824,75.36011091598141,202.39316109829443,155.34561336632652,100.48291494832371,150.52791761614407,40.1538635719205,35.20496560322917,99.61892455959969,34.96497571474736,20.103350371657065,211.03426520963774,62.48112045358892,144.01101200691738,35.24229143843145,66.10218815427123,79.92464575172453,56.573850445395124,3.5843294858049233,26.629535644062347,59.69870310455316,82.57871252545068,75.9442173822583,22.393942431327403,8.008299824909248,BENIGN
27.982159594427714,26.528834478380816,142.93264709740646,128.62520864548588,12.11821519006783,20.26532628221494,43.08460051697467,23.654219361486305,76.70626894897022,53.79836721509411,71.78462289962667,135.0993905727516,88.3624548970972,16.048622032856265,112.29011560768328,166.7797933004515,23.772337334711267,47.31074133605223,173.67268177644394,33.84731053121114,14.888660395377014,151.51149362494806,45.32740421331758,49.819192070143906,269.0315007288694,56.93611920908682,43.51933321977932,87.47762242543678,127.7876521041972,37.277579446475315,72.49141537654967,70.69550099205425,138.0352935413185,62.51105462489473,178.13997166008576,56.6607832835089,63.78983162599249,87.00602169074838,170.97080286755187,120.98939600191044,43.96697222730237,90.38914006360014,88.59349254651107,77.6293590747322,100.55559711837476,36.70224186316267,308.25621751432374,40.14296593674621,64.38720111083526,111.11452152044625,39.01926106054028,112.40958947016253,108.35965446725378,103.83860371596327,210.5856344363327,76.41582999318943,79.03490086922889,16.9597676394935,52.46687805653642,76.11923727015086,150.60829104020684,41.77551249208164,177.10568023371823,70.36563773150829,64.20450918935612,50.53933762204632,5.09136955354727,17.04009940620107,188.58646178642093,37.25622805709149,68.135160643521,65.90596905145408,59.95786278137534,86.05073265053105,60.46808501274109,208.70692457095163,29.41231803761696,108.78375477136197,BENIGN
7.920292868964361,95.11080467424647,10.45422455492162,14.468576074234319,167.20417730423208,49.72179804531937,183.96378725623032,126.48888441027084,5.520800899233323,92.98479483926508,296.83684302358523,134.95463138337433,72.02240169054078,52.09768734917716,60.73230454709151,42.76767710099296,70.43603242208816,20.48573002176908,92.05832258364775,151.6288450556014,157.02366540818446,123.22838295108312,3.89158280173303,48.94669953419908,16.70029216957383,73.3348007178181,136.6746736694397,31.314302313353217,89.06960852622773,5.563012376578855,181.67932366623728,134.7678085512624,90.87634781243587,79.56870201223867,69.94500906065419,115.87548345098699,45.66287857219052,135.50860657750061,6.900350073706138,81.7581586777691,105.50207553771844,72.02785765879318,248.53139245336862,13.612463407584418,36.190783636098814,122.2362807004254,184.37529587926298,81.90526431188059,143.81955852087484,33.42754660765211,59.859509144439215,73.85660392020614,59.134937979827775,138.79655839733675,63.28075992221822,140.6232359262553,44.230215613534064,178.90451542463222,74.8009486600535,178.49385328721047,116.32821327942086,2.473542080240107,222.834243994978,37.57468817196584,53.71642623883201,148.38058550333233,167.7965836968697,10.728586609657869,29.343140231331255,39.942478098601704,151.32794691577723,130.45488995841094,128.49167848750832,47.388286978571905,2.20677009368635,204.43304762010746,131.80920357955057,60.98125198747528,BENIGN
37.77117601138336,175.33751987243156,134.29563316312263,23.07109724848231,47.295356471327096,31.660344290307396,205.48098186386486,114.90146960523997,16.96850908577513,20.03947848763514,144.48502872598078,57.95778471138472,155.8628017070086,219.36479262588736,46.12282614987982,51.5434864681385,175.63779876279924,154.6398687189829,3.2835809101306666,153.56309788110315,178.3114519992506,7.440667192614731,247.19337724318575,3.134115266972247,21.45209503359089,86.58725885843434,35.37907311423139,8.533977579489385,140.943442405091,1.9218852217270328,169.50177929753076,36.73193878491966,69.62935790523947,86.5271157294546,69.61897158262457,147.14003481665222,90.75323007926968,109.02442836580649,66.90967601377133,80.39864958905025,196.84512893602903,68.86499086367672,179.9738291727098,54.935009120133046,85.19712450499742,29.620044335483808,71.59104161288094,91.1750123972265,96.17624207732018,43.45400972542903,68.55545714835051,148.89222560705767,92.87363155327847,75.09003659558182,52.15951603525072,115.22136630686686,147.32066298752667,35.19610742080557,117.66981857709065,62.90854090140003,62.27305810037479,105.13290180232788,79.96645153475748,58.69226054450949,31.596395135269827,221.99890875563764,94.65513614234737,82.09085211691072,0.5457844281313952,152.7580941355759,120.93691783347631,66.62633863607911,45.335345010058816,231.2044056359531,70.36364441092296,74.22099624265005,56.209226208261754,39.01721928800851,BENIGN
28.20005425545109,37.63885618891993,27.194059094054033,5.191835877606092,151.12831241107423,131.26605607992784,102.14581040153764,82.23422986875516,69.83991213294011,111.69794276401286,9.259939526839297,186.89740758268766,7.229265971448583,99.11942176245545,73.18592098580639,124.24196738324117,47.73448584438344,59.662369398344914,237.75698299271025,70.02219112822891,222.0321858004882,60.62371934962887,20.292395653422776,5.474639567621555,42.09858680131761,9.004158386695831,3.7008094073233626,84.10484303982945,168.28883889478314,148.7154235709771,71.83315431942462,10.119762731753188,190.08318150657448,34.08645992482214,35.990553718324826,24.770719843449733,3.9906694519761152,114.27906949964009,76.68695251179118,178.49439691918576,92.2976898374094,9.39064816604498,30.017504928452098,197.9329694996402,13.721170304420047,56.34099508221323,16.291219337623527,63.378864577780035,41.21611450482139,54.076335497722205,63.67305591080572,17.382352524484837,230.7688227735451,74.36999169051833,31.81426326614269,5.169793937523165,68.73544343582935,109.82358035234266,237.08853733064382,53.10591703786757,81.8313736319962,29.409430838863376,82.08389588502914,44.07567544387641,90.6343235397152,21.06354452150584,80.12203598128833,45.620331915174326,40.204930027478994,74.51868818938277,148.32588848565908,260.55767556885326,11.106747319563267,173.57339369476273,244.17885853297707,46.81245337961904,74.63732418253724,3.5316859594895713,BENIGN
80.30845807190595,92.20530471774268,158.5679173100759,95.59380601783107,194.35840873775632,5.545333515769916,28.79196212460003,26.719156565528817,28.70822031150092,104.18869324773684,8.401019092435126,78.92465948861971,44.190892216420266,17.00102189802097,28.76820436757222,167.5129939690226,3.7717949765591174,75.67270028534281,205.15094640855813,130.66170692950476,115.31696984548448,30.66882155205,22.964305556779678,131.8276292029942,49.89144009644145,27.446017761384162,2.3385125156181097,102.719478824286,120.77748224243965,163.4862851160347,90.17646879402838,7.0633979651974075,14.87295878173936,48.06112152485944,152.08512320637794,10.160771869001078,14.403090197922621,1.8118477625871334,178.20241127014725,36.88831029370239,2.9507598619071267,146.34356542609945,14.701083361286354,113.70588600455223,91.12800569029585,20.52925216285141,148.44340384402287,67.63397157635454,15.129903976970741,25.668523089147865,98.91545179929867,41.38101186218971,11.263668182564038,4.6681734161961215,128.03520208371359,154.14571948322535,85.60848720009113,11.126851916748945,67.42483084247655,151.63474657991972,71.84902973171295,29.09134015923317,66.65425319826306,67.37688343362598,92.77142922843684,19.27987925062688,145.91609941886915,20.735676869400464,12.944664254744422,24.251644952602195,231.3859495606875,2.0590177234679143,30.17919306528727,51.249339088090196,115.46369488847282,88.06064597816493,76.41876161355641,197.2524773046905,BENIGN
138.24333409054327,134.4346004830552,85.46273105507028,66.316237580929,58.22670625087771,46.1975597971284,70.60669498554304,95.92533764490382,9.803107127978798,8.107074100802476,46.4263743235793,56.79945395242419,117.62257067585291,128.43719755091988,2.002733980403,106.80243758911776,5.094227906340305,22.61752876807609,4.674945390270229,79.97428881105317,148.72897932074287,209.4437526714903,13.118015426484044,43.10011058329391,67.59376648038271,132.25484628316607,85.94381867953109,141.68340821388028,162.38437442692572,195.0900466789381,9.238145899896976,39.96964908359908,291.1803944717266,144.46412530684142,77.49361071084742,201.91992527112643,90.26781426992484,32.363247251297764,2.1332381631087505,168.2662914648114,214.82392019576406,58.68426795241861,199.9986560310291,209.81874632712015,132.1880992159802,4.7058540774386515,18.324191045871853,179.0650992956713,75.31889127884664,29.54808139007823,20.78383833640706,39.8592038913759,103.73261983013427,78.4566992602523,120.83232859472328,24.478461960349975,61.215680695555164,89.88738108773296,295.3823485400624,52.310430688449635,86.65705544254966,34.90122686280793,328.5723713681842,69.51660176182558,273.59601593834884,56.876969533944866,62.98862375727151,34.79160781208834,178.06385994777082,182.95625963212393,57.533736804307914,25.318369569929892,142.92668796711453,82.46686246914298,155.33546990558943,3.979945411601616,66.73840543601281,36.013095127756266,FTP-Patator
41.7459031363166,8.11438318496202,17.871512433595292,17.381485046937094,99.5954928226406,73.6227445165127,98.31031471441493,101.05906031585947,25.437441702656198,73.68371241051793,14.805741389081465,64.31504101226552,26.151859672583015,33.0810519522272,88.04864602241314,33.30584350670474,31.527818745214383,23.151877204646155,131.50480595242016,56.96300765463776,40.2656981647161,7.046034046599581,42.698368386209964,65.45649415957304,11.033543315937582,110.78232824168009,93.70069812461074,132.94051033250818,129.14555644869642,117.06625302001889,59.53232878926642,140.58596858654656,29.789534474353076,61.828930331070794,41.66590605485936,38.55589799624851,19.092373175510595,10.714532973756832,22.424095554818628,21.083471865458023,223.54274347569606,80.93109039313008,248.06509175121428,49.696313292050135,8.496659688814741,133.21257652766474,80.95668020895724,190.19131486625008,52.20342898417564,191.92813001444594,124.33622606798905,105.34690340732769,34.123122102342116,6.374992167917787,92.30872924501296,45.077041718626596,41.63152573440277,13.331580651810626,31.90629197847001,91.46537353257298,88.79629366016216,102.78838914334096,182.816492792714,161.73586974450546,34.2994225602232,77.25086063921601,73.97592906972692,148.5216584147117,111.76324416039574,50.18520493598908,108.6863489721836,171.6497577143866,52.183054148814826,91.11700600248446,122.46387312151752,38.347801892388674,84.54065567820554,53.58569424886379,PortScan
86.2306936163681,58.695820997628445,129.38176908147258,77.54826486844134,12.486761019547897,78.25412863264451,31.39521869158607,4.61619439699719,78.28665102974914,96.04469539838816,28.62733367774424,84.47374087911761,81.06575556986726,93.90531437019706,7.790804633131841,94.37016343998413,150.65286363122667,72.59180859937786,215.0310793331211,100.47048607067958,108.35485233278696,72.16964540154426,87.09232698700103,74.47561567843887,5.244769964911914,57.99721710336103,66.9868037904822,94.39850153478882,98.96592875112687,91.66386933635471,11.135440238551125,21.01556041908746,95.0175462069795,26.960369406324414,226.25688083353182,50.47154618351514,43.35118212035334,55.96615703243687,55.88162917367949,66.89644817181824,71.85427067790403,183.2119607577301,34.47749725922945,62.00229490767115,58.8691699469274,51.37997527080349,137.27496662488733,126.87510076012833,66.79416704595047,56.166055692542606,1.568796675693795,27.110969264679447,149.12278313904628,39.98226835954676,9.955068318496844,62.80978350797833,68.67754890476648,91.94084287536471,7.8386699729392895,23.05415868507293,216.1055997349271,42.11027721618318,100.48216917579127,42.343658317927755,73.72616763919609,227.7688926030931,181.90771901958053,46.75749124821571,113.89106114800475,222.59354179580777,78.75514406287066,46.99578731731515,23.59800988669462,48.99440209739625,255.00262915163466,38.60246187085598,54.36541282806068,160.18987915899814,DDoS
78.83092647749635,87.01631577799021,267.9984485964469,29.356683659088617,90.11117810621715,61.17678621927194,214.3444818543648,25.65948357895235,14.699228428855559,136.3103080581594,28.722034517527945,197.93197948526952,69.36979550131448,72.44281762354122,135.929142433651,101.99687187676886,16.056211829741926,56.38165593865041,44.22816383303099,86.52992751348513,239.19818895561403,34.696029688448114,15.249967830991942,56.66705929614403,76.39453637154662,4.491953815443313,131.91950527677994,193.14522890962215,112.89632651331654,239.30122947667866,72.2776773932773,18.86123419750118,18.166092718580472,24.739293994743576,116.71959833590948,49.059574190343156,57.69204106842927,34.842795029159404,194.01566318350626,74.22885075783037,124.55568146836255,58.440977468823874,105.81361125674218,31.257742539469074,11.003482393284925,163.50476706194584,104.27750567564192,20.324773130540034,43.800525851872685,52.00043808008099,45.07844930934654,208.62641008080814,129.49318853402602,145.88853886324694,121.50656055916387,190.08887896036848,158.822709870782,86.88314878897103,149.19430591616407,187.70391546303088,160.64589010404137,48.830778671149176,19.199378862226755,159.2225073648775,18.526591493035816,60.82391480645393,31.138993769642713,46.959648329440085,44.12398221702712,17.798620795134507,195.50861139181498,91.76159891063321,142.02710852674622,18.706893797659983,32.252211910705675,111.81685483739747,113.01166323689485,22.534813371300768,BENIGN
13.775840517403722,44.13775032946292,10.076282290159877,18.769393142176522,139.93430477858752,18.147788187905594,132.83517915128675,16.561512509672223,137.41358241501095,28.10231972760544,117.14831299709863,12.698781320498046,83.19711080785314,59.450900263146956,14.798874752285357,170.97632516645734,116.29895956773382,15.308050448140273,71.56090679730907,39.32364091628454,3.395688516516826,36.14341963503123,76.64559598497087,143.29882767095782,79.86482071911433,92.19366012853558,92.30334372357292,55.12559223347099,113.92861592102679,170.09715194164997,180.4410826698425,23.387960331336842,37.06979152161819,61.241165291537506,55.08128351835049,20.19460687530188,125.00256555876041,30.570119074977708,55.14365381755453,72.58211480387973,34.929277235420756,27.111514836190935,99.40020395062781,6.584849756591833,46.49230143647206,18.0653382045721,174.5969032474982,18.224182417853886,68.84365198746686,33.97830221392301,152.0664172981186,26.297491401570422,48.7313163053316,79.27401763057719,234.2857008287408,14.47654911176404,104.41871788640233,84.79287533552818,186.5727355968457,32.25487102266215,84.10815386064158,122.87280552289201,101.70655439701535,12.555852247357793,69.84737582131461,8.127954801358575,45.86004538776307,90.8222524091729,33.39450479990393,37.990796654057704,55.53796561497687,86.00850677428204,37.96100564144805,83.61871145383249,18.140603471718997,94.78207764124667,138.3017808744474,209.3178022391159,BENIGN
150.80828501440206,51.14152550218797,60.673000252010645,107.6816973627056,73.7528063466538,27.524868756836423,158.4327577848397,142.42834142738573,15.86833236187289,39.60839660792688,37.79897459852177,201.52219054323766,59.33365996313634,26.18572072457253,19.408013233309493,127.84852074516722,138.38590189958458,59.67724763676152,85.00082547603859,27.879497977155303,6.7470025257223,43.00135238113549,34.69734531051173,87.73557351548938,168.6006949770444,241.16401917885688,14.328667188202532,75.67803670208671,147.54541310422943,144.67571063284652,33.47733247048276,69.61170513463017,115.95355504504887,28.002423292176953,86.41720791739648,1.265446414865449,2.717716767246398,62.13317235219793,37.051335659386964,23.08489679037105,80.9846061119427,14.842940106418565,82.47017407860973,58.58129835546556,57.1530696900742,138.78459703459734,111.93908797459098,47.318310630711366,176.32988002995694,25.731650058926746,281.51236899058495,20.296834314788534,13.493953016324978,261.7113117431211,133.39356398879482,71.3712463865602,32.85631151875155,22.598154534406227,128.83514192040414,107.050813463542,93.50828364275469,108.56719091836379,14.753818810015181,52.18655165517466,93.46089125902313,119.61502215261264,146.42012725235872,118.47438987066808,49.24373391541666,28.98300418707116,121.59378179759015,24.58191267110575,68.38602033464366,182.55121089847097,105.70434191653658,69.58299463922752,119.5941907435307,88.17464007600121,BENIGN
55.671797663341884,61.28840717631837,61.53138820737076,185.7850151290665,4.312543095304917,30.19316851187039,64.90763335666391,93.116526077696,47.72960088094232,21.751349593878547,78.93523659025773,143.8426718775404,126.99230873275471,119.61337170911071,61.325381465007155,33.890854567583375,145.03402587590622,112.21505614864147,72.69948257170567,76.87668285606931,161.80684811660396,199.3383500582414,75.15632254021709,78.338472415424,58.03550028527311,194.73284869042828,26.76962543586619,85.31102644497399,10.552493877095412,26.80325873276106,166.30422595961173,53.97236797383071,145.13754610703816,25.53281717450444,84.83665364230907,58.334293287848794,10.296524246461052,62.65002160433267,110.74614086276907,120.14170317870247,54.48700708235121,13.81927477913204,29.613358988560474,58.81531253205687,145.07994663087393,111.71417612046129,26.162526358077088,24.611770637658363,5.425460286414785,129.69126132719825,87.08175518634643,74.35106703345966,67.55685285912163,70.74872072053618,37.490768630077575,128.06121453611084,85.39289145713575,113.82814448895793,30.941618514205032,56.43029458106261,85.8475891172642,51.539379811542084,44.447952987770456,84.59630326292516,174.17641123833022,114.00132864007855,97.06336726114432,127.32554518068595,13.631129556366767,90.22382027147667,26.15672232265353,34.47665798736565,42.78342157178725,200.2947084076286,44.03256846761904,80.82638250669247,76.25814294970479,104.37769564017552,BENIGN
165.21023316929347,76.26229164355202,144.6822840111534,24.39861879976468,19.192200503611325,213.21464601437015,24.63479529484988,70.81861613595825,28.207705687634864,113.54323090305687,125.59370400156968,57.45617175367153,112.44141499708891,121.29839285493706,41.42107809275326,94.47528520088898,5.171311130804583,87.27610707885383,16.495687540902466,113.20968808346892,16.81396460491672,14.999508990773913,9.384561622336653,80.27275724376977,66.778239428829,219.6446261643099,47.08688593753808,98.78344213079936,44.63742447585357,64.02304954680139,113.5012098186069,49.44975317803214,14.147895293467364,12.579262765832977,182.2463342993791,94.68000941813317,177.50370211274657,3.178390487063994,183.55704768708748,17.920265431914085,95.9496076599441,36.505503280497074,147.47785412383948,16.451453179616994,85.71723738917058,49.18144010879626,77.33998160676113,105.62704077481062,70.58040551156496,75.66424651069377,85.88442782989591,108.2158135827995,117.86911317962547,35.20386129581204,30.915771951746418,68.40460303790417,0.5085396128234084,152.71323841551305,97.40601569182216,195.17426090104496,45.507557572037044,11.040116390158849,71.00250868151014,65.2080237354908,83.922514466879,220.82780198800927,65.25979093314884,231.7516231196855,58.34049157981909,67.61036382971497,117.28942786314785,1.7068825199726116,79.668416009162,71.80620438372026,53.90414967527589,32.20119706174046,17.205892236625886,58.836156430677825,BENIGN
1.2814304566494932,116.84908920992669,79.06239912729525,28.231204192492953,94.37054314300761,50.501727074517646,16.392597675551595,40.22623446643774,94.92573018529093,46.3784371378108,133.5104617268624,93.86110786254933,50.40938319439419,15.364912929661893,31.912084186854134,118.70511506663819,122.35796597592736,133.49467283836432,4.132683187700316,55.4967164998613,134.35465066220513,62.37160349163927,31.841685371830376,1.6036663013478343,89.95987379794065,91.51721507186228,23.086411119793528,150.860945437971,24.618394429596727,91.83161373284013,148.99362046402226,126.38715607337166,32.638100784556045,136.1037360932807,3.889451623624384,21.13806546459647,118.28949388779253,154.44549090835542,52.01764216002716,1.1589784318821215,56.605745883206716,48.348390840381605,81.79372904264822,14.050890428560542,164.91913233344619,86.09101045414627,50.76927701800915,134.09720359812798,168.20672836977855,131.60994518504813,95.50822881358275,32.55134129949365,132.12111260775762,161.39014554789918,149.2264509475059,25.36404538925019,114.85833152387389,24.73509271489132,72.25967814014777,44.081979890571574,64.81324338877778,191.1642210919043,22.056253440898946,135.6545052286539,20.431988398831976,118.71303322833242,48.80128031720859,18.25878042143362,21.24587250342695,25.043028300104485,68.02871657177569,115.79336997313061,6.439754062470791,332.95037975081294,24.733330168252383,30.08141303748423,98.34497634779713,31.571942229652407,BENIGN
117.26975771850674,47.60177475989431,94.48144902417201,16.502526243871166,133.56066666463607,66.03813705355391,122.24021616505023,6.217922981228763,187.94669639461662,179.6991647279401,16.208569264677557,86.23905759176877,161.762145862615,44.971260749650845,133.03435074897186,188.78589879586386,33.122275985987635,50.68025945524742,213.31844276281439,209.9752547995989,57.54902130961214,93.34711584250414,25.52061344396246,151.16734141854312,220.8046047543548,12.540867947584442,99.80841726036552,4.32040486855039,103.7795473018184,147.67436707882908,62.212748035638896,153.55307733718823,129.85413297690837,61.40362639572081,182.8974756254353,223.23460331857382,17.52433629643115,80.87941184164312,186.42698372564723,224.46822554302562,43.968200891844965,113.50368571017395,74.12553675094831,153.8265640912035,70.01175918154134,119.17191336173431,20.850643095375034,53.17757009616373,59.629978546121244,5.139492719252362,62.77023945519215,29.102147308529396,66.51073710188052,58.35605478960735,204.49387980310263,22.517093222693582,198.37622094530445,52.0209013454081,9.686603247587563,184.5399681250379,102.86987158898995,92.17178364819151,241.83557535724512,3.116036480147762,124.63298110749446,115.50084973999026,239.81630952508976,140.84314903683608,325.0333476195706,211.20893272529085,21.453291888641598,92.46440184480313,45.26240299801209,18.933403618016584,62.093339561399134,120.95314011362686,28.99211530250153,87.98393061009868,BENIGN
82.77752143719177,80.23327778844657,10.073580812134493,217.75541886807724,43.782212286165226,89.98579716352683,41.809142750660165,67.49378569134983,49.55165241448957,83.30082558394399,40.02422829318855,189.08404200391652,40.55873567476789,79.88515440172964,117.06787887065002,105.10419502866937,69.2943230147068,57.65611205089945,93.84114238732919,122.04763910810745,74.72218322204847,59.600867298611995,46.61081995441796,60.56556335106323,120.32127822922854,54.95543958595862,27.820459602097987,15.557946923063879,107.07543763385026,96.60928553563207,56.028089367895376,198.62906118704208,27.74211112373432,77.2973434166621,109.70753064126278,144.5399836780758,35.64769686295441,36.20245509884658,5.434029414187518,76.29582567139714,151.84219860092892,165.1914336867378,52.514465878827146,135.9718213000896,87.42401692332416,1.161011445504353,128.41982109111606,56.35531812487009,158.95633328625775,138.54377816563823,61.959998010369,281.8304286202179,21.268973430511874,28.770288812911648,24.977261204038335,52.85392018314015,87.62125793216632,99.02995470995242,44.570914013536694,180.0770701922636,34.11997326932956,230.408978354919,37.42167348024783,36.78195684438652,35.94859397738579,41.53796225059898,238.31121810859233,23.952431691106856,3.789283179468944,128.14953992534123,4.767289462229594,164.6511386601941,43.00891561717522,80.38246482427452,121.67856410814177,83.41590467165808,54.25042296645155,125.87612397600685,BENIGN
48.29299451775867,63.202322361702144,47.30452728380011,10.132717686046831,69.69306349627577,241.87754670694207,11.108835130483316,104.49250346222516,116.29025725441393,14.715530521686048,3.0948088267830185,150.50718742538035,101.68308890128515,62.73281202738094,55.69478823405032,81.30228521688223,77.363984493813,22.35994544459053,69.44984102480511,43.48929626773385,216.09126027667222,48.754455640659266,179.67534654264915,43.94858279957648,16.679366453099266,198.52265356713568,233.59536188014357,81.53111147881074,40.11731717473891,85.83512330053901,87.56563632282364,86.6006708982626,99.79543221425496,40.33147673217075,121.16396256491669,103.26426981220578,12.331159906616056,49.01673153765603,105.60303715657138,52.2781216566171,4.2448529011756015,50.681139766304916,54.52584830261195,88.69526074731716,21.112477684466675,41.82489152798312,34.96987453587504,2.567231520761203,24.959247607438336,14.717164784843636,1.920342096554723,151.72538605721053,66.73552844546782,18.11122888894299,100.18704135410883,0.01605074070849366,173.83975785217862,35.844618930667494,19.99299231184168,74.29033054335989,207.0273544513395,4.117951694893489,51.367521579330614,66.14878852815197,7.462800981684738,62.70365091498446,72.95729332203905,40.841985013131705,71.06919924670107,68.36183119363326,73.49518768353778,90.29100070479274,176.79286668395335,96.07400118240353,186.15133606592002,76.47682898525335,24.24629717227108,32.375506723149336,BENIGN
149.04928657368936,115.8565492822322,82.5224419181626,48.190163204033865,135.6728490712121,45.22899925709181,44.858087925184726,155.76792718222424,110.12195807277088,84.15074589115312,63.319517867191536,66.42678649585821,50.415455095027795,47.66135070198144,138.3467312455986,12.184561131103523,26.525702358040228,43.62901909941569,31.47099423907597,80.58977770010688,3.0593064230755616,22.45994767082595,138.34240785559751,47.31965832252261,20.082428967447367,95.80793796413607,67.10260113888488,33.014994939193855,128.3739433701408,4.687854330331131,181.62665001339957,170.0120868828262,73.56807637597333,57.019359769815324,43.67677511104973,11.42326445023561,16.68396676939207,9.636128558822337,86.53895050452269,1.5777688899670743,58.44934327943987,37.22565201257048,32.36490447091611,22.669326989871927,92.21734565070862,12.979082920469349,102.37023365900986,153.78549513264815,85.49446510561495,53.44685350685111,32.68322094835202,86.535870905007,8.93607385962395,98.45698459571986,61.41058052896843,35.98404607803879,89.58508801028059,9.148000597756853,10.613200761231605,47.61991603989872,16.601884787457223,99.64626154129836,88.89400055930373,35.33937974589568,59.96436407250353,127.16967915225578,14.996629117086105,111.54200035302063,130.11298521785727,52.97782520307184,69.03381233439046,179.61977553345514,57.12830531642964,162.14526245522214,75.02588076917368,58.823679451505875,72.1921252408372,65.17041482182336,BENIGN
13.415332699240528,87.25945264061531,54.83967878111827,26.6215260152907,50.16466787964576,24.421504017566917,146.4706681617567,113.29561648061375,51.006659317106575,79.29053718372018,129.04253246168622,82.52128755457164,35.83944830280237,189.4834367582211,314.0422910102237,14.958531531737618,103.8727899914912,123.81611443354588,99.63884256430094,185.75908766496656,6.028074902798145,101.08814965896013,13.879640094553602,222.67615249572265,3.7886701021841898,82.09671393129958,3.5757644373514226,28.41395546889674,52.756811611203304,60.40248469495526,165.99055625051827,8.882296227878847,243.59851242292433,133.5016245648024,8.541883283306648,194.17461220517026,110.41751565436755,51.33966807760615,20.61353796226038,0.21116799848234138,74.80718043216675,7.42521074930824,27.99661328065292,11.274893807674967,74.83831806910334,127.66182002446611,4.128077339237078,171.511821817878,8.22029262627965,33.159377893154534,75.40858050384985,15.831961259537856,186.803292495911,0.39125092950785223,70.04970631581634,75.46043823932729,50.308925333666245,27.509347694375414,5.650612465920803,50.175776116972024,63.80301656523745,28.235266397965255,62.89391096964736,12.71627962941314,28.72679291207924,3.7914678132769595,9.852602490538786,20.044498267722503,1.7972579368308248,269.80404568174265,31.163429880742488,64.52969584310429,43.8023605328097,26.281682329705948,129.3989213291668,29.116377042634127,105.50545489425514,33.420699806644876,BENIGN
95.99725191440409,36.539620823619295,110.46683561021067,53.56402250166092,119.41586560913167,31.90080304728533,143.17296965247414,282.41670094027296,165.39595596163144,0.9813740396404322,114.33042743300138,103.63859085870253,85.13421221731372,31.722838822147555,135.1088946337002,91.33910908021826,21.22996176604766,24.05807577265921,30.39226476153726,90.96520258330384,123.71509754787165,131.2207993601532,88.41091410299214,15.378516514619175,14.342321645892909,3.2655903740309937,6.429487858758168,94.686146164618,74.72173084867435,84.63469915126599,123.66197421429752,46.264474188129824,126.30353535770662,48.512994209987006,33.00527352440008,155.4962727725765,92.48262123767373,114.75206166322423,81.9973642346786,94.62436716153141,68.8082126580318,19.860215535348434,98.99153130235489,21.048803053703335,68.4104990934741,13.45832848122468,131.1480818960295,114.14157922272193,50.023835069823974,124.8302801869318,9.417646917364229,74.03334225564788,21.450256682421923,55.11266040869559,95.97323348329341,166.3689978196383,55.70296224878031,174.40102340757326,99.60449401698921,122.21941801067953,4.3423408816411015,133.5691521693076,113.15053013521626,1.5784773360650053,40.446228792410366,131.2912976758239,169.4039281225405,84.67193279265061,19.380900833111824,0.6400752603138035,50.12379575000783,20.18871942914828,104.00267198626875,39.41265104341479,12.130867138958067,92.80720066606888,95.9850302216295,22.49195395553516,BENIGN
20.108793560036816,123.69532584428453,41.98741622843578,207.4959680895303,191.21780476629536,93.7413788436313,158.6114131421312,3.808450571949245,56.48641321559589,48.87997983509316,20.792969196167434,65.0489639988436,66.45524143941822,77.47733900743572,36.83327100391763,48.03596724913551,159.41763252676034,52.32190111769367,108.23787113234427,161.59816799179296,30.517263458050774,76.64797729085693,169.70961432894555,104.16667330833505,179.62765667775355,34.06040777437667,22.43068279436459,6.9455137851019355,3.580260003584014,13.814755636757505,241.53632620785297,1.4655909870126727,222.95755741118774,73.22180730909949,55.51251558036121,215.70367252233504,81.42046773853758,57.007533918465384,119.06996175550046,19.6637741750245,34.44449443505802,118.1221634220601,9.614428792448946,75.41879610324033,68.38611139319919,128.64694935694124,147.29835776298296,142.03017800706945,91.7366649477848,151.70730369056326,60.123678815167324,186.19148781501727,21.297865655021127,25.635564285314633,61.04399993168492,32.9396455962543,181.82787037428213,19.21922494586957,32.01695082207257,54.028552789568316,93.29484701730206,62.77549867574896,35.067339365859645,48.763907349858,65.81752741371038,209.88412303524396,103.00950764894898,14.663258764617476,59.2521009760872,63.010799558373265,5.8607075782472,24.07025718473096,45.15474912395065,26.652164997820073,25.895883476751337,156.18785717244307,46.792372233324755,114.65501637074578,BENIGN
66.71595500663265,3.322323851695945,35.87361439966162,178.04527512924062,53.74063789038138,77.46256352751506,30.596002443783654,129.599767063979,57.6228719595626,100.84814272863163,172.30460292912312,31.12616996675048,52.84509979003907,98.03137459505973,126.75777045330776,16.09754975871555,150.7707699313365,40.86723457060417,59.027031107532224,10.226635021759252,128.93820891033928,73.48113435104173,109.46920440273713,2.1626630593564706,34.152041500530515,89.30774345656917,105.81509924706867,39.08699078019598,83.97974073487009,51.11052123287851,363.5200227540102,209.20985716179086,55.05569328262319,76.73474859381645,112.46556883329939,49.56487528793405,71.68795348194516,189.20849255849254,14.158441929433813,177.06418724626732,113.39463359678041,8.038503876365498,220.33098152577577,63.21516296907728,12.592382048545513,50.66364549090028,40.08653350097023,129.963128530344,39.93300229002119,195.9181608735977,39.130310394045985,96.67345298767034,28.11940121974293,25.908405908063088,119.74231998049075,69.52927266643856,26.32654875753966,0.29454113325951153,105.88580088579944,218.11752376656776,11.316001139278317,79.46412035736589,10.83338832445892,53.48543227867003,46.450216521421254,8.3332200624347,168.57441919739614,123.27283420682843,95.95080570233296,75.77341142099037,129.0167414451457,66.29937020525996,37.63259576465752,60.64247283911634,49.26094868130526,45.27625878480656,270.08664695495946,7.618566995191904,BENIGN
93.63373808293302,47.098981026400324,79.0641583887672,93.93198902324555,36.44260771353479,166.92469423765,88.42760363604175,48.72209416682221,21.23800860234896,88.08068534842221,17.94295212949332,128.5759036510566,66.16898709663194,114.05784894885545,30.81283365365046,7.7180276113696324,54.286372035822,2.7402290866503938,34.001979062345704,7.493757172372349,2.884889479318494,30.49812998483304,20.313204632342813,40.35933369869101,85.66651198694065,19.40210045057993,225.67524721687664,16.070455127846184,55.08574703286617,267.0675374863065,41.36263777143353,99.01247868928166,59.21029832024915,62.30110292977486,53.565405135247424,110.20845647760653,36.7529047561412,132.4861303850239,17.436283641253425,72.56174565632872,35.7470185848724,33.41262473382346,48.114589076518676,28.729657274908714,60.68253417863988,26.10034893516796,92.03961612544849,106.78566772943998,114.67830986265493,153.09276325126464,72.68893832047121,104.52075820322506,121.48840301830344,92.47118804011716,30.730935373633827,183.44313331400878,41.53114772403338,142.15032852330935,99.87265700830984,91.01987062279107,18.998142349707813,3.4754478291847897,10.413338802134001,91.63289534385713,40.86847622754085,293.62009437781154,131.2840273092726,218.7380914976043,17.536524065533417,24.048764946776107,28.322495861071843,95.89282677146163,67.41440051199892,71.62624964685291,125.51490672051577,146.6038201448872,0.013168622693785858,179.1782273613359,BENIGN
169.97427421986424,56.340436044805244,72.99966715800764,88.68426594885851,45.24242648090414,76.75070366738105,214.39668316219942,10.23821983476529,62.98673491373752,9.643037952850442,229.93576962370614,16.98266725836872,243.1121163971628,108.7940253268552,52.18912341350844,27.866477142458777,56.27198600820792,97.80742626635524,7.237551561489243,79.47740384603357,309.42892490913897,44.722435967752375,2.264413013637428,19.629361774576655,145.71018262274052,112.39011249228845,62.1159243445229,191.58690263084483,151.02866512731455,24.62901426088,43.8408888036707,5.248268231071405,63.62358284303241,34.73634035161247,264.78842135570875,45.39358884037746,46.5245429169081,56.13567375239471,39.275895241680914,150.1836924629838,3.986420749158606,78.34681062089172,61.33636006232359,80.73800562841116,151.59451462942337,142.64831566211652,206.78183764773013,115.29019436473827,154.04327171242963,38.62260641045818,36.070450044957354,21.968704502383986,115.29341769747732,69.13348611627764,77.50894117456407,151.1322799203203,45.56624980136606,73.70228555563136,24.18179125289801,92.4098128840789,157.1489187576273,164.55122451253465,39.126771490754074,88.89248090597707,51.670910942988534,21.952658244713984,72.00135318362517,40.76605785659349,82.38613106230866,35.151337675889884,76.91452798066177,93.40055020627143,161.3016813576969,6.947811622107864,56.87057065970534,96.62787392346716,144.73960920589406,54.20835550478789,BENIGN
181.2907220658749,93.96095170978495,23.653325209612397,121.58439828253684,134.8427512780981,154.73109830876783,17.103949263714725,13.367883823762334,169.63162351162222,35.874138810830296,115.74219459938257,114.94770608285296,66.83332296061609,112.9485577595404,31.312341719299162,66.75849604766077,179.44435850889013,112.12795914817848,88.81573217434416,87.60457766719286,154.85830336213922,79.50214592691725,9.530339915361779,78.10089546071515,63.45213234339414,64.51834964809021,84.38287744856245,35.13349354557117,1.7752546173286012,64.85216295046536,165.16389486858793,12.027193932576594,92.2024325177182,71.58259138747502,12.677060114211313,75.33311717782118,133.58268451505216,184.7660002942449,30.86752940556164,46.64559729694125,9.718954382343641,1.9258967351125547,14.8283137927403,101.77959690359603,0.7928587453370405,76.70502184927098,43.38475233525722,19.564052831231578,80.39203442394212,121.6528232549537,83.37472407191157,32.49794442613263,31.496041245474487,35.395138767376835,72.24957694429371,31.66577647366437,139.39245305410728,81.84750861301681,16.937746994270693,77.57859893125999,42.09727825314667,1.5949726976770033,15.506204469847845,118.8474966503524,65.43418710551035,58.65151576180001,76.89599126747923,11.268520016037375,119.55753282234454,66.25171463067404,8.214304557286505,181.46491673230778,10.080387045977412,165.46683158667065,22.032329169091803,38.70842444749391,153.93565226006936,43.701762207341886,BENIGN
64.27215938827136,47.05714594002974,29.25947499076102,198.90341961712957,93.59731592656175,109.4934055641929,183.79420299922754,42.21436921952627,24.872342408253253,83.49894273785858,84.98203653189064,163.8281183136422,4.462762306644215,16.557897256759446,71.55444197585274,53.74620867252017,154.82616682308353,77.60873728625646,58.78351218657896,58.507020245837204,13.822523650184044,153.29782475310847,87.19934654268633,60.707719137569974,58.91790496976468,87.96738134146368,55.12833327755875,100.01389212399567,108.33921435833523,132.29733083455432,87.90162689504511,18.55485345928537,1.6620981362413703,88.39831604696677,160.9343375609877,168.54923928685776,31.81807175266829,26.601669556034697,140.06698548865478,48.51100193040616,42.776894435061116,27.867890283955717,154.46211686074136,287.4082698009913,26.61778652041803,11.1694130106675,109.79263630670464,26.07061619712753,16.42137840414943,188.85234127154064,107.02554400144162,79.4926017673945,194.40176500004415,36.71654050430446,110.30832782933673,15.575530858320999,8.65461606806029,109.09790276194651,166.27772891794692,130.10966934656216,106.6363075384819,6.695889031524577,27.752468447629518,25.96779635075291,38.785754341559574,82.05768116689474,100.28097519551405,168.5870152221523,32.944110472483466,136.4033164839314,35.82345940144528,188.3811031184802,47.69758599540591,68.68469770637195,69.57457924726428,19.144204734460896,0.692472104371437,92.34292057213925,PortScan
228.16620724205774,111.18507066640288,39.03041491116993,109.74226874227068,10.312806235137561,51.90257189181485,89.09854419534304,65.68058285094803,135.83571664306052,106.34357218674594,60.61496997584691,147.561274638294,35.16742428437714,194.73042288896752,112.19504919152247,153.7503218234725,5.55905231992714,36.309843266103876,76.215846302622,230.92040214088487,9.882404501643173,78.77582576204392,78.38417390846841,35.46803599307581,13.367591465481174,0.9082794095686442,88.39898989220015,22.02095296340774,175.74233704027552,31.103906536807823,285.62754133411573,28.949008043361957,91.91861536769534,105.93406872748265,71.64302036574,115.57327121208922,330.78999524973887,15.136290357574236,287.5773427628275,11.820844557094608,0.7171210981326812,248.25439859108386,192.48383620798654,28.601580763462493,84.90234320820353,146.53794274985182,179.5613220642317,122.91710335183173,229.94555236698986,180.10451965393338,33.234637147200345,65.9401789848495,30.10012339184757,57.37677611445846,7.807771389598944,27.092134270744133,10.760343622295077,60.85918055692785,4.662476521466915,27.359457326167764,11.054911955213079,147.7772107753317,134.49866686084093,108.28414339163912,30.69940458834018,58.47253470359405,109.21199097223963,147.314587664653,84.3596612531713,22.256507077141325,66.51402992844123,129.39335231057137,17.952330153746153,184.89386185618585,40.44081540714172,241.2550817919811,105.60416064585544,150.95516224699549,BENIGN
23.053366721133912,77.46840576638448,214.27110344641864,143.95979274301354,74.18206417017582,12.735766812111176,24.45980696492174,86.34140715616104,2.9151912325012677,102.48948993808669,71.7558639200053,0.44817963767913305,123.44569787646911,42.783786053604395,77.34149266150159,64.837277770979,38.69848388781598,89.04080051868412,252.70104183286054,35.882637094354955,80.16051597263709,74.53933320377297,11.226376719129757,2.9562286872101295,19.368366004438055,246.30136887750237,30.659307467838236,58.685153878486794,193.00868693234324,43.19965633696103,114.20545923522467,52.75973425790509,251.0222141040413,3.86517688273251,1.7183850385528074,72.40750507443042,201.0903035413434,38.00536506003068,85.62881236602804,116.69178013714432,19.807861703159936,47.93542588185019,54.56553943625845,77.86827457257895,46.53840768191756,4.323168964489037,90.24147207441254,48.18643154847231,242.9755297682545,23.578706419803368,2.6341288747435225,18.847899108948642,50.431901556456026,38.5821486432223,11.038318064603528,4.866804316275244,140.43164166961694,58.372064568942584,5.047105368346139,73.58535759123606,86.01507958725463,65.86320809550304,21.63054112483163,11.656565681533587,74.62775936104097,90.0791174028302,69.40326109679394,210.60062013831336,119.41481480131266,152.7308224194598,48.21242843214694,23.66469126728498,89.0831680130782,194.83785067321514,73.87152655423863,54.01390394636103,35.48507313518155,95.8914090005988,BENIGN
73.3425166817239,1.1006321628407696,77.02269831101421,54.352433255002786,68.16606513974395,238.03877461644896,112.56799321234621,24.310305832841443,62.02642966676787,29.37473516739988,32.65959599163561,51.331308900566086,78.37313967528776,139.80980146818754,24.439983553751055,55.58584593174067,28.7584147592097,20.675440342927125,13.778586119228045,83.56012406877456,117.39009315742082,101.8037671922815,31.81593274098852,41.364789828237356,94.86219012089668,7.310425438074331,90.96321727447022,139.10424750559454,113.8782936976213,65.38970942319644,122.42250083555805,135.7698726867552,159.12152908822935,54.27746739125621,14.029342570054402,65.65769633469216,90.76118110467684,82.4222439367453,79.3639294330103,87.25112766056363,64.45077018756719,75.8282386117921,86.3827344155767,59.747293389676116,104.96741157567948,44.67268657228288,15.689874119851341,84.92809619100916,137.0962760129293,240.1946943950546,77.87395153691529,50.95665028698318,284.3943664771768,139.62291302361908,62.528951254206845,3.0283636552963804,157.31360220429028,154.5226445884819,43.30463786039467,31.323824900071163,6.593110857890048,265.508201787949,139.45595133260753,10.067550309893408,61.602570874767146,28.96698121381407,89.24649677156576,93.74062824694957,148.24440287546366,93.79896002913398,98.95993295904707,55.92257979552109,107.59341227007992,14.575863932765726,51.15555285220048,36.54318428247091,12.148710544041103,86.00024751223019,BENIGN
8.213666355404634,98.67616174828228,44.147580531290956,89.3347262608146,73.70706706176719,29.89373970198303,138.88001036195766,35.5546671190706,150.95468626126316,43.41269815409725,1.5865918453513532,88.78013803376538,8.826023013504129,20.37595134944203,125.82963852509054,21.76154227176671,80.38031800970857,58.59917689787818,130.6280475728203,122.69156762952407,171.23077283669227,12.855103438512975,97.50213849385142,75.77547802081833,44.6454478255048,8.173667603149418,40.427824421207895,81.67379318649,72.39970324019038,28.63014028941872,143.6651792179246,55.10601242159328,120.55823510237553,115.32601726752587,119.26062049773161,119.63398992102118,231.64448569274904,62.286148496149565,30.386342948113032,21.765512113811642,31.45003933502,23.16699390187268,75.27192419030679,147.61148745657644,147.62304803093983,44.487491667712305,64.21210038765838,75.9651760833378,102.37344452778183,101.71742141701563,99.0860754016715,60.66639407505669,88.73089624597463,3.4741233539024217,179.71436676291046,174.70591445535143,53.0010758779966,40.27572899064173,25.57842523263653,62.50767970040728,196.1104291291467,166.00681494056963,82.59522089259458,74.3009694050077,13.71649108741167,78.72736948162223,93.42740176365469,138.19627849870045,174.97665058808303,155.8762253138142,113.53162812387731,26.178767362409626,192.49405131870566,30.82566297533865,3.193389005081067,143.20786039045635,30.031814256547275,117.84367129306756,BENIGN
41.72348352383145,137.07918338057775,7.086499705513647,193.06582590562599,73.79349262621552,64.48089363934834,5.107630446507834,85.32181181418795,66.843303064877,447.9084251025757,101.8624510033811,86.10979890066731,62.318031530806394,156.9584066281079,109.9415601792937,188.16212893577708,183.31141483984493,147.90892880975218,110.98394892699073,100.37878154636364,94.3940643332437,32.345236426039044,56.68034520958176,207.25985407625186,190.46798820816377,0.6461594079039767,195.532621614979,148.81346272402018,45.07065591772589,200.92153440255615,21.796838496072933,64.4622131078473,20.650562514583036,8.922828687474912,6.301765889922856,52.36847413791645,121.25219470836785,41.136027756970776,43.961615301700604,19.9982199863687,95.74098452321898,122.43997732210296,28.129365266956942,11.853423402886417,51.42689715706409,89.98294961329573,72.03883588004716,55.540039944233875,70.99191329520646,109.20554114388017,49.24441124122168,46.00453908835562,197.5705101230074,7.481842035058532,111.20606800331574,167.1354084093128,102.71915600404138,1.6801315977740416,64.21077589986135,128.73785931353453,78.0043158149952,60.467518163191905,224.0612120174282,81.2584514255267,82.74767512618297,104.39209802489835,55.98117619307609,14.262139266888282,108.67589770265648,67.12596660773544,138.03898467240674,80.72777700103707,136.53287482758213,20.329824457680502,118.75918180180128,14.968094791531705,96.76564282885214,30.32607776667061,BENIGN
96.8049795549696,56.55527624024238,20.092570656524597,51.16050903690205,159.0191323254298,1.7368007509098171,58.661573555975245,64.84148089588125,13.268461913307682,55.045187268921204,138.21379948466742,118.80618762510602,118.18282939420395,49.491019549030185,96.24988349193224,8.202992938811553,15.034836628626719,60.882316242336486,117.57344466669615,4.151796926807156,40.40694502524733,68.83470370380196,66.51060515214795,110.0799805422717,125.92955518800382,40.105830769363266,72.74657062336722,122.04142108110847,42.86022369487101,106.87049801346178,37.23183535704842,156.54546599591123,54.887851552033354,39.4090478980577,116.00484289064086,44.53967721142857,93.25593884467054,185.88026355805152,25.947882308647657,1.8796191985491828,85.5532669905616,117.95382676077382,51.72754273613065,62.92381802952409,50.75313435257684,83.41005719100684,91.18135935708017,66.87782387811225,141.6990139680991,58.1373059338924,157.33469496057398,15.201577783777934,44.724510478730714,121.8665210788921,39.28438907672073,110.72729720038042,51.42094443630262,99.99910050596111,206.0341543836832,106.80471383662405,29.203572173090798,274.8782415910065,6.6588826902921685,6.1788270229648266,78.84989473510197,4.108086409475417,170.72259945705525,113.22873748389387,200.29484138651927,41.67916511383418,120.74257491566482,35.65424286427857,69.36964924644042,87.92639051665606,85.11147868343866,122.22257195919536,27.451398749328337,18.292329841259093,Bot
124.3673114188842,63.695253999487,46.448760557723375,35.9755016605632,29.133200612494647,47.039274200915656,119.03614197520662,28.279321010932485,65.46884930081444,56.52002170845991,87.93072927089763,3.9309198743465315,91.23255140663579,46.24991531999693,34.28534657816479,181.8464378381593,48.40196231962784,80.47874435273991,32.805645067676004,11.046875588613572,151.53967492635925,76.42925814204332,124.12992727409569,57.24750238115909,125.62213444413588,14.187804262849532,114.88401196158635,81.89524449737209,70.34935227111718,99.44102812176303,1.7855301482174406,247.5313800936102,82.41523634556386,24.34810696329004,81.57060480993442,97.48843046390414,33.54213204803695,48.87770449134069,167.37437539834247,146.63118029178594,63.306654749722725,117.89961729568957,67.2218872552405,125.56775257411007,56.306619979510195,112.21417339195243,47.4603923034761,5.171788481318731,70.2832812935441,9.42438435247516,18.964795487489795,103.25388983011217,88.57356006337547,26.281684252611516,4.482313193228475,66.26783576861646,90.84643375227769,131.65697928872152,67.39651517100496,151.79491149467032,128.49797147621683,15.592609748290798,154.75310822744464,48.04202194034942,37.912363306923716,53.270108755497766,2.00297488243475,74.00783657052865,20.21903353876196,93.70576764661335,29.8983997371841,141.484013645926,168.50643453331838,201.99261739422752,109.1027909191477,25.014771603535625,92.39826791201502,55.04882602676295,FTP-Patator
176.8263509501486,58.44887886474618,94.0977261282717,138.82924314848523,131.84013824734663,60.09137824153344,13.945246602919717,78.24660218746737,66.90752544963648,42.09335645837658,7.047357387745573,51.143752878253956,21.03277728654908,96.72547379810659,39.04842938743351,107.51207489817564,81.66130298209866,128.12696454013425,11.352149647794171,24.107897640581328,169.94295196075183,180.7262309565734,14.411636277968192,78.97321246320075,67.13804436449524,167.00939005830892,73.49359742543155,90.83412517079852,3.0848667053507124,247.6929133723412,124.25640027997056,52.82699389151054,32.274455272334244,70.68962909185122,126.72736463183819,38.62370887113674,111.89122717071737,222.1203394271961,6.627473734423478,78.48886874941853,59.04407702032749,1.9259309031212417,17.667509270824254,79.69359256585957,120.46759357569255,10.965484911745936,153.36228457329233,153.0047441561629,84.68537431799008,51.60265317217283,61.18288167399027,81.23813546900386,94.91660702381608,121.17682074893644,67.68376541110072,108.11093478241129,82.35461198419735,1.7219582730560563,133.36385618598274,114.14545783212711,143.50654120021116,146.0818718289113,14.36308339881977,115.87930664246046,105.25230549973786,208.68485293159375,108.36658334280935,6.882365770464906,55.965418082516216,18.01356044098513,49.2715419461401,30.4065258065758,112.18288004125843,5.323366756343213,89.84904867728449,27.07864969790631,134.27769644230034,27.05053040961747,BENIGN
177.0957553347745,143.16359869379698,57.930530857904316,111.11237664157755,5.255416192019341,115.3327763396889,49.01909062286882,90.8090298262139,120.84399891360881,77.40256503626058,67.6051088288587,71.26620321270069,15.18475496415706,68.60615265436788,35.218044811958734,7.051955272741914,156.48544249554607,76.56431064826951,47.86921889391912,278.3716223798099,2.387096830945272,74.15712588935077,168.88221923026768,58.54450209199682,109.7643363578611,50.793266996201595,66.04473680075832,77.94562012522323,50.95013828244059,104.04673078895661,145.7273658199453,172.5998002094337,57.949873760064484,26.420928499436513,0.3477209701936022,50.5864358116156,97.33374496134208,75.59752913150119,36.614652596568234,50.67041762102386,18.89812445126243,16.06928674649046,0.6678573052672211,73.55668983025718,48.7086559115594,150.81692093721776,135.78232070654423,36.971668475929285,182.86252624418248,85.15918325016023,20.822270961275287,53.63460269565219,55.404438408808,17.823974390505555,140.07772761956514,45.59683998805891,80.35309614270922,275.3229510803207,7.8573220961125845,57.722095638211336,141.20963746775894,46.907061794381846,166.29136549874428,87.06427909666667,143.0030388921369,20.104766428169444,129.10522327024336,190.17657087015442,113.26072905212538,127.57718207583224,140.89039044254048,104.71843552482282,80.3409459792437,50.363663617786116,3.3015876934859634,16.7136084162836,14.623527902236097,59.128958929347284,DDoS
66.82481239413528,109.41668356151311,182.00348127674394,2.1362372441476976,52.108896213091626,61.35361291851883,114.42548162646202,67.87041321116114,99.93809463927899,12.412837481770417,120.8192458358039,148.98030653651742,4.871667939380729,114.18965369680099,112.85457775311865,11.088050289283736,200.89094190961282,10.482036594046269,13.856762339741078,256.7435909739,44.736294916121565,85.20150349084945,156.3961336859704,83.02346336672845,46.22523292930485,104.68790323232878,1.1208153195899084,228.32804575272303,24.72899995742523,76.14306240608931,94.74228950184589,25.4154530874387,115.54960421287642,257.01475485803525,102.70044117876564,0.37485338018516223,159.76749967049827,85.73221919061773,35.42097616654489,8.318066010440868,56.61773907701725,96.68834167557434,32.26706307420114,110.55931452894842,29.666873667447152,99.71435467856863,6.480925356113023,20.51848907361836,120.15353947392869,133.6722084146622,44.73862964734275,40.63568513704236,16.58409056620021,35.96926657008235,152.06009017632118,126.1761160395,123.73536900391682,53.2793213080447,85.0004267969593,60.19362371032422,4.145796232978563,113.76002049642354,68.25400461535457,51.67675675462897,27.69943311191006,170.37271546972377,68.6880234788128,102.603524755524,10.858647682794329,103.17389805140589,144.68829667607034,145.3634150874948,17.20313621156695,73.43200023133737,160.01892867621595,70.65207734206274,17.11711952415348,17.07054827545068,BENIGN
90.08117410113638,31.90960342510237,48.65812463547379,10.059310537820755,66.95523263758105,153.41809606872215,272.8499745296607,136.3404247337514,18.145900694253896,177.20278284240422,199.7047436617975,9.782649185226754,17.436758776830327,126.14989908023837,39.95468410157058,14.981071874579097,94.96002440650042,149.90120682335487,92.8851246050224,124.63294777484246,3.796372821063529,14.405223152649677,34.56536566056691,77.18504858067948,83.1733138348177,19.048569780510586,28.086924579765842,149.89584626675315,93.28388923622371,7.2360389908384475,162.92090390800536,34.400010630503594,69.80834649176681,275.4521628398373,25.18694483180255,41.66919867957354,22.085428012955155,90.73809527633206,14.818929040364196,139.19915761813314,44.63984988155156,96.55735587931838,80.63312188796102,75.87561926560389,0.16558556219512324,35.20248287892806,0.715325609748752,64.16252324412085,256.7585117933758,141.98253134575697,41.708049800864465,204.35383538962358,53.05803556472093,5.434084103664975,82.81401376128967,69.15614026937736,27.158220015359234,100.92949557798092,95.84493812548077,57.50581961873702,73.12609733270449,242.13797518772787,14.171179031750873,93.47177458284922,101.66432073158822,87.07663764407388,125.16980485201425,2.1605547591684657,82.92736865664672,15.485044831038394,28.930463587376128,114.18309277362336,73.91365592307034,21.997008667302993,163.46055117612016,19.681112309762696,126.73369659665713,66.93560962502949,BENIGN
93.81798512212423,35.71625857012706,89.59470035887789,27.103425286124462,73.60652185406498,212.3378538398228,30.66197869819221,14.846368154688891,51.77578157088407,67.29872191652566,77.95444753593766,40.14668584815456,151.9019572530981,1.1168009506327683,42.45850960471449,32.158768442570725,154.36305218736848,96.7429419154058,90.84142390861619,71.0774025175194,18.194543834241863,59.70560997385407,89.37617973878307,162.01586849567073,98.85261046474419,6.382122503363889,130.82532554243716,15.565829767174108,25.657739584930773,70.9029775318304,135.38918593234254,9.515051205677928,210.09871898131115,175.92870200405773,41.93418724616252,79.85203921840281,190.7221999688803,20.177437629915858,145.71726984209565,16.142789803281683,3.4769248094456753,111.85414093359493,150.75851347639374,90.84451656457725,9.808045027979402,102.88491536095945,43.17511750311277,133.22445867634454,121.74993262158662,129.1807453667116,47.78141529206552,147.69220222146996,56.49515266552204,62.91352982577835,152.34420581356198,18.0321249177299,66.85626163371266,144.81247752768684,20.388346897985453,71.59171404855653,293.3770647229477,133.54530617017426,35.36793758910481,71.67276477173428,41.27192791947644,172.27224815653554,53.406295631695166,8.259032541651207,3.211545543232061,108.76069851989536,76.2063873862598,192.12374170896126,15.385422887349897,69.12124377911172,18.841684690872626,41.566337253860624,101.58565189929773,146.7033951438719,PortScan
0.8537615179168946,160.9541657038369,24.02088710025202,93.10118548691044,49.31175272160051,95.58606065249799,80.97605415999324,80.54016700655808,2.0271892122288064,153.22217872403115,26.974060661165773,25.287665751566706,178.46356069497725,40.271818926982164,62.52284708731023,116.44758470500058,96.46575888950566,16.508266237098574,242.54125918038926,7.9122222384508705,111.64307487822072,96.37378771731072,147.81137143876893,31.04792770059333,14.674747220522566,32.99587878404347,75.411247979106,111.6919511912159,47.60100000208513,9.779499708420289,118.49844476003159,181.7310819725607,139.65978462231777,86.01852107818442,100.43402622995899,40.88961749894955,20.99260524129978,63.2439038076175,57.72056525279508,72.04861082542877,53.62900625654685,102.51346045575814,90.45912137130739,93.28287040921978,69.56454501201964,94.09359526428854,53.21161341863817,121.58735621989807,48.80134863760098,2.080402377254423,31.015382610150706,13.64269180672801,112.59508961353941,124.26201449449152,7.882587947345479,7.985683576930377,1.1332378367734082,67.61016136499133,21.547671616433988,56.297918190485596,14.458676732644784,182.3358962036466,8.071372672644667,234.0722611525677,35.20115910908643,21.36771705882157,89.94479762596744,144.28885740576936,99.14422843961567,87.96063091639898,39.48200204121767,52.61653710601875,18.692705255449763,128.1978362376686,8.78083516348536,207.91566984668043,117.58109803391979,15.058354837492782,BENIGN
53.931292361097874,93.65066060570079,223.9791630366121,144.31152891778112,10.734682245096279,155.13777210094932,22.58418340373073,135.15474542642337,119.71665926902301,167.29897028449528,62.11347987962408,94.2963372449764,147.73725606308605,101.10970055869907,127.4059643266796,95.00418802658166,152.51056410143607,13.316648936270559,33.512613307366394,36.46018037048318,147.81839356390017,173.37670900082483,85.96950512977658,109.66250441473177,85.57353208608411,47.495670452137745,81.39717958905116,60.99027069492023,144.56102007765625,4.042893983346719,77.26733906604572,78.62982309002783,64.00560810329173,168.81570529027908,36.63274835410772,52.06777670800737,140.0099811827814,62.76626960266963,148.82582128230325,20.00940591283936,142.26334692144042,245.393867292539,145.54982920789433,216.39763333015804,6.24469766631293,55.05735937015979,45.94754319526441,88.29248055867521,121.5543212051057,254.3093189474779,79.07106194885667,145.54734756173158,147.79267361595356,181.5677455080316,140.2929072413111,129.17156075212395,95.13849835007704,156.97766847188763,39.026753093161815,58.01637221245197,74.79953986272,122.87793509050138,9.887262565948246,68.59345039496179,47.33411833851434,21.679203168792927,53.524570394039515,21.329657563207796,203.60428328401122,41.68996361193892,104.1005218283787,58.34335691559652,14.35246694229566,141.52339308664725,223.14963352024662,35.24789455866479,37.78694539613512,15.983535190809745,BENIGN
173.01167692088393,167.97453265189958,27.59858494205397,208.72721617936273,12.872868073964833,123.53339793034796,61.83968529606526,20.68825297567905,133.08039156398618,33.933584441606065,82.66517974324317,143.5368827046889,144.37183695950546,48.280068868494965,143.80287218732622,6.88746395137692,28.981119556661927,27.807959557352717,110.92079825867307,61.022069253785396,68.82851084882323,83.08826638551301,198.32726559207603,80.03911042966898,88.23893030786209,54.96698134880496,7.978843143232382,32.68524062609343,22.731379549231807,109.03921988074387,161.33589290794842,89.35422058891093,135.8949951267116,52.833088911042424,41.65235447151714,19.736846223469108,112.80026262015078,116.02481318296189,19.305080295811482,151.79511318432517,177.9661887087689,55.59874336901389,60.84370413911421,40.65421382666949,151.10935484525234,105.53530674710441,147.1211744279153,22.08344920370826,24.44544496055498,103.88397119820935,10.654467643437403,63.49628736125502,2.816690844955293,3.218595094428266,8.547725034829732,18.90579208523746,168.65702430814355,76.83234936966282,24.477484111169844,24.912100348871892,15.58090821819066,32.33536694387154,86.35983927318178,49.309946097629386,30.683174438859474,0.5143140541849398,39.33783444697123,18.05502908857391,102.96552556924195,139.80820399187832,259.74372073752244,112.98150302645631,51.86250012643829,51.700030251393514,36.08606095656809,52.086569256157254,44.271706953217546,23.855807063954725,DDoS
6.134366424086365,31.213136754128723,24.54097417713399,105.53655467507066,2.2200223435324773,1.5547153643574598,106.81610348759843,96.13603598188132,158.39364409634834,175.62302344795768,90.51191831693895,60.158004540217924,88.56523977532653,25.158791799884483,105.11217477579984,82.91589224854,44.25624290228071,87.13536757310175,107.1019562531488,14.2285692445148,30.096837664241114,79.61315055429547,87.91531990935461,13.50446018627742,80.1639716903692,64.37340011921097,86.14127291863421,65.21678851156861,83.59397761665085,161.01697979934343,36.714357104723135,112.29693715857356,65.59605521413735,0.15718073731942622,41.67054835910575,38.97621361164312,10.878490586079616,106.84374858458287,34.81073452012972,21.556946135976883,135.10744584514975,83.84482508975749,41.050679148638146,0.9511839940994224,30.8761791193383,91.14274375379638,157.6849825589217,83.79792146793184,25.159280726173744,48.78690880737954,3.6279292638335154,45.76097419403723,137.0256589207886,0.6616244153488003,119.07286489798454,176.1501893492003,13.001397325513103,4.168120721690878,221.1333028601533,113.49242815991983,61.72845692552189,61.898345088612295,95.65494617872686,101.10371300457305,108.77267513388531,33.429996375100835,51.77207640270724,25.67338034800533,62.98248042464098,146.19928308683203,24.673728055347492,41.093507657386176,8.013706787980917,19.302213271794287,103.08251267194485,56.48714942069116,61.803207390605785,84.52803046068483,BENIGN
88.59625679998892,175.57678577580538,196.7094562906154,147.03801346757172,136.15382028481113,1.6206599484051658,50.12490868072027,53.64877271213292,5.618391839232033,7.478129665130822,104.45264298181407,14.599591431263995,139.90974792634142,62.082994528986625,61.77962734810279,49.71340238699362,72.74648064542795,121.75480219507155,40.505095294555275,79.84727967996325,31.97780411268201,9.716710637250317,29.456851257516387,188.98139038938433,91.30708059288597,2.7010554301906358,140.84233842060087,49.99624972086356,71.10461025453031,117.10410396618163,214.0970296330354,1.4416562635548644,4.884839320948488,66.66451929579779,49.67377567757185,115.80018065222319,216.48925891014574,131.73513046520114,98.42964451970457,139.04290057898095,20.541327045775084,120.90863980140045,59.31053993577392,100.21091046337749,65.00937553086553,45.19361380059906,60.343783448860755,152.87788357103074,192.1013138823256,65.59191396588365,129.2303374928451,96.12514874510678,200.97333668687173,54.905443115886584,151.07316515392137,26.482424246477798,119.83615469990968,101.71476743793124,123.13042635686857,10.40464810390856,203.47491581525904,82.15641246246143,68.26525072925881,80.33787071662901,62.739848562134085,21.67912776044933,51.98290026710267,68.45856191413307,12.809888435898667,81.6861500214958,214.71320999660318,99.83045685783834,150.23889816895172,10.718646478241608,33.300212944903976,32.65630158630549,28.30790735982502,27.12114752799734,Bot
47.09670697851621,73.49648157519849,173.3441339384263,23.419415149820537,6.404884501770187,90.6728965350094,43.5946323899337,66.73831031405686,19.23031842816272,54.46125041840371,29.251619354934178,67.09926520889239,91.26023140297436,89.86278667304855,11.784432614130065,103.99681516170514,61.19130526418207,59.51573238847284,244.8812305740227,34.072077153208184,45.583767838814,55.60525574794034,97.39670442491007,67.63158635773625,208.24719767026716,135.34350629077508,223.01302529146136,26.38282304006328,117.81278953500545,88.43802153622045,137.6522659738668,20.1066990031392,96.53961591817006,58.951713249651085,76.54812204420857,4.35456720788806,17.28916847876925,189.557477322856,191.6300765997707,3.4812314757952456,31.556769253452217,94.65485277167824,35.48181181783934,59.03622081149456,34.50861860150825,93.19911252835395,121.1265496493013,79.85049046156689,91.55297917247431,126.40501705071647,41.76751006519598,148.0992404117493,37.76395717866411,21.905858802460866,0.6603910483364726,2.384376813611646,51.93913220905429,163.18888483702207,29.629536550366765,9.473847583290661,38.827425492643364,297.9854516737147,113.17241885996594,84.50385117162756,138.05710174469962,23.25992384354861,24.551844332736035,46.53225183410773,53.972679815177,14.24048666281323,50.21078248296975,31.017582718283816,111.42343467426043,67.70304698008064,88.10133471652023,108.59184115067195,28.28281601187029,15.864102604310112,PortScan
77.22530708831957,39.1178163635721,52.36855326768944,73.16723266209117,34.67825545941962,69.67578627143014,116.03368561001514,143.1749484241079,42.698037150676235,110.00166420746626,43.92177648218127,248.37659925875082,38.771686649156756,32.509647147092544,19.21046806296761,14.862038343145532,78.14760658012543,14.32130832061304,107.55949081983303,31.428931547870707,111.11652988999856,34.43459049337084,55.15274001016297,5.293946823480111,133.04516715623168,14.8882796020883,8.815486887039079,177.76448188194294,87.62059916716602,57.40812821065351,195.81316153017755,48.981125479401314,198.65271419775223,83.26657578803606,159.200845711865,45.200536858244774,171.37435741292398,46.685541039991946,36.37845296098712,77.01191072317532,34.88519971912,103.25617203605523,71.39529121595534,54.514087951054094,96.56496396073003,18.949957639212915,32.38392663274503,99.65284166185597,131.172043291069,49.18781505788882,112.30803993406388,7.90650194873722,45.73129065567043,15.567538768838682,5.547991876538048,24.290254071125144,252.82451003137143,106.91042911659632,84.52301054368539,15.086762851156251,18.587788362226636,63.6180488684036,25.75817492104368,130.07350703873357,144.700461758506,127.19183034223663,125.81972900269258,33.27052943741829,59.54243852430158,13.886398920054823,105.33102796418706,213.01042663209589,75.12777051426102,29.493473511013597,33.98211683082972,18.213487101117646,135.97718933283136,4.470875675958535,PortScan
88.61126513476503,161.96898655166265,51.304786741025076,24.728812562773932,64.59081732622967,102.60141257072976,42.17768643876305,13.46440918247952,1.6664133297943517,35.09527421380881,23.586506574957085,115.1515145933001,114.24818981184228,48.852013847400876,17.215866960644107,15.376382954470625,87.18445698740908,4.92974252171587,48.02292619057029,71.58646295711472,50.436520038060664,29.91834608137983,25.078760721063194,13.26817797198955,32.20613964783319,47.10804040968864,8.164470901825371,39.45440343166744,1.7517362895748445,160.4121012470325,3.1368416099708476,6.3537955156817,24.25959371534602,59.372919368574195,119.5469716665512,62.4606644894278,27.360655653416888,17.124404768499577,28.146007988829563,0.6061825773594803,44.92853479358082,96.80835891538281,47.373166076865715,60.31200882261201,16.39514808948106,41.046022190207786,58.68127156030817,120.38856343729849,242.60856138530528,52.77718759454261,62.34171586011584,193.9463549570124,78.99077468538933,30.044280882755153,6.7116387535111315,83.26072197388483,88.16964269577421,56.627070805868826,51.44258182617432,104.21748070984445,132.12337376636916,98.65140038042009,12.037312895556077,21.498453633275158,82.29486258623572,146.3503103304406,96.26135747116325,4.203903699723074,90.72346600576203,38.59331265155641,23.681784303685838,71.3298176620632,73.23480796505247,79.75656226859542,29.52012531026962,61.45472376508678,110.90994654767188,10.477201168153432,BENIGN
51.34883637740536,134.2747603316766,65.44457335513071,62.947649711447696,5.842231051986135,184.15656164845603,112.85940674785802,275.7853629547368,198.4128066757609,52.73300794806717,52.707119867811535,63.75798578775357,14.782209030324491,253.14300457780047,70.69754644705992,24.9725487053597,4.564285333379541,2.084148213777202,49.32541761930319,2.8901523497860944,187.40555027312203,219.63322345225228,120.08008194284511,128.4944661954828,34.51372304765904,23.603419015604086,107.88495665089634,215.9268935319768,49.90082644297892,176.06364433375037,28.509551582833836,47.25008930849044,7.969406738271223,60.48743990091834,75.10233913905242,61.96566917631478,45.467274094258045,55.13983427782422,17.690009049084267,57.17385822251894,11.885248202077078,50.116207006845215,217.67797009718484,39.4111930370858,30.913818733479793,6.215090608572699,14.931342187167514,256.61193859324135,43.98532631004059,178.94387110773732,1.290129556830568,30.72898386747181,1.690619559011259,35.47728686280085,65.88202446894643,22.888016315794182,42.49196023936837,167.66508027613597,100.62507994327152,234.03002158569794,65.67703583517164,167.61895075020152,79.06736399225946,35.356614674046334,73.24765292380994,51.07771919044725,8.79642774742757,91.04611024518411,71.02708983119079,166.9383459547647,138.4596624727349,193.96914427283843,100.1326134799592,8.97255763277786,40.26682112367315,50.70282627910237,13.579564025701485,4.849586154882625,BENIGN
125.52262466345816,196.86541003845838,19.937992065400774,84.56284879894042,54.5726040636194,18.309078461128447,103.01221052967755,117.89414021073787,209.7127212373027,30.261352594625407,83.31331336803468,81.66035703577127,117.83461248068457,109.60120478710536,80.3042401064245,165.45132808650334,25.28800657783739,244.17069869024868,121.00659331755932,30.638136416235746,184.94080058784056,31.66834879634098,52.10038966049031,40.40491665329693,179.84149791648193,85.27678625699305,4.67201202649723,69.95692785784219,154.2192894187223,88.55273723059548,46.32695691475202,28.36784496988527,42.67901932586445,68.547285268842,100.56950873181934,3.7647372169360276,116.1211402411614,160.80771354535472,79.54327068074329,2.917442676809595,26.978392939993608,1.159385932537144,102.59433396994282,2.4647378210542947,133.4826817588493,12.407722610303958,163.6105110596319,82.28592227833518,92.31191842365297,7.24290696422832,83.4376311754738,6.2513768177210025,104.11078165245631,65.30079383099037,248.41440807453358,119.24774025075715,20.40003810776915,67.71499741332931,20.244317418333573,112.75042470864962,130.57765782875205,100.89914769316479,24.105421459396425,27.39357369313382,124.09391873848064,84.63514262060201,146.3101251249699,24.362002148982427,16.763152548836402,111.30006991386807,103.10427387826613,131.86078281780448,111.78943387202077,78.41115340562388,111.40824361354387,59.16458153424456,152.14329809143075,53.25964876140653,PortScan
54.721844026597275,178.97907703084007,29.618455398846354,16.025928664166553,36.924389161575704,159.08353339269715,35.85544598898209,40.84995181562064,79.40837066054469,7.347305456421788,97.76468371548056,102.88774416789441,180.8342054024234,13.95140283330708,61.01335450879344,34.211942010965714,71.7282973015669,66.02587067065492,88.60393883859075,2.2384656496810074,65.18415719803556,46.29127794931132,67.5039011419468,119.74945165643634,8.669457148553406,74.29954109391514,152.91010066732474,111.7520548774607,112.01294063310439,19.267992984947224,79.39351209105097,21.35965745643161,120.93244677784134,30.274379250504236,25.63609837384655,58.37293615218192,12.799697521339517,76.14555567638507,65.65060831752271,131.32722872522478,145.88191358564694,23.14180612049924,24.552817205616822,55.8558153281572,59.06880448441909,140.89842999517347,82.40865805442637,30.315382837627336,63.526138455860895,74.96669509459139,33.40530820568455,129.8741686610492,172.22673909870255,148.61513251433442,45.17002009759393,22.339841634209087,19.71079879373953,75.8065706173968,175.78268995019505,57.03967395967432,111.75860426233241,154.7640773595271,178.71385875844516,100.85308082526463,24.68578925108528,156.0433467805031,111.21490628065982,85.69052705051,57.47932272153171,127.96141191777477,144.9292428403826,11.317064829006354,45.066817756800745,225.96020277424782,72.11618220841551,25.632465296885332,136.35459466396125,30.193063500302138,Bot
50.56205859191885,8.015976048755348,103.86542873197351,199.21855663492136,28.803073943922104,138.3057398581605,51.18684010935176,154.61085604314098,141.47438193598128,6.552911548895132,56.853930488900076,28.73588741496345,266.4614492001435,187.44244469332438,12.539097180673831,60.81535516204094,11.704103558126315,24.38269266167647,124.3358737609354,8.004126921526018,132.240432481173,179.93566812164735,82.65839651372482,137.47979700547796,56.05573450943682,169.41757581910565,69.03370624483453,44.108266186040375,30.67726846636304,30.699635716260353,61.729906975804546,69.85754808620199,84.88054577314492,6.442219957718868,135.99682136722743,40.31701666343898,42.201435941069384,21.67150113864274,186.72312871808086,156.3929264900654,221.7283710253568,73.08348996976709,71.04245340914494,105.58446374338408,98.09709185260753,95.10213361781547,46.25479227977497,37.70609096283998,78.14289194655282,42.51929532728843,37.89840740581913,80.97792725614251,134.48867807811996,214.27198463985465,43.32841736278544,93.08732890656916,25.555969898680324,85.72915041230154,201.62943104231653,31.549680832349175,65.38645046423778,135.07974226106847,86.20575905465448,11.151889650579287,307.13367016060016,217.72360688967356,136.9114367674751,39.41580965260737,161.71517144400437,52.695514356499196,27.747924133746594,103.74666695650431,172.19642881321755,142.18930887043427,96.53820207044944,113.01646922661168,39.12849571208737,65.46030209289879,BENIGN
21.191059347748105,70.9842659444724,3.709234193645584,72.96578822941203,102.79940732174391,47.911912778277205,62.87305482596371,18.759700009161193,136.76513039359725,26.043058649511313,30.27745451255383,66.04889823456973,13.242558494333675,8.479772902614343,252.0438470619065,1.670738473797489,182.719593747126,122.09505709988706,133.5322538755505,104.25831535338261,54.885385963225296,48.64926155454853,66.42752042571254,22.238781413469702,190.10744288179856,8.329463754680775,31.82552465834273,32.85665162529581,6.088597690670254,19.031012539705667,76.45995976355802,157.48799874627346,24.4317038639649,150.83360980577288,141.66613082979563,85.093692777578,53.6824683955676,165.46347484020885,191.78480016066658,12.907998804685242,96.94324432883201,27.02923176244952,309.6695513772053,156.93563427251942,47.05391395294173,141.26911524926314,12.476386287738533,120.26910288948676,10.875102283361787,195.0095160018759,61.76206650846504,122.2345256467975,38.3943622063459,13.513000707570209,16.340723073131226,18.091067522502524,3.816958696642825,76.8116952430694,123.30391334509456,81.40712224921829,30.932849277429682,90.16194489247448,142.16690480590324,197.072128184557,22.63159528984786,49.63464110704922,72.23001879535923,57.865105412045516,76.01923217408988,86.69252393444344,69.34958206046001,118.04984869976387,26.552286143334875,90.53361675148524,145.52889759012155,87.01781747467709,51.98252221735389,18.844008042075686,Bot
150.807587980101,74.19394537564759,75.60878806950055,258.727145584531,197.62160643903118,20.110779528942633,41.22805981435,61.610015323928366,84.95219869941239,86.67326706603131,15.38476602166413,52.207190449835984,121.94310829547726,67.63645030356057,35.18737962865159,94.56890374971552,102.80386590928636,6.875005676357226,182.25343436866018,108.79334586290747,38.21312758908035,99.06975095362324,54.45729318237916,49.30864020479377,57.91861411469302,82.28420732163579,21.566278748606432,43.5683111924503,124.09655987385322,31.982306261406574,153.8847290469344,91.12622830378236,52.34524298344567,129.31480750212714,26.386602090294524,39.46797086605034,27.838569532088265,111.23268243902629,45.504509424222185,182.23928325513975,108.65305578988217,52.31600334021624,102.60680827411576,17.973251401012085,7.166413975085133,69.66315012177469,63.73330412721927,16.954041021828615,12.034991537717113,72.04568950760697,85.85862256299859,169.55158192498564,204.71668851634712,145.54094821720292,4.518552842516206,100.25798142715941,36.384043429261276,34.60344109108019,55.4254476026521,80.90542890877785,32.883082658724,103.47991305262363,108.44706235787835,0.53305733261247,83.59699242722769,99.50175796158894,46.078884826140104,39.33924379557356,89.67077783687036,66.93662391187533,175.1409073748911,8.46708974996642,153.96256942059605,119.46834680165519,4.364363687958753,13.982527132605318,196.96566849510955,103.84993376142265,BENIGN
3.9462199303930716,105.94214070820567,49.26548532134034,168.3972030069338,113.63362231559908,58.70424240678338,39.29073590143916,2.4171426358208628,51.943662319173754,116.00203819432886,165.63225078035575,192.4845495123521,4.710469775931336,242.31061306135538,39.90279315499205,40.04319938562803,143.18890637745133,45.90044602229095,138.15490588794384,161.1717065618854,206.0826563902659,52.90246506387777,18.57367634184986,111.27640783210543,94.83392793291884,78.1559859224585,49.12630276613219,29.95204194161605,106.40459272455725,17.858226951422537,140.22095895032697,42.825439751686325,13.054229242835843,21.486470946386504,38.91350959765638,199.61523197549255,81.21571305340673,21.09261619639301,11.502556634280714,100.87625071331352,110.31739387936396,3.2018804487070804,29.06664931130496,32.853475391394824,227.2141655570607,158.89896024777755,60.50636907219706,56.15986763768689,119.92824219641322,74.95825713736299,0.21184210174724716,21.469454738683723,125.61552745073867,4.454486424478854,262.66847559986115,16.2956310805841,6.318366880775604,24.191498432149857,156.410176347928,22.481673669147476,104.14312698645425,81.2469832292334,71.79313858226648,201.41137233597442,5.135875880268002,81.70954586402323,18.867044750999852,93.90291574991456,62.09975658727353,274.31128724637455,71.53375690946667,25.223147991929807,154.8917953418203,148.6159237018532,195.00779265243807,0.33576200399812245,148.45207658486996,289.06429903991375,BENIGN
70.37958837508185,36.78632936964837,100.92031524373898,221.87433575308492,72.87415864657592,84.80669268854174,20.315636633378116,31.018651682870402,54.38066538881178,89.961865754579,61.41904181254927,165.293456237296,103.97622896047818,34.16184667703161,46.63216491832921,142.22585085763268,21.98701423739456,11.297047594906802,19.392147688393415,6.319360385022684,124.61649978779448,31.083839753878976,54.440101957891265,104.78490568897503,123.0484356358352,133.83306268204635,153.27838847681053,36.47117732084855,28.326995014659843,100.66246315965148,56.69763910042788,95.4164514190924,37.67754697378553,147.49506797103382,99.77562791069342,56.70218329032266,94.54683399946582,161.00761231896493,118.92834534396428,133.3439166032965,12.477857967741192,25.786161729495948,119.37118542442775,99.57835101574904,37.983345503708534,56.73056252922603,168.83118114528818,60.596298394751,12.614154987731819,32.667092154216775,93.54354054587067,18.759882127683973,49.29498104669693,32.5421271372831,130.89894097291122,151.0924561816994,112.27712402333418,66.11854748160046,56.882858755659086,92.4408568229998,208.02826172424517,79.5175012413834,104.71766550029969,5.608572627867428,116.29808803918415,61.9871070624552,70.71061601065628,71.74986020844216,96.55750062098389,10.712721717067627,66.49665113199966,154.28221490372124,18.23147007169933,10.643541643128884,126.83586114960674,93.680567713306,121.99431992328313,72.03574983935084,BENIGN
33.261275894997475,122.89449064718924,14.987219793527453,59.67937773308142,145.74379493704362,68.62885417318137,124.03834346054217,103.1997891365239,32.64176261480951,42.93507136612708,116.09526907425614,14.522864583891964,8.244595914915346,68.71403060029787,112.58708271451243,160.7404549823429,87.91360931076848,191.8589423559303,1.0067008522580598,169.8458702375565,58.64531303336101,75.1090543003633,4.138576230711426,15.237749727117702,154.49093695931154,225.9386257904186,19.627233844086327,131.2549194340226,34.41337048280654,62.35995270520134,158.37175456395397,32.87668514410581,12.265510030761952,81.8524805650065,202.22125629720858,52.65477791536804,94.36017159193308,117.11676678012368,125.30637269289127,103.74416964083255,185.3834157502221,275.6462797090711,142.25951977899766,48.68948111619644,11.859442305687404,17.54584350417629,189.07298485940296,70.70588584012035,90.32036088954514,171.89099560288815,17.72972131473084,0.10711335374141853,151.9868037375509,5.539352548233571,57.39346330742002,0.9290068306694577,72.59236116484018,149.26099474640355,90.88890363692873,72.14407498302056,36.89151288291944,6.310712149202398,133.2128954630901,39.82327846922724,185.6672337917714,3.242660418700401,159.41826797254006,3.0268671108619074,121.37121989732502,86.36055068862878,52.48649917251288,17.09100534747433,33.11642658558212,21.22343016155467,0.8274494342320363,77.22350213415422,138.7753081001437,113.8698946694648,BENIGN
38.540097649695824,16.704310416914414,28.528195116749426,32.20204796552139,117.38179970984241,167.58401645518478,58.86925246919921,39.57115324169533,72.7949867474313,35.49213536992336,212.72974137495683,184.54238848045355,75.50339959104986,189.66040685739281,4.459867199522342,70.59851654989106,116.87689170111202,5.523043648111129,34.8308395044006,19.23689270375111,65.81088093827661,101.74910628880784,11.359692763474836,101.09969600760071,1.069331179648031,35.44065674743389,85.30604560516109,112.79249855168274,40.57365016322517,49.941460793906934,49.25234462063564,32.78187158159839,47.945941095045846,102.80678124641108,50.200188906655974,170.686256219305,26.783943256831115,255.36310156485982,133.64024233582634,87.71339384474246,109.67242076292843,68.81080244042688,55.393468384224235,72.93697951297507,88.76229633803968,16.066484837472153,138.437814421369,20.791231006611426,9.789240517213631,123.24543908302259,36.704679292996786,27.981185430235534,44.504269989418674,27.892309716744347,72.98430351149831,17.932802787303153,20.17851073709533,39.7740284245532,58.44992156219503,133.82496307620758,204.37687015264964,87.67599891542642,62.05408754456606,75.0038177643121,26.157748406540705,148.96096123510029,81.60230719462031,84.9139646512992,22.139825818509486,80.41376881606885,160.1118685639269,179.70165164979542,202.19935227480633,54.43227047657363,85.86634390775747,54.298520239110516,65.81134930916946,24.40955621585415,PortScan
74.82746547776955,42.02640311588286,120.99650286671762,11.47888216345503,150.28017113050697,20.013455422813763,124.85816890997646,20.681636179140384,67.94195609428907,29.05803478745374,108.1580728364782,158.9446936104708,252.80045890204903,83.41940938737828,30.308607711201397,46.03278183814831,165.03545041545294,98.20924068002157,13.035720265710996,8.488824152666716,37.7618406420093,44.36757268881162,33.859443311586254,19.36553166314927,5.573977332636784,66.47630897243626,223.9322666564225,154.43334869712345,220.4482050880324,107.9161816904492,22.676079665014473,67.26128910898424,299.5266890799616,2.81243239418344,79.23950394157345,99.4518116028477,69.73296584974588,30.083528695503226,61.61481288926278,39.26746535260844,103.1826550728435,88.9252162470918,43.4376922028368,13.161537327274178,49.15865075904735,21.40143897008368,70.43386011475957,87.82139981549946,174.17166198661042,85.43096504143625,23.13759574900389,2.2677525487341064,67.00905738180334,91.20236709883058,197.99483682905986,18.616195558173402,8.434103219821125,84.9456255104331,186.5839755203436,2.8468940438410426,97.90358254675168,64.31539972011117,122.65605799019654,18.58056100997783,6.068543320192063,90.86522819154584,209.6161276050951,47.86963810079457,115.36593514265687,9.362131907061148,90.78606377044912,1.7414248998230968,48.55939200440023,87.15105943331572,148.76884464035135,56.171102791844326,104.77015688776096,36.51606324751693,BENIGN
82.48840377287843,87.30525596772274,49.14104166895625,134.648059555603,155.97419472839638,114.70655997190768,24.973606786381218,43.09438004852274,69.70314693648616,28.483969535544993,114.0962932365408,45.16624732841939,31.9512449919035,51.486117993516004,35.9976173580901,41.21143007306019,139.64657004557333,207.71596593008277,79.72522985400335,153.90549215704687,122.83277105444614,63.70256098728607,121.76713776064841,69.52692270887474,36.41700631424107,99.9186902961658,125.29997571683937,18.748148749128223,120.40869501711965,106.14729729236277,11.562079042143356,96.58716342550967,42.65392900265429,149.01435958834767,14.855541490058238,13.015106198558456,201.80967328354868,118.76011173773469,119.12351951807419,107.08575979124821,85.43173391737831,129.1747850732631,28.057496595861892,58.29294955992674,109.45732912205675,113.28422117128949,110.53139014932879,4.450208231923648,71.61945136133265,19.136225411161114,94.22300175678357,102.43517898599654,42.967612707459494,31.537289612739006,130.8778304485956,98.49501030058511,78.33087567250635,78.52553595715473,114.93045773901618,103.14159064340078,32.183519002277045,78.13576956169463,69.13563810805253,59.03616918053307,74.95550374451282,27.411147538072143,172.10471256296628,98.2416240480937,43.04147086872844,136.8189023748578,90.11436305292249,162.3861412322142,165.36352160298583,53.475080459091494,18.848685975882944,41.12799243305384,67.15106053010766,184.14947093364583,Bot
1.4747718016842408,128.55655937111106,3.4171881534327397,211.57708095629846,50.93450963307086,19.477400562806725,90.6648385809283,28.029129196590695,29.248418794229586,36.240243368808,23.18779750612326,96.00105221878282,84.60450088894076,174.1491656614096,97.10883383822022,140.36983847452424,96.26072740766523,35.38175262121811,123.18686881330802,57.92986450796364,92.87675350757748,43.807864810353685,72.06105486789332,228.50844946693502,132.05962897466003,129.24089304687288,22.366927419791615,186.22133264488477,69.88661804419937,92.34004725250807,16.596173147292472,37.075098380764736,17.893172893816082,6.94660516125747,135.97392550370188,42.454859971966904,45.767161119358605,116.51571238945218,38.876875042958176,126.18774433584852,120.69703246322491,13.584174810811248,13.935120789892844,63.33299215302364,61.68553331035774,84.67223387708435,98.46557981376102,78.38234057466585,79.2961605445475,56.90295372597589,13.152273007815657,17.537968432098058,121.03238499415532,37.372087049043365,36.997921388074694,80.40129979542465,65.92990368504505,23.61545678572265,80.39383767271636,79.78518254783003,134.80342515450295,9.922962338107293,13.25080968421812,181.07995783196807,44.10238205236087,25.569953804814272,42.87279932940681,20.430720860016585,67.68882044807154,10.931625723604082,1.3652912075056727,25.165386898655367,92.69996287341688,67.57180024155319,48.68218725182975,66.88964917292147,33.219771614193334,142.62342580797647,BENIGN
57.27253193298222,113.1089745168842,60.04469655886746,37.276722427640216,90.65077809327704,72.53400408147569,134.49596661741487,61.33756284731867,95.46668160293868,125.53231895309385,73.34620911689643,88.99625565571414,27.61320864811651,108.8627720673625,12.10338785027424,20.565191185338648,36.058001588630155,139.69434562328212,81.74849807703191,48.92397754123562,196.60484129679182,44.337598210237516,172.26276607045492,301.0522516313517,68.93825429756252,15.935857475646428,84.97950030229447,80.11285839119535,170.97059006073306,77.52307288377537,37.11919512615264,94.34698244081562,14.462763378954376,87.31692923815882,38.70530262337276,29.038299165079668,282.20002498383985,107.8651945959726,115.01286783936322,146.0285906058812,70.71886792934605,7.468163945423903,100.11375578851496,160.03972988892943,141.03123065906453,53.35453373840537,178.39186066074848,0.4252096719942134,258.93897173890485,14.468613052503645,57.6192750328422,139.99034411695584,127.76333498078091,51.07320661358935,14.114031944383582,51.413269999311915,81.6184171876115,15.213371886411586,110.93075324979948,178.08816400803013,5.042676413944306,126.22778906716722,92.58046415960592,8.191229572560827,174.69896981754965,56.90613908465737,191.78326617980233,218.21012942009622,118.11909405957171,81.66247432622288,63.48026834673863,46.09586418573021,164.6283383583977,110.0096962577806,47.849973179588986,53.89630726557222,86.07379884731033,135.4210925245083,BENIGN
28.770705554947657,38.37529809130093,211.16132184179727,52.276674236671816,92.5290549685498,135.48929315218388,65.0473999459217,124.98210970536792,50.189411499767,54.462338933829734,27.199997230813615,62.20648349449548,82.21564326571628,26.72106551450557,49.12244146171128,67.45050331548218,27.518243738634602,32.80703703646766,4.868388490154365,46.346035566621715,38.984764937741964,36.32491822528304,84.71112074394023,22.239415107965606,65.4984488608719,146.80216487673513,98.31784809990212,1.2390076194007553,21.087235851051478,104.58029156995154,47.740623159781606,137.43992484741284,6.978070221521851,30.79615520802954,26.28490661603728,147.3737578076169,248.61665677213566,112.0056637899783,79.11536503642257,45.67707777004593,333.59015494690965,128.38887832702684,102.64341106358852,50.76919783833868,17.059266479006883,40.741803465197535,63.94280421925499,89.28405543192964,81.58535100785161,25.292720421312588,41.59226590575908,109.07537158222465,75.10268068190223,89.54602236748322,83.72094867286812,72.3799416444421,51.44167616565275,91.04921319436959,116.1244452480358,107.7359809862273,26.08708012458902,168.41704063406326,152.1442092065485,176.34040459185218,36.146432916346185,37.94792560117442,19.48388189855969,69.70789128006967,7.232900130230689,73.76262652708544,70.1063530979187,48.688595030057186,90.1565495303516,76.81942350054823,137.2791249746409,50.393067996133944,131.1602029723922,84.59336401029685,PortScan
73.16332651872412,19.392194648153552,37.07964337995265,222.81544333496498,16.25279646762567,33.52183462173717,94.3768784799322,92.45778658628507,23.328758155737933,16.112748668600123,202.4028536379257,9.976027531426663,44.16901044284806,64.58489882940185,172.6803202706756,82.16157522371633,234.80683971008264,0.5722840904920714,20.486063427138504,223.9965192231448,183.16512287136263,90.11032869843571,13.609645868164936,19.752933746916828,54.95445908100448,8.09879094021674,125.95627288697413,35.7192878994939,232.14853420775782,2.576935587725707,60.03566942635733,101.62879427566355,175.53110706333047,33.10521687503577,139.0725929141431,31.611628063041074,96.612652312909,174.59036321856195,52.077644473400674,0.4438522609814357,68.71774750986485,27.42150351301673,6.921940794151801,132.64348273079963,27.05367371612667,62.325542345847275,12.277142568681056,90.23257611303859,38.3655023866789,87.81363180854069,131.91719578321238,15.717849993016806,52.422844810458756,33.63218096216861,71.81376587627298,61.53923257548771,105.30697175949125,14.820296862789787,70.2727065427293,1.7641808735019673,137.89112430016826,29.378668827472264,59.29508094251295,75.22345365274425,102.64193771346004,231.81022604638017,79.14676425128536,118.18939743719893,17.55422438351482,87.55050498444103,9.138967205026136,105.32063960426628,10.858416178038999,59.80922727774546,40.703182694605935,60.72550177549216,116.47107852399101,24.02306257704476,BENIGN
2.794777127829265,82.93439252262819,85.61008274372305,95.47098336929226,26.657228492898533,49.18794548144672,80.33419752904753,183.04684749987743,217.19932094942914,35.37050422555822,9.171894974836544,18.784282006379097,110.74992401181562,130.56455618400472,177.72637986896467,47.60108000656256,130.68213411611484,175.82721578752782,44.0248030210398,82.33495383626361,24.13213879378532,28.89772582661584,52.51129428858157,104.19126041774783,114.82072919717099,183.87545009121138,160.56901078208435,87.53235675910453,7.280179436230931,171.0808544114316,123.2918586677483,33.674303004789564,81.43398145678734,299.7198291719139,10.51599818512121,63.264825144001925,17.24198520913992,24.655209549731797,52.45367390000981,44.1625067814217,125.44010597275013,66.55338670086792,75.82447761547976,175.48708515422513,90.31675919947764,201.1981365705703,173.1324578876315,49.897874305588545,28.68638428193504,132.52636031273886,5.762276315959555,24.655360757598988,57.95812479848041,87.08988204679343,13.94151593464063,119.944625795536,8.259051687541312,12.983632584940336,80.42679214494173,16.504063653773915,15.85496531596428,117.54540123391348,160.56334030627877,7.6048907697042605,76.02623997034793,86.97620581762918,75.3912065192133,50.7879845068621,70.3833258069463,88.54705829400955,153.01309287433318,173.53107035927715,127.5870999901924,3.347481032690589,67.51644009882938,297.60324740095245,132.27428318797865,13.11121961784342,PortScan
156.7772347589775,10.094697028958102,109.25254146784195,59.94410153062589,109.90730625539659,136.6246629397111,41.40052351384046,92.46922305235321,171.7580205044318,63.936284348662994,284.7009588957641,46.76095334172275,72.46742116823047,14.282663859515054,137.8357221422549,36.61196893753473,12.443759790694424,9.669070288681956,3.9496761202189457,65.23984604624779,13.729106791036658,18.010260135135788,0.7564659674649148,94.35168181527082,176.06280346244924,84.04347626697069,39.199362478771505,82.50118984061866,18.71015372222727,53.834945751097685,23.97968337419887,110.3626910444787,252.58316858046084,49.177988960069094,46.01870488978789,46.0422267984389,89.64694377502003,119.62609883068751,91.32806180402841,56.835214854264294,79.32257178100984,74.56204671721736,61.96237546892899,75.24362008174793,76.7729142768612,144.5635046658087,32.35910712810316,50.18943898606219,209.924951925509,70.62233540680765,6.8761750844782785,105.41831646373075,95.12773888765314,32.78153102393581,51.6730437521854,23.313593254505175,144.7857766151364,27.910585635994657,7.811569248346499,42.67864709234251,70.55485647959867,15.552503758365635,100.3433810758229,96.88241140349943,199.86055665555068,83.13214091256161,79.39458036321722,132.3760538012268,68.5558363217184,55.46322006406813,12.652604952864957,77.4914554913987,28.627822308188428,180.44489719871245,9.844531417674846,134.3008083736131,87.41140818178602,73.54432862041588,BENIGN
201.14913254618202,92.91895615477108,12.750797890915333,44.39264944348918,148.29130411779133,0.5587133968183113,3.355159681824261,130.30019218148047,147.3280172893692,48.661948012811116,87.1705131061377,19.028290992242177,115.08346496843629,8.638498435149861,5.435127440020237,91.70280287407904,156.02419775537172,185.46621338595847,113.12990502497465,139.25125671384785,15.575190783128045,10.004631110366665,27.39924731630432,40.901784781493944,38.12691469679789,81.81755254714744,40.23911690282054,12.051837437919371,15.722671689112,93.68143169226666,46.34449381160623,7.268946303543318,3.5901297600107824,34.52705096122888,46.83486885594495,82.15388173082104,107.58585618378666,41.145650976648184,61.110609544602404,113.28828133542731,157.30085426495003,6.30776754292401,169.64581544464707,129.88035540518615,75.65941185064321,20.478525760573575,128.54869497089854,120.48143409374549,9.39523656322844,39.95845532077593,117.05149301289089,103.17619044996246,51.067888316603884,160.9287086687434,3.7741796208600507,38.59567362586328,59.005667352805744,147.98649055088137,27.845878944741028,221.12429502825614,38.69840991576904,156.92411812847087,75.22888217614683,21.554563500995176,77.15225308761194,0.8413665971365013,29.773564888123115,72.61275213503737,189.14551152692206,30.05869246391313,51.60601765303474,18.9751557259683,251.97076456453743,13.490711633812783,59.44136985779728,114.506791648254,182.59010941126058,36.358427384619,BENIGN
65.46419928245037,39.669617996520685,1.4970418030954094,117.04617092886238,13.292846482750106,48.14953205671245,53.516426716763775,169.04526695858394,83.71063267469117,28.347660401898235,84.83172197046055,7.728950014938254,18.84768188944914,142.88661504496622,135.73414957162834,16.98932016675959,53.73654249348249,67.27204878601408,62.82984920177531,19.75286042912149,133.44823507435038,111.7197665740445,212.79180747572565,74.4872785276274,117.95174566405117,13.230902068853458,220.83482643398708,191.0965935592205,14.101571848969217,47.626501725655565,3.3649958535531357,38.192167000300955,71.80330821722741,59.9721845931381,14.842264715919978,112.9888087902751,4.468640144018955,38.87452936715014,47.00451851548686,32.05064125986378,182.06594931993038,22.909010338315365,231.7353765614861,108.6109686325625,128.55004964844136,5.465612091269875,60.29578088814181,132.06416595298066,13.96819652852321,145.33971058146764,38.92111451967638,8.09614247367735,101.03708501903319,34.087079134628084,157.22757797245785,9.888721585518365,151.22349106655983,3.694118646749832,274.1489429477377,38.8214991591073,19.845643954403595,182.9094413921217,167.92080900537843,97.51071432888088,73.238274559508,90.74963807359919,3.5638560931668737,64.42029983199387,10.004862777774516,20.272002943667037,119.9995580093643,51.11977985613847,44.27533213091045,4.191804023862554,8.194248239183135,193.73842411793845,73.10375253855355,85.24412648213425,BENIGN
16.59684077949248,22.014519035127496,43.10999895256928,77.75497655241283,11.039990409904346,22.23777489305565,16.061130215516815,1.8166881405454507,293.818806715577,66.66192774947226,67.57115301586923,69.40967468117569,59.51689990751792,29.14063613488932,108.64109533556181,49.155791940258695,50.42572444841515,31.51920599234445,71.48166884800725,185.81250137335917,70.68534015143436,16.99791862109306,117.22824969029529,174.8713037418722,30.789596503844706,69.4020087060742,128.21083914265122,54.72878832053729,73.32158376215936,63.65420380756676,121.86081743344965,35.019103035400164,179.85004951846742,7.018585242274463,101.37937409697231,72.35051090620075,30.12191440531824,33.89276313491429,14.155926689579443,70.31563164196174,36.77355832759664,39.569750660800466,1.4816009930505383,93.54943958784453,18.859185110631664,7.892667577455567,37.44004479989068,16.224853995849546,78.34881283458742,88.25972861435135,77.5765385282725,108.32016831846015,31.91180896979034,101.53427862709962,35.270079500360715,82.87404536855749,59.10457207268417,105.11636063501939,159.48258549008207,131.27240692726613,113.68711816344155,74.71865901250932,99.99470267933823,131.73839179398212,220.67827246151003,168.65300596903367,108.47564341588138,77.31318638032248,51.30429233658149,77.69218547601916,57.37555504043761,198.75341610233676,11.804946668977436,121.69625768435198,25.31485000429449,120.35668962288327,159.0941358554105,66.03312628001164,Bot
49.24834847446222,47.067314498218025,61.53873097625132,191.02541812810506,59.81746029905671,129.91812526291838,91.59675813651516,154.52291149986712,80.33160427378292,164.62413491062512,121.95329359482588,90.43951229546204,110.32927428246265,24.84624211312915,103.81392850114375,70.71110812932093,35.39819326710066,242.9112337166646,164.24192459283222,4.364013246573794,129.2966012403528,101.72453692868415,99.16463782608021,60.10529350741034,138.67806572852112,68.27428448042349,29.658383715080284,42.65679117836776,69.52675002522368,112.72811234320694,71.72639058443472,11.417026776048074,61.014974558014515,5.261187335637565,69.84327820629753,165.40355002607023,110.93715694592854,113.91821242637496,30.737031969723144,124.39419249661245,32.80097179834053,33.95299482636599,118.06260452951108,104.40859358238409,94.12563966689189,58.91435454843897,49.49118732998493,96.39512510547117,104.99135453695274,26.9235132886258,4.2907326167691435,0.2685725863242228,51.843563187750384,57.985518146332836,107.83641637948654,48.26650260413066,66.8149191516736,96.87446211672514,22.45550415906529,105.84504894210379,23.781388214842067,41.085719913647445,100.91034117280526,36.900018925153226,27.62103812003258,141.15467054924355,50.8267321463349,166.27060160034966,125.9045004063905,88.71625883628546,98.99508544001078,152.53032920745915,153.28131323234197,98.80959835766873,96.75229949091757,30.266104367554973,83.73820843495747,35.221731889745676,BENIGN
166.4789001432763,134.27953154217053,28.329295941771203,129.13307290649598,123.14995772215995,108.26249210022105,49.48806581793196,128.43694083091742,162.71180521597577,110.73116693407744,21.179242018578424,3.3937885134963124,43.95100188191182,19.462857791741108,79.22759541714713,41.20522697849219,196.0717832038703,267.2156742628014,156.2668505230683,47.822394016262336,33.774903270193505,79.8185893896966,73.22824104302025,55.32676586867606,215.11640414257695,180.62822963825985,74.62783899353938,96.06131764128261,89.30559267110364,23.861702851060517,215.30094386441215,28.710063740125936,84.19130408340553,80.80534290900371,25.040799356800754,49.83229729424129,3.425681910400801,8.23305500172053,187.58090928476315,152.02779888828331,98.33767229486799,95.2398385130473,32.85532517902975,10.83348473692942,145.8979816831839,26.94234520549011,56.646548410953436,27.45361875832817,23.146158249877296,30.97295030870087,193.27341425689386,24.991848483952865,116.22611105711573,394.2331010806686,120.430893253951,42.30799603243528,57.104657787434164,204.76519038968496,135.37827607914815,62.49394903158797,140.721109950419,31.856666806083254,3.4313330749808997,106.96916817396078,107.71668261585279,66.33830488473855,1.8777723387946958,27.27933862859796,95.83327146851411,128.25566930052875,81.05949731485923,56.89048530894247,109.58734549768259,33.45576345378801,20.952838151705542,59.002596909082136,82.32949943553307,126.09516854809274,DDoS
53.28515408601846,113.30065657813971,69.42110429452255,144.85309420337003,130.55124375829718,106.27002755278991,41.54504830387495,133.6331889215445,193.8799909381578,113.54441943371232,64.24744465726187,127.15440721267672,34.026967795417,194.6698462365562,4.917413002709046,34.253098972959314,94.60400182515531,216.3474853700142,54.12944891384287,22.810468445151663,131.70586779673644,18.173424485361892,4.788878267521494,28.168832078912963,27.483237805722727,37.05020108280917,55.29431891981056,64.32484312125672,76.60804561469297,60.91360888575632,140.1254014199768,159.04302585192974,29.716714722490757,93.85958031751119,87.10452931452174,238.19912731366583,24.506508704326077,110.2091955592559,14.37374378208569,41.782351880938116,59.191190624458834,1.9153090401341375,189.6001894917889,96.70858727995406,0.5785114826653559,9.011042923108633,140.5676807704002,153.6459703546122,5.624533757317886,140.36673060505274,166.86294265007857,44.51405126313417,48.84460913386509,87.84004773393012,70.37369567249628,1.3835723222394625,72.01629036798192,7.069702166483936,38.04685361173345,16.76501553866558,87.82055654366451,83.92478453905953,128.82104710660832,83.81468968971603,23.85575315418043,43.343163764014456,38.77609228162241,87.77773064358104,0.45292910515580215,69.73874787119347,72.56676028830206,3.7217858663773944,67.73622287217694,20.935433018761472,54.93833839499502,73.95105712940526,67.99666949320253,50.33287738455666,PortScan
9.67494053303549,42.842173000003584,26.140450254721063,41.45162174676504,112.65178936857032,97.38661536932565,18.697151281728168,140.47652216670008,34.68743918900938,167.96354977066298,74.63165225591263,76.65037670055789,78.41701737244763,2.8872480174467823,87.98704047100921,80.03406320359497,153.0172055220521,143.56771037997967,12.255515695077152,51.56340340803271,136.86234226985107,69.450316138481,22.884920809590746,135.19573053984584,83.63384996646278,82.92235856371121,52.056079584386985,3.951654223156102,99.34335991331157,72.44397601032759,28.945107285065863,142.33367948813867,13.074385901824979,54.10509840616632,98.52201728091006,139.83570744602224,131.62472971612738,169.53634941799353,41.01515677135939,103.80485814246605,32.810928836024104,4.759724511850703,27.046350873055676,2.198155264360243,28.11651428946169,9.074675733912281,26.51070945122431,46.052342116131385,33.81867169824685,57.60251704766678,191.72595345040716,146.39007861743227,55.52941900136158,132.53089972677387,79.84613389778825,18.12711595140552,150.55713410196836,26.216392012514007,33.50378920183519,113.30751730921568,148.6162274606616,49.27193465670251,32.450432237081294,116.7396980067612,74.58785064361894,116.12222731541635,87.76965135165605,17.07989039338024,18.977829956798104,50.63634710620628,85.61076526564302,9.008347754010702,16.872257734587723,23.018080622921964,7.90738579626132,34.46093205941101,219.17703320508107,256.1297776771106,BENIGN
63.921614078672185,231.82429803524988,59.549530072197356,18.62524599012663,106.10418591835804,28.488589971531724,5.86039395257191,112.89065958772228,126.87805884138419,138.65600587809982,81.66061871395836,10.559295928867828,9.843762392458368,22.598320335224873,43.42071778618859,99.61047893171002,172.2709710720728,57.89130237728995,85.23336784531098,14.737622519781826,7.535224125955694,51.464023998115906,38.81680334339423,205.03966511115098,46.15131352549084,38.47505337668032,235.47113977440918,58.52068969036013,14.514869617035519,94.48805011240154,8.20868996274315,78.02171481376415,104.68009034913463,14.731885903139533,93.53972599822936,84.05676977916715,17.966603887158733,95.28187772234548,114.76626279477486,36.88244122486615,77.33416946447088,42.33774902357365,125.90027269681512,4.1607495370393925,122.81152937809286,112.59303306340564,42.84284347555767,128.30854363764425,43.117972034957255,46.84776507319124,44.64467833047774,10.50015029041215,75.3264211737142,110.4263067260668,14.04258674448342,43.54156527309408,172.49854341312673,242.42648706972858,143.7545781444408,48.05434256067757,57.63560176138087,234.2246870407298,159.28520643719872,17.05660267701262,136.029499294991,88.59700824741287,50.385993417249075,8.51959299707875,81.76863130545541,23.379136759971708,47.32152090075886,110.21953187712002,65.11762938917754,24.224423248964975,188.78622372223484,70.25030190633578,195.46625434624895,124.44360477486953,FTP-Patator
9.138126042794319,88.04813009141135,3.1417473466550465,16.50995514932258,39.09994415236386,42.81522530879146,8.669415358537776,4.167142213935586,118.14412615773098,6.602198594602875,156.85339387093265,41.91337935889047,123.72549828746277,15.141606798642663,71.46128121242967,133.83418253219395,13.916846173262085,71.0282037151078,62.4714166853275,15.3427380385389,153.31745953623346,174.1569650251125,67.08721945019316,193.08336007240828,97.66776953073547,179.98395353884376,48.613646684883236,42.805874765116556,11.233794873237668,239.1873389457284,108.69156177890007,93.11578501566012,119.70550048264106,270.6687940975501,106.25720057333625,58.93696072695719,7.485181221561789,27.352156747501716,148.20732754824263,15.703917019676785,7.123139745901451,90.413884310148,53.85264535684786,151.5176393443556,12.51749202948624,207.11713025331107,174.06794364873835,52.21301862257478,154.7278551246919,120.94224538918343,82.82057056592971,31.530962677059115,26.682617108038713,67.92903196276055,222.7799557336582,147.7692873032153,28.576471603635618,111.62901703011391,27.493078107008728,20.44451705231741,32.26764649999652,14.853101564150476,115.50298404080183,75.99128431764836,99.68670947568702,60.556965530343184,64.88018161515753,120.39589650102339,158.57745680463387,105.57982384665718,32.40721838017818,154.10330691004629,140.50555856028936,137.0695988904976,67.19761533534957,92.11890378245602,33.21777939307386,150.12768835117288,BENIGN
51.486466240378206,197.86512875485033,78.61205475982457,179.75448446859866,46.37972696498793,40.5029604444193,96.92791983443652,84.39892521191966,89.90415328371245,239.70239182011866,48.20397972196492,72.40942025060933,47.083037650378174,54.13793726352385,37.98912086875837,11.586075884199989,17.451566154579513,35.23048733491704,6.2945096541993495,37.52951697134206,37.97311250338392,107.66646515022715,17.541364182641136,34.706627220027706,145.73047689855358,42.34583318303899,53.04234639752379,39.83386226887527,208.50296762606914,228.9227264184065,78.43671357705463,71.28048049548622,54.158293199941184,17.6212705638623,55.067932262503746,86.81754795558938,72.5887583831994,29.91956221800896,18.331684202330393,109.37684002255085,71.71699746132896,56.436042468403336,149.7858674779467,53.91106607016489,79.88988980931305,102.84790091901104,15.319314055807764,138.238274568994,66.65562312330458,87.41698718964994,283.9622914807913,35.60324671271402,86.16488623231527,69.35176642254062,142.20753274258266,58.58172974674507,30.64563206495689,25.97473833983092,88.40363742048805,69.39832403270371,97.24037396106213,213.3645604681897,11.416908348812836,122.33070477865036,51.399627832833886,27.813433828981726,241.23766539238457,88.45889468094964,11.621726325138722,53.78283698650225,49.92584855816643,52.18834137050445,113.90566661397104,19.52945797961987,29.93938433322431,59.22443776240135,53.88103588971175,118.4695797881003,BENIGN
31.974021426750433,113.41276624784327,46.21159637998562,5.433565946539259,133.6269636551354,162.59779600063985,86.75794775062722,143.01727436187795,39.21281254876826,209.36974501301003,153.53337166385134,86.35683597098927,78.21867440020989,15.632514395544362,137.82298466701494,105.32871339523997,90.62811201760208,31.18270528745533,32.760752609211174,34.59436679800666,13.007084128353268,88.93179073293531,83.01176644952267,59.13413211727055,252.59612817693787,12.798836367726404,10.885388073270116,16.802560175953143,75.43246385464069,132.47859103992252,46.31384799750401,35.630131773206195,57.46929937075994,67.0914377684771,141.59106404926766,100.10648425707633,29.682710854588034,21.328841338594717,85.2408877798197,39.2547815237406,23.858418793060483,104.28654095596086,142.65361544066403,125.24111844855446,105.03841073498063,78.02607254787979,150.24245976435517,6.274852556915117,60.01164552445062,2.1418294952336625,53.41216416128957,112.6457757129158,14.055640320674964,34.29829673663183,115.42348048997599,12.324193885113374,206.02140726246807,44.78150038717661,199.79482045128998,97.47351819124206,51.748490288044145,64.25321688062371,111.95661169810924,47.82326078584285,29.08711906440859,65.05419960415696,93.72251736666144,65.57512606391394,168.34148447426685,99.59971069613903,134.56279183281467,95.15520780790862,59.16436402635217,0.7237313449535615,32.224115383572084,131.26082671526902,7.6993664138338,126.49158949723021,BENIGN
100.31370033055656,23.17927626259248,111.22682930351071,105.95185846941766,32.54543289050063,39.580494073020816,13.04148268171117,24.682333047655725,120.06437323210952,208.13413886427114,81.78664249496362,24.322157325222584,90.1998378210093,43.723594215837444,71.27778848275939,0.6547966636634446,85.41996486128164,23.145221498765427,80.17851843284858,100.63080055930868,16.14471331698672,7.011414407803107,122.63899439219199,20.76273980159083,174.6077518294195,134.76847999474825,12.991890441127968,17.939803918044582,62.00931975868672,81.33599364488911,168.4446339410836,1.2963941471759195,108.7067512934918,1.602499041361854,31.316152288011356,278.3235142247329,104.99435995250136,4.966135570821739,11.191668519920464,95.1056862481465,99.88621603282145,291.1549919320649,64.29931547333338,2.7966543978626657,131.1143821786976,88.0214139624177,224.61880135582652,55.679594682778074,110.04284422568642,180.41190919644038,83.02621507200517,185.7571445166917,65.68660633095018,24.761153644145104,137.4173452371543,7.816993613579321,72.75473737906202,14.897166476435993,78.68276307350374,22.350706029651025,1.9476465301345502,192.94822626260822,14.277495317069326,134.43404721448917,65.90259520210961,156.1042575586778,101.26922045509362,40.916506921394145,54.297570677201215,29.445459730197204,86.6034445223392,27.874575413006408,73.21087746883707,55.673451232476936,40.535416932913535,113.85807337343827,126.4337301762357,24.82255074103418,BENIGN
2.689985248938459,16.8692744809392,32.76392367214207,5.7375553806981285,60.809262396706885,9.743628697865848,200.7303899675303,174.78845946618554,192.79491802420827,0.007186705886302617,95.02416517170968,34.570390562707594,5.801509439393041,45.33646542708436,246.59273314613648,25.32424223641424,53.48579055061975,165.15397134301907,197.37334427358522,16.327838522830334,74.42291195615972,85.59972903065459,46.283052343037056,67.2452775386156,60.41382867516175,99.04263620394158,116.44646925122125,15.818937982219936,51.85128336026553,41.092099388177104,63.7931960055289,155.65369342016248,58.529053131636985,32.4475157496425,83.14786729014905,42.900684801638775,118.68930775958975,134.5184655346298,33.920476520988366,29.196586245790712,44.56435044900993,62.12560942035294,87.81350730726439,182.05802682649662,92.65201843464446,95.2649343692441,120.34600569003968,53.413594226598434,102.73134230509724,13.897273155510673,165.10533950619154,41.50725096990842,16.921365816554673,4.052238352693171,120.40011300856513,45.69940385564593,25.212315877207637,2.197329596321629,183.99922494136325,26.606365576200318,248.57949122861834,58.55215618957392,85.51890533928274,44.7266558251069,59.48203104540761,4.079821822381236,107.49895671304056,0.23434031495201646,293.03202854925104,184.58013203719315,5.262213001726112,16.014416491537443,97.9565314634551,80.17891079510504,36.21843221046941,52.4892565636485,90.41495948515819,156.96856809777572,BENIGN
33.26207847810389,10.173720583992669,168.07796249106516,74.761024527205,114.36713015390583,41.80091286334198,95.95758923851349,102.97581643090321,46.65075273501172,40.89155349199863,69.93188732566719,119.78537453259108,63.479548210424184,161.31300189146887,68.3062581508265,39.452360516187575,56.05292848705127,95.44040505751428,119.50705635150563,5.351427431356023,6.410256495022532,14.726982751294532,28.948326918784943,171.07757776943865,42.60250117929784,197.0678391466491,126.89650254316331,170.32709260173448,107.4462766356002,59.31709909980298,43.176548899337305,166.3386711359533,149.6003169555526,29.369252570562914,105.51016302666845,41.45638632486934,79.62241227738193,69.36979676166672,22.160339018264946,173.08151930447428,66.63172165446257,165.92706642191905,84.88367959795215,39.62715635860861,74.8120032251875,1.3655663837457526,128.6050103863426,56.698026326710085,166.4665985025513,29.62519318899651,78.39731429926151,28.900121860121725,12.625587271393265,61.2857994674407,137.76256560635605,155.037687093124,153.70679870688636,66.90447424705322,249.02817083763287,66.64799269634811,76.56532852453778,28.215953598746452,185.64315499362027,40.388809474061866,127.3161394159899,113.2405540709269,62.176568758883235,9.561302341192036,0.3773856555206271,24.4241052860572,3.7014377496142252,42.71105487326319,34.30485306940432,46.61471304949542,76.51346671096204,42.636781897355704,119.1720302401696,70.58941961045527,BENIGN
93.23752416471869,17.192084890744542,93.61504460748792,80.96444597036451,31.988796785441163,94.27637251523103,278.59119139940555,98.18219444386037,117.04357574975019,76.72725723599824,227.85173159559986,21.43889319767783,4.751463476128849,96.04169204092288,156.5103405574244,50.033320732062535,77.46013478853116,99.38252888572711,30.720394589787208,4.420617488045251,83.21102172211272,54.696847312719974,26.44803487686226,54.38015954613664,15.994214829883397,55.06808466567625,13.01955328047618,1.6440928619381696,89.7930893380057,63.06798620978803,37.04277144696703,84.18843502853434,35.160742828186805,24.225815662028626,8.303819981330346,42.21181149044621,89.8346125075529,130.49402040080332,28.548616268805322,106.94023872354967,26.91108025303007,100.43183843830082,169.68540737122817,198.74008825271633,65.03111974963429,85.84588426390306,25.094319323665914,36.605591546079125,159.74542183291226,7.393236525691027,88.11530623462598,28.13565375383702,5.96098453885342,194.68219623461144,91.66276887228413,28.451198252164488,26.693968713962597,167.602145875993,2.9954646126529827,33.167396163527776,4.2249604426835,40.41539057073227,3.650622238552014,196.1966850678316,154.77064012411873,34.963054166962756,156.81996905274863,34.82211041441688,72.0368854896654,144.28537540673355,78.45272604756386,56.7195151015101,64.323541855256,38.986515806571724,47.83003922546894,3.360170735355592,38.36443849696413,11.945440125633509,BENIGN
63.53065343682036,96.34990605160515,238.50087979709787,18.110956240450953,151.9378182951953,73.00800925375974,22.77091184759583,73.4004994289151,99.73392257590771,11.93093118030249,157.49343137890585,98.10872632946813,74.99695279726564,84.72699442196283,148.21183704340132,93.70446851917626,10.321625976591761,71.22010248506275,385.6375329240597,107.42732974201216,168.40937293474053,58.922828488663704,3.121458966956477,211.73728164203425,99.69574815226197,50.460459548497425,70.2063562355312,150.27276807992854,147.58710971014116,19.087993591870806,13.1120463249672,34.32260687046759,35.351398444842545,18.95598605086757,45.74007427917442,13.897565236328388,41.768140501724766,9.33651929315947,65.94268872163144,0.4001260236595398,71.438655970402,78.03766047308504,33.61500027177518,11.94231607358424,3.522530634781082,91.63788273633305,49.84640825408434,19.68519264748205,11.802771394381887,60.86282874660651,7.374078620654491,100.27214151773136,18.65062168834001,22.658392902730803,70.53283309426673,196.88588512048761,64.8356370322501,166.77834605474777,86.01841202180765,11.481703964842598,30.30418209470751,54.555378041152714,187.1714624315838,35.45902786046827,54.975122164508484,16.261562358226733,27.004961344519625,139.86246105594142,25.0854661227695,145.693754552073,86.80546542277769,49.6701612242392,10.79798128850427,47.07532415477864,37.074422029417406,2.069258285425969,13.170025385990995,59.14882570709169,DDoS
118.91727831050025,141.22586274178005,236.08821718129667,87.73622092064754,177.7975534702351,22.41663294909295,16.85459159035578,39.18866289421123,98.93782707397202,3.202534336821736,12.111939812264694,73.76183625734389,87.67522314712319,91.88046467023571,169.65825400425936,47.787893609605135,79.7510306878124,21.855833833841643,5.237283972499601,116.34949996973813,70.4851510724057,60.165242888912395,49.54836810993083,116.53255992232813,129.22937468847076,139.5890234463619,100.62407473116369,81.89083063472839,155.35948104498277,38.51080321263795,4.426012027857669,114.52166865716589,69.89037915017654,224.48984141487264,95.8707844961828,15.35479764239154,117.41043803761713,58.09171771941184,143.59549780280162,21.50620360608632,92.60675932328454,0.3671088480515556,102.17252687600727,33.75737334390134,40.30922897540097,8.76251551699639,47.20966910550961,13.92233984636159,15.068422885191396,76.90501075867064,43.2976265242216,225.84607961546445,122.84664904235424,147.38408968097158,236.69689575063617,7.619242144872226,89.34728944259902,51.99418374222072,102.16587281979379,5.96545650070841,16.30612797269748,75.61151761751816,53.18757929022689,28.670632180365317,67.0167262130463,3.1395937066024246,190.8776273377736,69.38254128560183,62.88138283327617,4.950464606506815,87.47546767096061,32.26077728016462,28.237775119951515,91.62930470045603,103.94413922305917,29.060469726179182,198.25130636978764,239.2298383669758,BENIGN
76.33194514331475,6.842531120790343,94.60645121255688,90.47498032588243,21.02845638952283,53.80348391544619,172.97873874562433,82.44232886633468,92.43041684813366,23.642593837068013,82.12011497518233,55.48672402144881,89.56885116957724,75.65529007024824,120.1212818893263,83.77416743488575,11.545731718918944,55.34312459752201,88.98594886509348,28.637848300109447,176.55611776272605,24.718536535441434,12.22021510407434,121.0382609061763,9.09208031237956,149.40052477075457,54.08282103844916,235.2786469885359,117.7570414149464,91.27268131198088,95.13326061105448,191.0978378545258,66.29899612710476,58.87048335567698,84.11213675603923,174.19225318939382,1.1767837823633949,3.6560942629170654,55.20083103157789,56.930166788938195,333.489271062583,64.63575371493634,141.27885777912766,40.03060931548196,28.889241433404738,1.538756450126866,207.8519748890523,30.985222469049813,111.51302518328153,140.94494831021674,71.88634195406998,133.5465293448119,125.94018029921237,72.40022550000158,11.71890340645386,202.5036314509744,95.3594950662517,59.216632998337914,34.616582105478095,6.839386063666251,153.83949844382784,12.536698599750856,1.5113590085947843,157.861539047863,65.82222437501886,81.43228514077771,19.861572287846403,100.25419620049291,0.11609867208726128,69.17051136079876,135.37098399765114,147.46939853456823,29.476407422553265,98.72492320322137,31.87388995774793,118.15307533301555,21.73861994165051,34.16652836197584,DDoS
72.74902041567654,220.59351799143784,73.36079460866397,72.55183044419155,118.71272524080254,111.38443774010169,22.665735964899383,12.812841441978131,104.30425268363818,59.58318645105473,12.12437318203795,55.46668745880683,185.23425031098762,24.708565568740536,53.04897985298728,157.4867612474653,123.36941643285493,25.23299733716759,33.914168620787,99.06473100920593,57.40647135680381,183.64888385704265,137.72639038132337,129.98744073684523,54.225939124855074,3.496069615338034,128.9593619624759,79.22540927747565,6.12527103403872,169.842690923735,193.85268369397537,59.633358386547386,178.50258390697022,22.821753443453083,101.12954479729197,74.66848560946794,66.45854879485937,158.85031364081726,50.94948616555286,134.22567828601808,66.22380786656234,80.33128584071166,52.490196286899845,57.16087108071156,122.85176064149128,123.96068113805224,149.8281809324653,233.9996321932448,17.732278789003864,25.289279569030953,69.1930840617639,48.9962309452716,96.00608747015225,29.97961715729297,174.08580770144349,32.67445899410919,26.28824730353762,23.140635127741565,46.496164550609706,22.794726206260925,128.4415026955091,31.251516619556135,37.41735848034373,58.09770140746456,3.2482054753243657,96.15226873292143,113.53913238732314,261.54689600038495,174.7237328509891,55.57313191030023,11.676412130630514,66.72232368866482,287.6032282046417,72.85288762214843,71.58663371640762,94.21743035938688,64.22919936033016,15.839195575246848,BENIGN
130.3874145931379,32.85372220885404,108.51889161343612,38.45824437202129,88.11413088777623,100.57129804225211,106.44964211729528,65.90680288024853,74.27455710970786,103.30288450349438,71.373521966136,32.79703904722328,96.25919828458021,51.25995112727985,75.31115801973117,7.610241646858744,12.513299076967725,91.91586584740024,110.46249740939926,68.07216091177045,203.65823566720803,41.27440942215489,123.28667913867145,46.866050947979794,88.8838819539992,90.2491655557847,95.25905079520449,38.78273420089586,137.73665787811512,37.83539693527278,171.35297293402795,161.99198031884333,34.82862476668184,28.332359253566647,93.65198458054913,57.95842217637382,149.0082675576618,65.41843257603286,199.9087812897808,155.86265169628146,23.15494939452955,216.68840348163116,80.2949926519495,44.80982133510245,58.62276942809993,104.63500356874201,52.297157389694526,7.151400927298216,133.9270315485301,151.68584165083186,95.87037291435838,182.09672252662307,221.3277918011304,20.49891473089098,14.89427962412884,33.632037182952104,93.44853483095022,137.5179057607244,187.3576393897136,89.34190858392856,8.283837842460157,44.98663007101679,42.02390748649771,118.59082554298621,131.19615453661217,46.646969093630624,72.82381073058656,14.215117360181917,89.30678269867728,14.765184053745017,121.71299211561121,152.22053049258543,34.87752610068693,7.18131428510346,267.2207384471349,108.59527335785349,81.35992543587864,94.82059948233497,PortScan
70.68433463146005,81.8078987305977,81.74857806561917,161.79106457900545,207.1244067443572,36.15923000693464,144.77067680783554,140.96792946596491,57.343379168798194,87.59738379125791,78.8864215852125,110.87766603072329,124.11343200148018,212.85902088269307,45.04119599294666,52.96081995695587,74.74242459904362,56.04146322087053,173.02954798957518,175.110860587232,63.35727440817172,48.77860175108979,13.673265587151024,87.99134047231368,74.38296345821243,68.03028920604758,8.53045150474542,117.73210412697715,42.524834572950674,83.78336775244428,132.71912228017868,32.65366033763284,24.96729678082624,16.16891080250611,27.489300891097212,58.10673000600238,289.41850575715836,119.27690016470966,179.46889471625494,61.23998596057125,106.6653368918774,13.710052239022218,18.750388372877293,99.55185771629596,5.463944164503786,79.26228303711832,131.8409450558049,86.56341848196735,59.95112411642496,106.05598780918189,96.81867507210939,183.8436899528329,174.3694507057237,70.96010214014797,190.95827671969016,79.03313816984678,156.1022930447959,83.13642544759895,54.622041548718194,51.88370428216882,10.062211083544211,51.414099076072276,125.15793826826966,45.62340046084945,161.17850634872016,15.696862704876002,45.74308375083948,130.06337047484473,29.766891531279438,21.311375409278916,30.65122064697944,89.44442001871803,48.671053032549864,131.70981967549784,82.7731389696583,24.29142310872777,174.1818414959714,78.48253685484937,BENIGN
107.71925042677897,141.70770333431443,360.28321358108735,4.158906755843399,142.04009231298556,101.2635254401941,99.60325033075257,177.42396180401812,41.93130309844765,49.86850239363795,31.976551348186156,18.269977192188712,31.85008529981731,156.27487850530116,47.81467227062784,30.467896259373045,17.4311003526577,22.831842602516925,191.40058280134872,58.01276426989396,68.73732422375043,143.75467509326464,115.46185675377268,115.92823992308429,3.0233802717335614,207.55950648778366,44.49702029871274,173.60420595513935,136.90612998424652,76.93311543504045,165.28341863390273,111.3521353458339,64.63172976974167,107.19596368460775,19.354574916758864,10.464662425820322,34.614694395240136,77.6543289530179,74.6394873522203,26.532805499989955,34.03951567158639,71.20406554180231,18.488498309868596,81.69012518275693,5.8438694883587585,8.543868521990976,26.170728347633936,176.6242409671854,13.244471969957244,100.45978671244823,22.95873969757017,23.8244301898454,11.915926995123403,5.8826409168050295,27.97677077282163,95.93207652189699,146.5340383444967,65.42973934742754,89.81238325812592,74.56358328028028,15.497201855647264,76.72246274532887,71.34290260171423,78.76293589549547,85.95408213421135,109.6951797154631,38.85692467522707,1.7384109542655444,24.19211271322896,187.66903313378756,172.1692612135142,27.40459888857355,17.27044165769536,124.45489907630586,234.4972269521205,51.16938719117121,38.71172735798044,33.63100454506446,BENIGN
17.34865907139528,144.71347984448445,67.34588757272225,95.80352686288295,4.7120271810923775,139.93730461455013,207.9697035146007,152.9407723231631,35.97657041660195,3.1769712697634978,21.01636475560075,36.85769067401367,201.17215754427468,82.29035909764744,92.78194561160589,0.19129360209939364,6.093951178599691,117.66375486167439,146.25303826914447,23.954945688483818,79.92027192421422,36.38913621500538,0.7437138809914623,20.425494265702586,68.80088148448377,30.60993933310847,58.06352797527063,90.13767164289195,9.52011155410625,129.77140246150384,72.34372231630879,319.92646452121784,49.44926018821485,3.76450650971495,13.613584886697371,198.01543515313924,57.490604091503684,53.04518530891508,164.32690345702778,36.464205411713266,48.66628073236956,78.60811988080079,79.98806655133465,180.81229539416236,127.58532046813285,87.4093402764949,14.291469199318227,50.6402418274334,0.541133465270806,116.7390678701151,0.4210520875785671,54.037413093103794,84.66048423882575,61.862995074671915,35.39768850636754,189.2653708337114,142.9774859514874,58.2828069456139,15.143376016071821,140.1069355627171,79.46783230451238,229.36620223706612,105.3930847855222,33.81403253579317,178.69675655509724,89.7589004756862,69.98149436579742,25.616590624583367,28.743020822620778,28.91204271668269,82.53075172403138,26.52238654505343,38.46301320712339,134.91721041435164,102.43462019858246,67.14975139474862,108.70303280012752,21.309057486897096,BENIGN
76.69412623830628,52.595273979429415,25.846017431906905,32.64826237795563,231.16093753006345,7.482854331919799,61.783821887922194,194.16940474929453,86.06491319147301,108.69136949167124,95.43797233026288,41.55379938370026,103.55650677774098,34.46305046345108,22.6644623566309,63.08550387124194,111.3599751186509,207.12554541548622,13.505570478369084,93.93630640715723,34.3370349795475,75.55049064655893,116.45467781101163,48.813628014212405,39.546944004558405,121.24909440819793,81.81342216376747,203.3299111040127,49.82644264412491,101.01307143482501,158.38955910878494,117.69198921315842,15.591858605111211,11.597125276146397,59.446648155322734,122.87267604455792,32.49785941686678,119.51854024030976,119.28961936367838,147.69122963102689,106.74169858886889,84.9381577377611,37.295851021312565,114.49082576389766,49.68990471525983,54.49291881789941,0.6853994901490916,111.84694114433438,143.57400609348815,118.30306653178503,125.6269144910345,130.47937736208416,89.91960960480192,110.42145208197445,56.036195066673514,54.50275729224317,1.110259062283435,140.43055051659385,190.80108509791197,25.938433344280217,265.92811840473985,29.728709475997313,93.47481295413476,22.463231585607506,72.65149187347836,35.70653744603842,123.46454174818653,88.62384333634627,32.11521871301564,106.54147782383517,76.58840683206206,45.5902633167647,30.369259392119684,158.61972650791301,4.167977812941456,175.47584182762586,64.6870464896778,213.80552116340047,BENIGN
71.23833448664561,78.7661591810407,108.19458791789647,95.29688335074053,200.3311880382046,32.732744052143595,66.26433938280276,15.843664412723335,31.69070486057018,156.76503597875035,101.44774910163031,118.06432316604467,12.209209645108473,120.70265134276855,158.26190437340512,8.479763391309508,31.50636095991657,6.617883186510317,9.477067200513165,165.69664557387281,155.2480373785073,24.57850173811903,116.30991850510541,206.75233201984088,232.7599232930349,77.04804366875034,61.897756840709526,45.49006681051333,48.81542645388235,51.604815610177845,54.65244160535132,9.52640643767153,8.412958314923621,157.2750405691489,81.97313564388597,60.25353655868659,68.20218148640514,120.53695557844908,234.64013239933985,65.63853008413226,149.28318913651574,72.07272382960683,53.42620226721879,20.015166480742465,201.3320946097442,52.355374262745116,103.9327298878074,113.41944231152694,21.752938383354902,100.34720886430621,167.40194274372374,21.63565345912877,97.17263097605029,29.86653905796983,114.01971977561183,130.93939454332772,90.79917421781208,34.75254940267111,51.98829317679478,60.31960730586848,148.8672683781857,0.04091858982701808,102.60618308923925,40.14659675845282,47.90770554974521,117.21730470264382,96.8029607196348,233.88229415282447,83.48357375846624,16.283403955110465,31.65457032097422,20.90639816725085,76.07338467770106,25.23982066520493,113.84625911543043,188.96977865979002,21.960168181354867,2.123306577582116,BENIGN
57.11700164371942,128.26966226103667,28.974402691403476,99.01750385704507,13.894435086533452,176.49718541264443,65.11897695753841,136.91326623816965,127.48515710123026,15.181909274375874,137.53206820590208,200.17254812342867,53.23720112967234,32.093575432086766,45.05983312791324,26.303518181790388,6.53107116723949,66.21885476766607,51.61349660879432,152.98834884051507,50.1229007443454,102.07402102082985,113.51194194112391,86.67302333337176,20.259852447607386,213.96275635535602,43.91704244323258,64.3913010296156,179.807835994288,97.91804362775993,7.968097984541386,14.346973030439782,51.96374682685905,14.113682151636594,126.47695267749653,32.1169399043682,98.30329867197537,106.34418662617564,73.54685092816891,2.9621141956916315,63.37159007251949,61.31224992291844,201.98498527638407,114.00826010234435,102.06250405038206,81.60641884917624,42.035532657652595,99.9149594617186,119.84823523838992,29.28908302029968,25.128086132474454,70.54337240572865,8.918769723854421,20.25208827339366,80.64755550022653,79.84387259825529,230.21180510690513,15.254494763711806,138.41000308901036,43.81149273049169,113.92418183632884,30.64518000111888,17.49234674419639,113.68906923991491,109.92485575665147,72.54915722630145,88.18182802006649,2.6428906200492754,122.75242426383912,4.380455660721462,125.72349606742776,174.28664700517604,31.670793232591443,165.98678502577903,84.03635995547786,27.596309645500085,94.30406415610398,28.107222501761946,PortScan
88.344410576185,5.8244360659380945,130.8338367054328,14.915398896724378,103.48051634453776,158.86441685966565,77.21646868646516,41.0136261770982,81.9999135917259,112.08492678116218,155.37518857296357,133.71522108411915,233.14860925568368,172.55185567544711,14.116624938799207,164.76935347695922,5.542406198242189,38.68409579865057,127.42872230509239,29.100962724744228,82.3643129855644,71.49058470495814,20.367863457235547,57.49088287057034,207.81566171100292,53.57146329995497,44.08810113944755,14.55224922103618,35.2750225258872,42.9088403610932,88.13614866061224,26.64460756186423,22.489579488632003,5.84770684681394,13.841785233997445,91.17978816606774,6.086837742020141,24.12673752655334,40.2164556572795,18.028477299023642,23.29550134485338,5.70799031958977,55.364648455079205,31.32239910065639,22.11282279141219,18.056093819747,100.08030433825523,70.93589096424198,59.66953809104842,3.3210179885372755,202.1193599580755,21.63003284635096,69.51645831510663,1.5353451755977077,138.83045083134937,52.06890955191443,88.04711054283936,43.26944606082731,222.0256314839614,3.1403016924503806,109.23362979510105,13.18177325967188,155.11470813980185,76.94573108029034,153.66558287399778,56.15120214444915,14.316633363553219,104.44361968077796,68.4043445040095,92.68848322861801,130.67229692119574,136.58566253313404,209.19602950264223,137.01389048045567,124.60589249202312,49.979267547899795,111.45072680940693,158.21751114432072,FTP-Patator
54.84036812635643,62.5120456339924,0.3063637440674221,104.34994950947576,114.820478465649,168.43833281815378,22.65991640145975,10.933690359734571,150.88486836294962,41.43867161090352,51.04399780009937,35.485654025777755,50.76678492097068,27.424350847644696,44.72107365445518,27.8464713718385,42.323480251812676,196.75370853691226,7.434951480792218,34.99755356256891,57.04846856410772,47.93330439648815,45.03944408154496,47.904997353716,0.5883777850373463,12.900275801378372,210.05143162337995,65.28803714722882,28.99988843469592,193.2963175468534,119.16485388987084,86.73145087543315,20.29089785832611,41.322544968603545,195.07673273715017,82.91000521161067,59.13201605738434,94.81239464325425,137.00263763762274,45.38835988490723,89.93732013418966,61.02442577895195,160.76173868244464,41.63962587438965,126.04293992232584,167.66353406369637,92.18586799275784,93.83913340595865,152.34705093035475,42.49025317863849,7.131789051481921,124.29502030420623,117.22515129848409,56.97833505344024,29.84278994828184,50.8368676721951,6.177087137654556,6.119574110790367,144.25781722524425,156.28898196781765,14.165919770220706,23.763640301074464,8.165522477277442,161.16984419371948,33.64355776120064,159.97042010481027,74.97758750318107,211.45434623013014,117.21263095893823,40.14981505462089,56.08432859764206,91.72066963350255,26.522875222470212,144.13991103217595,61.45293391735335,106.11317569487993,137.70401894370582,119.81584124750107,PortScan
190.1384665586316,1.1837146240324197,53.84998869943409,136.27408269989624,124.58215549635041,92.07545652572385,56.98979194121059,28.69175759376756,31.162882372473,69.43993421472372,50.84835740185372,17.07371106206966,26.739130079740608,128.67697563752535,75.44658289351189,150.68016448352907,21.36303084853857,92.87833699834165,56.80874206116735,92.31533505050442,10.15559856102445,26.812703062785005,6.916979303598314,20.89192734777545,64.00996517169068,121.87111007693655,205.01390425553532,126.71821317388839,49.63662436349659,36.25110113441724,126.51988879529492,125.54680096924169,173.56308758550188,38.42319165190897,29.327137544343028,173.13068096727534,35.952106214047205,40.02229523995679,80.70880597375816,33.342370828241286,244.152857091847,59.137422339193805,70.42945694842044,55.71024469361402,15.823013651088605,63.88688736788816,254.95393447366808,83.9098222571048,55.599705157144406,30.88646305731551,84.54605329743671,180.46029093892233,73.11108396894743,63.91392177850403,73.61970843826742,99.10470469274519,116.19011299565058,103.46996960872818,203.8641925048266,126.68036084433342,79.5436583732299,14.163812813565043,36.019790848493514,202.90898599490657,110.48699546987093,18.88801367134558,87.7909797753002,123.21984663131047,25.026173764547277,93.79224926030842,168.8592200627407,78.45362375298336,90.85910951875515,45.72126362119861,18.2967040566501,126.63586548464095,116.13468707172474,96.92799797387973,BENIGN
23.36732917249238,107.61787336049152,106.04042110786527,164.8567599612877,69.32333367169473,72.01610195718389,253.15831285012456,56.61209469499078,24.61598243185216,11.314253663097592,134.58710583756383,8.830901328435715,43.07304649660178,57.20776210049433,105.8871846575562,29.646756604922547,68.91895986981486,14.556764974288438,8.185774635966272,11.302071029882846,75.31209504326618,56.80616143696008,137.78796418184734,200.79560958623213,159.21979140381802,132.32573567685475,141.98575345849727,119.0709431945161,13.438744187948082,280.87245923576637,58.88015666195007,140.70992891611132,98.24388307289077,50.90946505735074,43.33554411706377,56.72417068069041,93.52687552441989,53.313726773976015,23.436602171943765,56.60097285200234,133.1349441375214,21.97437480218142,29.59275402087635,126.06441159886556,64.60809376377294,48.33206786258894,69.57197008450764,76.80703554643681,198.35756781146475,46.73311296456491,66.41127146297134,89.0668133245701,125.70530746434426,27.53225280871538,157.7327297050473,50.544952135551455,108.98030441669337,65.19334010300283,17.281227977128395,211.93013676882074,66.23463197532867,212.84677685016,260.05359274290237,123.57060240221239,284.85270886516065,7.530442074083482,99.03862366113528,10.550074979627926,139.19956981126694,83.05502903301341,170.2147323502177,116.02107681070947,40.29430686095045,6.672645623483983,86.8676915480973,23.06561688680487,6.183167201811978,8.490732353535394,BENIGN
134.22535263036104,33.016806250683075,93.2086413557357,86.96110349031872,65.51002716225308,140.31384080889998,20.11861701509173,132.7500245455421,29.259844574083033,7.460538911875449,3.591040363842985,102.95645922271729,85.7134710434541,19.518167291457722,27.127303010929317,94.81500118021107,9.256061717143476,135.2774175754248,160.5198015209525,79.52672124822038,122.49814080558845,99.07135213880943,114.91989346880625,51.79733762901656,134.1209811867047,29.03718440159333,77.11919053297393,141.3372924685207,25.421565028806548,64.99442953076904,32.04616215115825,107.35434435238894,17.327864829342708,0.8000048276281341,2.798399267079492,8.85034738178818,83.45148555721418,72.6992992618417,74.71162610326202,162.0094339195057,34.183032184610596,89.46574516920049,79.63100828535359,26.24968604607547,81.10052394638876,74.43146423626892,63.89230223745517,21.74206424362958,174.43112524232728,2.642552136706281,25.688998392488877,39.98173310746003,156.08777064808072,66.13399641422924,10.548536715777654,50.99312413567952,184.18780020912402,39.07517699046173,233.80087167915514,48.107036951077234,16.685938989267555,73.24538759713198,39.72663356214978,78.60963201043751,94.66099102115474,30.133186140338243,147.6753729848928,72.1622191229365,6.666975541378522,262.44111660438847,148.18455010812949,15.751749733279974,122.79878095856009,136.2029682001001,7.456406206049655,37.57179090537168,95.30880549924937,121.78033053225852,Bot
43.007764836748535,65.3690686996257,22.303802482647512,6.893105230847263,25.17790741426178,47.78118462693845,4.365273430296112,13.280630207669494,35.6416534022743,7.759838974533693,22.2043548146072,98.9142080080621,34.94712379173766,105.51859446311727,3.984542278078571,59.2332204854028,77.07831479812558,67.27269777566896,92.27485635643696,0.23073453984748185,63.85165792483638,17.53083201640288,72.82175248055448,109.24035280447957,85.42675615783622,90.27131482849698,20.794759887404865,76.61375845266774,296.5210529885341,132.7554650709236,15.694480527717875,14.17765607994892,32.051772366596936,139.57074818675056,106.07316239555338,147.44603266068356,39.627092094511106,62.2664215918158,32.92045633289162,130.82191978963706,93.05107655361014,31.140835118933087,136.16234583088175,19.377632021569816,41.92313788989148,138.8088236640302,191.1894164497444,0.9347176365730014,75.27574968571061,81.0530762789549,25.40205661706743,59.92628254007983,25.927597437875338,156.4014018211813,69.94895050506996,48.05296625219601,48.870197023212384,28.150656142076908,41.205565476057664,73.86080660934154,91.83631149338709,55.7738828932371,10.798346674527037,14.018003100159277,89.77215684594248,92.93115872076054,269.0275631353535,27.22221717726958,22.425879143948553,66.92525641261619,6.677081771074578,71.91833809492873,107.86607710305522,26.005451546078014,90.02056534504943,147.43828693181482,251.3643468208903,119.08859328665193,BENIGN
0.13533024656418782,82.84081072387681,17.50851502737058,8.380235961134057,44.06625568120475,150.0660849460031,47.6098469442846,56.27098375725612,129.2429162600113,41.36007143252674,37.671684786935856,69.12624910088047,75.32324766646197,44.079169601191396,146.05566355835455,116.1908619628045,20.845721705236635,223.66451532207154,251.11325476900083,1.9931561657245034,31.25670580213269,52.23599258541148,37.63670371991087,38.65825891709297,95.06278731265124,92.60621643490131,31.249487814126116,203.05457232242023,22.459063324999182,17.252437332674642,94.16177655837016,50.59343058207516,103.1018217042444,87.45876458098074,25.880086360891674,36.12522833635362,167.16594366486115,107.08822921714689,78.41627421933197,254.60050646214697,29.677250708423497,79.85681267484328,108.92244918732625,0.8789522122777701,26.369906587307867,10.428632223219882,54.46962871197124,129.05109976279934,14.796888063276262,87.901688616475,91.74621535937203,126.4187595991705,128.44943775351328,99.10594242225638,138.9775295320786,15.824637244161583,49.61139797833766,8.402176093309313,8.443678635553136,65.27362855635124,55.362331412564245,36.63728472664642,117.00036864398626,67.79632895993343,5.2297137571006544,30.837846923364687,111.03541609416774,116.03729776674649,193.59140507224123,62.725746286156955,61.052839420932656,16.26344699001771,277.5188461108102,179.24508231385923,68.4083978776116,76.76701543048088,2.8366504429595287,114.91833674036658,Bot
182.6220478461134,90.76577082414646,52.30839966946594,72.95610781475912,8.037940020917022,137.03165001393137,178.93744490951576,39.89961442222967,37.82589823179224,8.190541260407326,98.1609264444058,242.25555745959443,136.27595622962556,18.91158497110346,158.18760934989876,121.21067127178047,8.186134108175565,32.596360532799316,151.2126142376654,94.61535811296805,167.36906973213394,22.511256068511617,152.46767428475673,0.5226597462820125,33.76062224729719,3.430835657245901,53.184362281122745,27.005489814431204,137.9111403168567,231.41639826724685,123.89659448048371,72.54717093581023,107.83447924360212,150.9979610415489,125.76769778532042,59.203180939461554,63.78040674775352,133.50518667941367,158.8129925995544,214.1982640147936,68.46297971775508,26.203522184143818,42.934385049471416,107.31074140986769,192.51131239369192,78.88946307844868,121.54705420797873,122.3669272060771,18.09378270039994,52.102868933140364,27.07565235498433,116.03734510679999,107.55000211306371,12.155008278515437,95.4964035643003,185.52505395526634,60.666651348988,245.04557341315007,101.52542733462815,17.044705041296595,111.04972790915768,126.96522661013012,47.99567690850245,86.01587792614019,98.46766948245461,132.55225693540592,15.9036264731735,84.1734068994101,44.27909379278477,63.04985142467532,97.72688616230066,10.20382008184647,57.48264844618621,49.02574444285194,0.8232364569510726,5.705383682536383,8.155079508977877,129.72115391662732,BENIGN
16.013489698287252,58.362558545464985,134.73432191594378,37.070556711558375,61.17300364185449,22.775392125883577,84.76378150694272,95.02387211452319,9.21212820729715,181.04228817303613,153.25330906092762,135.9066496888782,51.481966239737474,133.8379903763957,23.452292608098592,119.73976863003001,71.30732322865353,69.05324621511849,63.31863393652334,52.49265207803992,43.54089706180863,20.70239606860313,189.29710769218067,18.142386111809948,178.39141981831486,89.59699672367043,58.349359346976385,118.3617663196396,61.216192639535386,120.31973581423765,118.0317839177625,124.80105888936602,49.979173049695994,143.37500342142357,50.96631077101231,47.840968334377656,47.16425786351586,22.01098237936636,123.63181797064054,32.820896842876394,124.82747560297265,45.604167428597144,120.92795388889937,32.474332035109526,11.906207824307634,55.401553324670004,118.8599180534435,166.2412597822257,126.3189123018033,144.25916214453727,35.870624076616664,50.01690973739038,15.634517349918594,3.8573241976253696,143.10197801252556,116.58867394684167,53.846938725449434,143.1186765846887,168.80218445968754,24.04627448017032,88.02632056007167,7.956704898613751,191.4904504978405,108.24410437804357,120.8351949495599,66.4280974474321,70.22972131912357,52.628586868197935,42.17118518435028,154.78404612786616,89.15784566951169,175.99519260721297,107.12182230107092,162.2706570743869,20.712127707087358,18.6047712151212,191.64543210163532,91.38266561455501,Bot
144.16461833422005,28.86096512984931,97.69318210905635,12.81076019934963,59.24210073873068,70.38073822515749,47.241214410834225,48.87864737823991,93.30279708412645,104.32775941107171,111.57847113854848,2.462598855679703,117.78363550763035,42.474438987100775,90.2916551413958,102.9129678078305,50.43120335043169,7.163127677616956,24.688690153226663,49.9290590805561,78.68600687351571,59.04523007847246,113.98566043617029,8.16019243470599,51.28188094563434,68.26320220121221,30.70275179293628,37.715578281127286,56.91697776807892,44.82872642453222,68.3690485124252,19.902111276273207,141.25831825440608,30.30162924749628,67.65487604029504,58.08791381772978,192.2036939606547,1.7621310976853315,156.13429830998885,28.124290633667055,6.265614493579669,44.896755557021386,25.743052411084662,101.15702757043907,109.49806181122827,65.35992851816712,55.77753625187629,113.49741648992573,73.28131611036991,65.9458524439355,164.84126076944867,75.54617138709632,130.58610861868124,97.41184682336981,83.31303283983445,33.77962630573283,14.091087838694719,42.06193424560216,21.910716233362702,6.816710038658609,71.35661515790268,42.332338151512374,16.18292630143563,5.553874089166623,43.346367419352646,66.73944380578351,151.89951632572024,107.7388963898937,110.73105339393423,6.086956993105802,42.40765933669789,26.349947292603883,26.370530557655393,55.79377815243737,110.8016393980767,2.4777746496761215,24.611772945040425,39.62679165655031,Bot
22.286399621029307,51.59062303140283,57.269615105831285,94.18027323249555,245.70044432505136,30.126468457423645,18.445447065456804,67.78400977178845,159.6089292194241,54.452811693469584,99.88152681895257,124.21533507916102,159.31062215029255,103.81069864610342,2.7555936515566763,97.72848320429691,144.8355917958304,29.2375353093686,93.77866663411604,69.16284254233128,200.61050974174037,42.489610417240286,93.14695195539889,82.46595628492528,10.086092307902481,43.971835937762386,24.89346118611167,16.845076993249435,56.88054171653081,12.984783046686063,70.6329706696292,17.145793064083975,33.528347451733694,126.8872592605779,235.115821311217,93.90632499396992,180.4104664586301,30.968178203672792,77.59681608964043,212.44451430933583,100.82860679643278,135.44896173623505,20.230001008711486,242.19554805352433,46.02389432279179,169.56125332780866,25.44367276856635,136.4869373855072,207.32567066828906,10.936906641045823,53.92647112273649,131.7810936990153,30.90602585769696,8.189667520079116,203.0953617349149,129.49739740960865,5.966189369697816,181.4308121389617,42.6762828838568,31.139535741201875,51.2583152688558,58.90230796419218,39.74040328868454,58.042194009624104,4.573912900266335,104.78663059889716,185.16569636800563,54.66878217372169,13.461543306322971,125.39317971754804,10.060167515618698,19.65690342166925,38.55271268417796,27.00119874512021,81.05419989469384,197.9333618383878,219.07855142107007,9.70406272444892,DDoS
33.68923646954482,157.88561203734835,14.996202289627098,67.91921419241791,113.51601296858252,31.083914827499804,115.61146166453071,71.81956337876233,12.805117872967775,157.42096456021196,200.5768294509637,126.30280698169032,18.809956615274828,50.75128720823281,39.58981069433685,138.4311753030786,51.88000423713724,73.22676199282319,107.74164988521733,121.5325970476457,225.93708838316977,59.92744782651446,101.9170621301904,14.958828557068578,201.60302195142722,204.5622890945603,217.009499187626,61.76893882633404,12.100924319881162,36.367264783898214,14.634092374917987,99.73506565515258,63.24441920639787,18.661482607356927,22.74212679377154,104.68579584583378,127.69830590630524,44.567673990140946,101.74216698089009,11.491272637148015,163.3584832409058,104.13790885215242,108.47588015104499,90.56955910043087,13.329555051437412,154.14683957782051,159.30936181652504,230.99686004384398,24.970716122253876,321.29536105150225,79.50317937850348,111.8169414895207,4.02442746921856,8.39815774947546,7.363889294023972,78.44419187412464,43.17057853214802,23.14080016532572,93.02917092896185,11.36269345192298,86.10231064882589,153.58646708655104,186.4064825055712,131.25093439544352,45.77893528590192,33.85741900816487,178.3229891744519,56.28043312978913,62.747748438115366,13.21617523553239,2.9432700419992814,188.75513502558465,156.58205940941133,62.087541590674725,144.94137689968682,17.8219012567856,29.916456718847854,30.15136445386949,BENIGN
129.03683825796395,120.38747417935951,53.16987339898607,1.8073473423663822,0.24678493121753706,150.62148709065085,97.74753331527154,33.61531701140248,52.91126672745058,21.77130412174901,10.465606477910164,68.24687690171108,96.79183200240504,161.23576309253735,14.65182790115405,61.860854761028364,164.36341422199504,2.404782509982628,28.114325269156065,98.95804037291447,142.2141811548088,38.571536903840794,10.125968845651109,16.12695005979788,177.0774422591056,100.87520716840439,95.55187684192374,23.652051540573634,59.76610012779955,146.0903426144534,107.99322818968393,44.64835855944271,138.24186300071534,46.371387927544696,67.11713590516084,105.11317357761678,37.92095299265581,16.783543238043073,85.78947573429741,167.45696256739072,51.04985587635959,135.42881995844297,5.917346556049609,137.42909135733763,17.902091422951962,76.47077295879625,127.76190132317218,21.232614066789893,96.18388324273973,106.83281711205714,103.87562896145033,106.88892755441985,28.976714435653548,80.69220858097825,4.60088287126119,61.129114723824415,23.457001993653364,60.10827381077641,101.22459076529051,64.84466533719213,115.50756209601391,3.753880137224185,32.97431588698678,78.58464131561502,107.4498389658808,102.03818741776796,135.36121095467658,0.030496426228980425,6.073612558130447,76.75465012301531,54.266089897406644,40.83366806456837,144.2940067837931,7.187078581077398,132.21729566400086,25.535434211200357,82.6290124622276,2.541136932159493,BENIGN
146.92134397269893,77.75086672658979,104.91287298878535,55.14328123964021,22.622628142460886,166.61892380266073,33.63567374706145,176.15824272546485,102.34334555645097,90.72736847917083,50.47813609150709,67.58783643523114,17.020282461353894,51.33774875146491,103.08152774500662,33.87430117714108,69.82655364920956,4.3814192831760925,145.07099241344233,76.57805394802747,65.86908139056186,160.8926549445604,28.51585301552784,106.43724104341996,18.30028796239041,69.32761239231569,37.76049530579387,106.11627323738506,47.52499290058339,100.7114428981635,160.06831090159858,5.797469661566357,96.67049813966008,150.62959148871556,154.8088389692493,35.148363616116995,103.42266740047627,19.22783128114453,91.04176741697238,154.99991784960076,94.87015346631668,168.8901668563729,5.84604568340257,89.63101857786599,126.0974758908604,25.772974121105268,84.52710294458669,0.27083268483496453,161.06942949172455,38.621155466250315,5.4646944764470335,15.65046486008555,54.68372457604648,8.678742627404128,50.98179084469599,239.06481343358487,11.233206838720484,151.11411600126732,35.775508342687665,9.952832764775339,14.854752771129245,122.17363696925094,30.58602707520377,199.20650648213726,86.26663578885318,10.984309313381067,119.39822731788443,143.06243969983942,23.654657964093477,15.571731953044088,98.43624695820279,132.9493572192919,40.474750531550356,82.7892867365809,17.182504467671873,45.90232504943154,43.535812704814745,55.03036740090902,Bot
89.10786773973972,34.819882846444834,17.16537699688965,185.40238004386018,152.43590701971772,169.56098601292396,28.98219088683969,57.08915863683052,32.56596805936011,70.2541629551626,48.457719279422854,104.21283086144433,47.30079549674051,54.211578668288226,361.1350062815669,119.85736708662522,93.33423042072528,35.29642307422042,62.51657882890393,27.98390758429393,108.14065443924832,99.0604337075828,106.82038314543169,53.95475333610181,31.919644464212034,77.03135378908958,109.12035784152248,143.7896993368432,35.70044252995619,136.35358637280325,129.3625536082294,36.15119724504693,73.28418069976331,59.50088021082799,113.16785370012177,149.03498074607975,22.38466897796567,142.59103323213608,133.28017304760988,35.89099814126859,234.80185086538762,60.92851164158597,104.2746632841343,4.4447918775506725,78.09752928442872,87.5209200778746,18.161521479442015,21.150200685020693,176.8585669913481,102.57935849257412,31.840357405409296,72.72793759371594,1.6073886162074582,7.206421050051394,98.69126270033162,2.316608006209883,131.9101027445988,15.5575112758557,150.7313581481862,125.1522794304531,58.8788877223153,22.431547522261965,7.458023010351422,61.273417501475706,50.34122121999125,30.09177132453493,18.661322172860466,85.12233916631263,92.16912981427697,22.113279161642147,60.78803331197599,119.35915640340178,173.3883138378608,127.73740385132224,190.97976696589268,80.19374750637151,47.763439100988485,131.9728656149004,FTP-Patator
13.15940821633258,42.66317859767969,18.472591197948347,53.883870353709625,69.33299046018816,224.4181542168122,98.21153121650607,97.58146536025303,250.36366422883324,220.71865179343146,75.08321093468156,196.8682138083387,175.6493281675319,48.78668336960095,95.1928847676253,78.02224746014357,55.30450077169359,30.0416099551269,20.5960716209084,174.41681361472945,181.49259100865126,59.72653732735059,105.81056179960362,35.48401555702975,141.26820670069117,69.622838037218,233.6146099599624,35.78544011046551,99.97795795175224,21.204431236699097,53.99419147193419,2.7264507634474673,26.610405524621715,149.32529310315982,100.33254574540318,70.78845144122309,38.069068910241086,2.570488202790712,23.49230504972106,31.30500488187198,114.65790613153706,109.8695815068532,57.02527235436246,75.50277935196478,98.58517790015055,141.29175994148724,25.48192183469982,171.60759463985173,9.91205191566232,48.34947019642914,78.03955945851848,102.54698443982603,183.38247289999745,49.95007969689037,51.950281419342616,166.2027378010535,79.4544798213313,50.641034137913735,162.4191327722064,31.12652143043535,98.76583295984418,68.22389947743332,50.497823500729886,111.88465181313738,129.01600237659932,132.76978629316667,19.57917011400552,39.2759922084194,181.5481913319312,69.59612553036047,165.3440108825843,63.71947172595566,11.678452577639813,43.429146131573084,172.44183606099057,19.977622183509457,19.542991602651863,17.931850115980314,BENIGN
142.5032506903673,144.67906538298647,80.79951691148726,101.28905740373726,33.535707054599314,52.96040488022927,54.717460414376774,13.76568784726773,170.21079341016403,15.119738569712155,78.62974053748583,2.52456290816329,175.50836057615368,50.282471893561585,118.10050084309451,50.099126973041706,12.876373634843294,68.82409508253399,100.68835786822459,104.57172739623284,95.08453344590697,32.326225938749005,68.44930246968961,126.00078976522555,60.73269104176971,59.2743729411948,94.17488553643707,52.82607606644375,90.371836104992,133.86779742330543,30.56500950890805,118.74061548536818,118.096361784702,183.810756505884,45.87668296661928,38.422261483173834,78.75534068050477,1.6914217176603974,49.03284443426062,11.599872616058583,103.89734837147641,102.54065707512868,78.59155628095084,113.99312719358956,81.788196670747,57.41642083638515,172.36853785590117,85.50016347102223,74.15926390940565,37.41045275639198,18.702010769393745,58.662488261682164,44.54791746875265,4.981833090600245,42.46433289159107,41.22206935654473,11.838783734422806,180.5354459125924,58.64090099699018,92.34156249903548,47.75999513736513,4.819217725982952,129.94312150704548,141.1105009112135,39.61347203655644,93.3634216589443,106.14976412061874,25.242875721578013,230.37843092174933,53.90941042551023,159.39125266840074,72.60041032460013,62.391420184491295,82.2002520114908,38.789382493422025,36.939486101994184,68.19811693226467,109.17634909166438,BENIGN
52.42025730471778,195.41502403288408,105.73045875313134,15.809403685919122,14.727985576747896,86.1418359876257,4.318417621677272,5.070725386367435,23.779736313905932,25.50217387812019,8.688513987781159,112.58321790117508,8.3910898784003,3.0212726784283337,3.358540476718952,129.77738137911686,110.80533268294424,177.58468947911953,117.63818545155131,65.4220261327759,74.47382697153198,103.03166954736713,140.3499016998488,109.27018632470859,27.78428094718478,234.4419387763796,124.62627809986806,24.80970496318103,241.9129138075756,8.164273442115922,36.22968036465537,38.269514108280354,85.07239905465956,15.916526032138826,94.22611938939608,187.24486608087238,151.67447975338172,65.7912631592761,8.971056911931646,66.01640866135598,2.0787183890901204,163.9297135207276,86.86540584366283,20.36922784764595,92.39743341675954,54.56106633808282,39.62775398868718,98.05632589915355,51.70276448247577,85.85514701033784,16.13870496345091,25.41258231901035,54.816287894014884,66.73096054709586,160.51704424415325,91.19399468116644,94.08535295821811,50.73451959840361,156.2244210638291,15.756195555377731,24.176688988430993,27.331964451192707,158.75809128423666,57.55854538452915,22.252208025806162,10.619937177418336,113.65348557747681,134.41056937544548,47.458381969394445,123.29093740618798,17.76609964689893,17.26032476168225,117.8724086585622,48.76176752337977,73.55306659075819,99.74209381243507,20.849263102027958,33.08235227242045,FTP-Patator
89.30043681997122,8.883214084491302,38.89585360402897,66.19395840707996,78.29430792723844,38.485056468220186,134.94731052616237,95.64671437396102,44.99088888312278,82.94677345802876,102.13976838403983,101.19055837497713,35.43223402490987,220.96286521908627,110.66253091372845,70.69289851361691,65.06108961061356,98.39269092062237,99.56424072441601,19.460759846102423,38.319038537732744,40.01360633025601,46.47952694439655,123.1694300434006,42.17690877659065,5.442430037130563,82.05852958539445,178.69890098107925,77.8932180520511,2.5733794839247515,4.757941715278779,98.67736181735269,18.55035290361908,109.65937891821234,0.08213367794600936,2.9183758055412805,20.75282778634226,123.6382128406456,62.4920464102357,125.51981149158307,93.96155812790263,104.92147690071647,17.522496663054554,35.245270353785756,0.12250383082545331,90.52561597764432,100.54953203063783,83.40275687263308,17.381351289172038,47.8366716587938,57.93574933451994,31.01449950106793,140.02452287511767,95.96073122118406,86.01203919849665,30.18124860758687,163.42744859765307,29.91951501693214,36.15132271068674,40.78989245436482,31.916448321816866,65.9954013146598,27.098821468719997,2.9104067148411294,50.99145018382725,125.11489130189024,189.65829224863072,116.65772055734006,55.812401308339496,76.1769726263774,185.6415517826335,76.03193157594238,58.51858525992847,39.22725266505483,62.624426606331774,99.47172740359198,28.493081864317787,110.0391824055466,BENIGN
182.34927350495863,125.0428545040594,17.64070536283277,35.36795955057045,135.7632444948907,12.67892516659413,115.37685390885666,6.865145707428367,93.90889436311305,59.21141213350033,80.99168567891817,84.88738302850474,36.92655346561898,118.55960077744592,80.0840916162789,156.45812410574143,92.45552194693161,93.43287467259975,47.818669723369965,0.3175856767131344,29.459262094337223,210.09812104995987,146.27173354272992,8.63330187871626,72.43075637838803,99.65812952746222,160.61208808681246,56.5255056257987,137.62212204043263,35.210499414442864,106.4377764237964,190.24298804711978,133.94921629700357,12.20596953690234,172.6836148020152,159.95701220705897,40.12824161772051,13.697308959866787,147.43129392917257,14.74224414226123,21.95713561410768,13.172528806515155,56.363432544311934,49.24413839212625,21.428730736333236,81.0334628457446,27.737295155788193,11.424391410212563,140.05223910307123,149.80502845365953,66.14541099507707,98.72372384192569,17.575365168808542,129.34505227298703,125.22754775306151,25.45406463995396,133.53453567370426,18.240870073591886,70.40512299670544,176.2527111345014,50.02158635937571,127.29933322312716,37.47838500383918,47.18117395061449,60.458008765414576,86.38420936387817,85.66126435500114,88.52366136499785,130.9757165874036,101.35261350909856,34.418905182977284,212.54535979441428,58.21669967373479,12.523471471530392,97.83929401273534,55.62790648704103,143.44253164448014,113.73402006101546,FTP-Patator
46.83091756212118,21.79581756374037,35.73876646632323,64.45326873130469,163.22452588988656,29.597150388619838,24.318094807710125,62.20649049901999,91.82428214350014,12.77072071486352,30.53737360936483,221.76465207197603,77.80089123665535,113.93116720675505,68.46249963118912,24.390294860084204,28.302160553892826,0.9056263622981188,87.01764701254,155.3247186688754,129.8193911696611,161.81067830476877,68.34172312388914,2.9478115021937255,161.4729303006885,68.09668359129796,87.12089790330124,60.15115147698592,52.28712669142984,76.21051933876727,15.537298821799869,160.18552938847762,48.109766542824424,151.7103367183109,93.2161054865362,121.7167134896644,118.03183169861103,37.431308954649786,27.566358173523053,53.09596471542592,77.29036637422013,36.22416977573796,151.3654174462318,25.24485549536634,4.883112480840971,93.34212667102668,156.86819188413577,60.69137102870481,69.18418040088565,48.73399260391653,0.13300780263234102,62.73726701874223,15.278236710023553,160.19007847698717,20.378756941675114,50.456053223611065,63.4252876471426,126.46472722865121,92.42969323081121,130.0711800591983,63.858466605855014,64.82735541726626,47.65841469833932,90.73429460610174,15.342119550391873,119.96209516406799,89.6775244507152,72.86591410337823,189.5006893597774,112.7477858731929,11.010758575632886,113.55180451889947,145.5674857458357,70.13281001381633,25.057248907487146,82.52705451962018,201.82601533290278,136.44405588512606,FTP-Patator
44.84904308664313,89.82968712060479,34.65331468192452,14.020512617124528,201.0027622744882,127.0086147680095,22.367969649555597,11.941766989216006,113.24231099888952,124.74967235682738,115.45902476091912,24.708649670328768,100.34765607841956,98.89229171420732,136.5054443070417,194.72567386642822,2.7999545194562927,106.08842556995842,123.18685541566103,127.76048240560596,14.03629067208431,0.6392320059787118,123.5922173509193,35.6455786555902,136.79353860913423,58.93018059441726,5.45932661127137,37.8402505917448,128.8110730067527,30.01556002227654,41.47278813463268,31.772670120959674,16.70179781169606,79.20601020793421,48.45765435050623,186.04115021964944,99.109287659804,93.60325130481806,110.69170530152554,4.311654511375218,30.227051295451684,53.08364057146827,53.869268146812686,39.102631776555505,141.65403509931434,0.26780875581322683,96.79628394617961,95.77833569029673,25.08841795823693,23.785793402800735,48.398016196619054,12.415860384721537,84.18733509170889,42.394129956078274,73.3907881864624,114.60919604530955,46.57533930774625,59.74628578813525,87.52814266351764,19.291537109138282,41.12068105708159,132.211794144374,52.563992272709434,131.8779685146789,256.5154058599691,38.644618351804624,5.087965164398104,91.98106131509073,187.88569137431494,17.69592497398333,235.0339120154303,127.08122296569128,111.65642691137982,24.560281705791557,35.952316028032214,242.37473182779775,76.2510580763997,57.93405695758157,Bot
70.17273465958871,32.325695304860744,35.700448945101485,71.76355919716624,1.387207217597611,55.82775962080532,10.032295575614611,148.7177814550033,21.40577706320174,109.62955896862512,64.14493184978662,14.339884303353056,160.3997614754958,82.24073772721373,56.8964384836334,141.3177841865801,177.78671402788075,120.44079561306467,49.45270844522792,78.72096877850635,20.193990333548186,144.74622570271595,200.2142724832433,45.93351240525666,13.40487665021912,9.44272243535302,61.47406161178844,127.39467294749474,149.51396584838835,113.82621349580988,48.66359561448114,116.16473856371412,120.03204521973167,12.335479220716373,105.35226203160315,13.308442792068725,69.98565596577566,86.16637033727397,210.23053913449402,13.95631528213373,124.71899921129288,16.82422035305197,51.210489834856496,20.650805869988325,14.967537401326075,19.36282509182633,72.77593014914427,124.26964792733683,184.74000608555767,22.659111852722916,83.62309764108673,47.67725530026038,97.4835576528597,80.82454929880238,100.67925593266038,59.922763066438925,73.99237285155084,25.512308812345008,26.43014140759551,236.8393468235372,31.32512598017035,81.11440147504635,146.0150262066399,27.585271463774546,11.908584242731845,221.06995273905557,71.38541602930133,29.735254282755292,53.23556702661748,96.8623785705837,155.835644472052,67.68828201532168,91.3889741525953,95.64964758415366,156.58563846543788,31.45527958573842,66.87541185215149,140.61424419829012,BENIGN
41.38677249737084,90.49779919008093,92.07504681638696,51.30633430135693,115.24444681088677,72.4221313830929,38.06974256166236,7.240514731789721,100.63782748037806,69.0782326480633,5.139196897484001,26.064884989492214,177.33540346074722,129.19976261260564,44.709659786565716,155.48402404262572,19.61092921318354,202.52842086214446,60.632153336631625,143.20196312208788,61.44154802612122,16.913496067196494,87.3782887108324,37.70608171820442,136.69391585821094,0.57212810991224,23.74119490109398,100.41094072061188,194.02542934819118,6.351326128045883,81.67408661229119,162.9539299965217,5.994288939716841,26.048853281335294,78.3040907286443,14.337026497196806,119.3718782268727,167.0718296177581,43.56248795071857,25.410871159835864,16.463853144973825,47.40419565616582,142.8856613893435,15.769421996281013,45.012347329389165,50.72999856297516,74.01819246062783,60.47018550970825,166.28710985640575,123.09120908821363,329.55611799673085,115.67619824643116,7.365202625775688,70.81820628990118,100.71747357076501,94.91176282799884,67.99359447584152,112.71325836818436,135.45996610726422,104.03801508439108,32.33938550656872,5.009014857079711,55.585645155185624,6.636983921005428,130.66793306447917,49.444092349360616,100.46892788749149,64.66143019889341,116.59200029569607,68.74766264035253,36.139164056791486,67.44048010569486,17.599725212739497,2.0001322150924445,188.56687850553052,183.69831612251454,103.83776427005512,108.11884780389913,BENIGN
177.06523099222744,71.95195128860274,68.77691637967061,59.164739851575156,33.300297198630965,172.2554827880282,79.65255751603473,46.169871558758395,64.2400422547114,167.4916397918221,45.50087457211382,108.68180300688906,44.5083285623264,211.55614141186788,127.91757773481913,73.48969425383328,86.93971750787908,174.3783646745394,151.24557258472146,77.32760851111978,50.94389442202309,70.27771659920036,94.69371819552072,17.979835250529554,48.17410325876257,7.590102288436813,9.504200369292052,94.67840637461963,181.21405873077657,146.33936285052292,41.22539740346844,37.665659210727895,115.43562861524255,138.8090032379278,13.738859941677573,53.03943059247528,176.48737104525094,6.517676692225227,106.64334750651764,38.44681126994213,130.46459986144671,37.181681099472264,106.44562081406352,12.10414920675384,162.09600494536406,102.16508350576774,177.62989615657787,154.5954777923041,17.833838749471877,25.178524567549914,42.224749875835414,6.613955204647334,176.00437651348574,6.516834108320184,103.46681017529357,78.6954564094698,129.28737322045296,16.97304872855214,212.3320513281019,50.435085394025734,67.46205243566908,17.057558147702224,46.851992926005195,79.37045795022385,48.32833942975868,143.20096713686254,13.661869147757239,132.8075032754712,151.17465380881643,220.68049320544696,22.33343694341023,43.45785009654183,77.13772263396092,32.09859692714158,145.9329651601532,65.22631837437548,45.85867799485827,140.5746275890388,BENIGN
202.28661183667919,26.853593024457478,41.2793844352292,29.78741232861638,51.00381745143354,45.89051641234932,244.749514234966,9.796573209675552,13.987868060571227,48.86615372604771,52.314374644152636,77.10363141410225,0.7774944452975179,161.2368118090484,14.342318753458425,186.1819259521721,112.08186488307959,68.4269955660775,92.61858764240132,66.11380133380368,11.15142242538812,100.90102310848599,202.28761572290895,31.643568342645224,79.42818471350348,109.49695696960795,1.4033733881851278,69.95826964973169,179.78387330904715,57.64464926030052,365.5086515104106,48.63917687908664,138.40889920124232,79.97979377203086,14.47323989185361,35.40485085875462,26.13657421135737,107.78730765648021,63.65983775086668,57.47469291255051,20.149232313327435,128.67988527259013,31.627654319091747,29.03032687351907,190.55733529725302,105.61640438100358,7.692575577915453,293.3605706171273,40.553269176245784,8.857812941673526,54.65049536084137,110.18999729887129,35.85477138792277,3.4661432057185313,30.368818967683765,117.26039587430066,90.37487179106557,27.490211308222158,145.4664291385046,70.66217559562983,29.688598269229903,234.53045634718285,47.43910651560571,50.61974766426176,80.26247600784781,56.80935515910258,156.4915924160071,137.23639452651702,110.30592641310145,245.1712624997291,48.93323754622055,213.32646815618554,136.86710685200578,102.54935862662529,49.972627298465014,83.7746225555152,96.80227066762606,49.77451422811719,Bot
130.88438420029985,5.091773033921787,22.30302575851341,47.18446211555048,27.755397015986176,32.96255311747404,91.00264465438659,39.49712816904657,26.721202369464574,69.99809002033712,78.73751382239931,77.69912116935444,45.66675899047263,7.205085018665584,137.43116206542388,19.278407772429805,52.828833247466754,29.76425359964962,7.84896243763409,4.887723351959414,29.330623601702467,29.596757304826017,133.99998854762094,37.31662385021419,170.72411352053675,274.27966043700195,32.7368690943752,131.31697870913476,140.47908419597584,94.52143122503819,19.802721959740236,28.668481987434287,127.45102093049272,199.0147773818276,85.18059981826698,25.390096274087554,9.89864870402509,10.743975483696008,65.68732822933941,139.43390520546885,95.02792834882797,32.20472043256931,39.95530559967501,106.42758718444708,46.44686327775655,157.03918403378157,11.122091548342764,122.9781526972715,11.382032618358325,7.153318204094465,122.54210614586665,219.39251518044446,156.03668175048813,87.713461937785,58.92834329575965,50.694869025962596,29.52297411054327,91.30491839967317,37.57821336847739,44.00506606935736,196.08451414681915,3.8738609191706894,41.487489908910526,8.370985713902227,35.80488388565708,134.1722243356314,77.58643055602587,103.49381631639325,0.05716656457768392,33.987898131490844,54.65211607085788,1.949402327685635,230.20121801351988,84.60119384207664,180.79328389524701,106.50175492146407,94.0332187509568,44.08798982374823,BENIGN
147.3879290506746,0.20973173829448244,122.93180208125041,20.861723663787313,102.99320803117926,66.88462928687765,30.404109915331663,92.93245882416272,77.7905724174565,7.453400022224349,21.503581213723,142.3980333820967,39.63817225093372,38.19338631313979,72.02615235526089,78.04975206878598,54.45411809550487,61.41476940377332,83.695603969883,132.376206283529,79.91362008564647,35.27496086255131,18.760914464427998,101.68945142376012,90.09157617853091,61.4131808866791,170.00721649783063,288.201336316803,87.50446944279707,137.59084192989735,125.77384675036598,71.85984023475321,37.44549147013793,46.4913075556023,133.34321454495685,94.88318716233431,98.11495194007848,50.38878713794005,27.308885852988894,133.51466116608586,10.070321403397768,230.38449694880217,84.28026912605328,25.857490073714168,134.52324520998303,161.642555749004,179.61646591685815,53.030618224960236,55.51717689786619,123.96704393524807,3.78506908101169,163.6827842152863,284.63743163268134,106.78762269316586,61.662494226199684,64.42561808107916,6.740808506081973,9.35454593861461,101.44216232835849,53.00113040413865,92.9926609869161,122.49740070298083,59.36994269872572,7.451238509633384,57.26385194242033,32.35026694249729,69.49148109113904,50.07544186907036,133.39666309878913,56.345352160123916,26.584964850828445,32.865949817231446,62.58386575357097,45.66415273079452,2.8728692471304074,239.1452662852093,128.49687463019544,58.64172784885583,BENIGN
96.73343646781669,14.258629209557435,75.79230340112385,16.97564295368713,137.40565511599814,100.75108556332457,134.24598894067097,117.09964932042665,121.028911423038,63.066540988767294,4.303993223658948,60.65820191190638,188.86191897177196,101.08136711173168,70.8112140184589,81.38412692605569,21.071048057617165,81.69851431432842,94.52600778941374,15.463995862634736,72.23336238502043,44.10541128156447,48.698470765886334,67.39443903503098,86.54032700022395,136.21645719212216,50.992924536574215,189.86213456878195,74.69960383553472,21.23114479804162,43.08140706974151,147.56787481901583,140.09808496930503,119.4339164619275,77.45633043824589,11.795017089254154,18.9442777526179,27.01601066121741,63.806300931613,129.51961769007684,1.261283435224257,126.92215303532201,38.396020203484014,12.83390272029383,89.78052814453254,60.46197205172072,53.77765558045478,2.3432127147405315,87.3424819947326,136.87545355960296,50.53546309917457,46.4062530128656,32.443258174848665,200.1575745129749,19.646922455152545,75.46937503085799,71.89138372033486,118.00239140985067,184.5394325222904,82.09820924169108,108.35461924485188,166.41829545710272,102.61622148441978,101.94267337755929,77.2517475684394,197.43731550892954,165.9735361381571,125.62860414069254,45.96981424739205,24.02568398344221,89.37452821176532,115.86550973229164,150.9994324431931,26.298612410471556,58.516874420918796,13.722517655853597,28.945494885913643,93.29016611095905,BENIGN
99.62990145453348,26.483599651798183,69.60423134078911,154.47973463842604,194.78909798017614,6.985979698176144,113.86389496871341,267.0167933371547,155.2282909376714,72.58836617208037,24.109744898789085,44.110448436702114,15.344236731551375,19.64533795681345,158.76929682261434,38.42200453459713,108.69238165005535,181.34638572985511,52.67642170046775,192.22389753134635,86.36299105789041,132.35943920134366,64.53846717568814,98.39480658825546,0.7431802439666954,7.571440360775782,161.76638046330564,81.28104895617867,220.51873001590997,23.837740484116445,17.559613466295236,181.28902199409256,39.62353100691686,9.142036196912011,99.08028561228497,40.073579861634975,74.65207393525012,225.37564153607175,93.64983133827613,94.60277459896132,15.856669546860983,61.04582657277759,215.8019010857196,105.76289302348061,140.06466868574051,21.975295512754915,80.6774035712389,74.60195947358699,221.82355303124166,1.1552678976557171,26.222813723383215,113.29780946912673,45.96260372158683,171.65403158774714,267.3003643884066,53.446967584172086,124.57661641136228,7.177782623769331,32.562128314999605,60.567721275717815,68.95068283290587,163.61813010570987,266.13186517578356,73.96290484685878,182.08755518180692,55.91964340783401,161.04847353232034,81.36899670407284,160.6347039530311,22.548667060211926,60.95744397731283,11.543590740131226,33.05531873668884,66.3094021340344,96.9767778003491,104.80836645718858,51.059267080438985,24.58223266752996,BENIGN
79.44266892508483,196.29919076527213,21.057075233394208,5.247805717045095,21.308039597155478,8.762354625423106,43.18554934616161,57.460292153401525,112.952342945363,47.36497774134741,15.068585788386077,69.75165706361199,81.53168852079051,20.66596984944911,75.54833935369165,5.666154241323842,62.90826192412396,55.157353881982516,48.70089678081552,9.253139174107721,102.58195333018966,123.779650381161,73.73226156755405,58.74512748557071,105.80617172905175,54.39397669715936,195.36567479767234,28.169591382735355,212.6441827526385,12.019834358743646,25.88136704929215,7.4056536644073665,9.217408005330354,77.36509118677243,114.8848268166677,50.13366271808629,105.49007175973635,244.49813006664013,43.371290669102244,35.2655486864075,77.12292944510175,112.57274293735674,81.49874547962646,87.69345818745263,90.21980869729431,95.25147585958975,38.31961512084077,75.83887130111438,88.2768478338913,187.77248639102066,87.49650166801699,68.77667300112269,211.1057978634891,42.94639895276082,227.58558818768657,82.98197674916881,139.3032301708826,21.403383781103173,86.39742784118609,242.54828985526865,64.4451157913382,117.27211798231126,39.88681241311433,6.17212106814233,17.292658300140687,23.13223276918222,117.59798037671092,68.75238319049673,41.659404565215965,11.349434622574224,55.681475765706644,86.91292424979301,75.97708591258453,37.06139719478557,53.92295367895669,50.62784714875873,45.3157893685935,6.3065029488120015,FTP-Patator
97.50440547228668,60.374109316626345,117.2411607833743,14.513458302134167,136.3465016185462,27.744850935097542,28.063747931345684,246.3684123905563,53.06351637445099,18.268976668132055,118.18964527719358,21.553197979408253,73.56085703155483,119.00387532070434,13.171708277074625,0.08231888639018695,157.35432233902318,123.95377452342413,14.56973997215546,100.57305503479816,73.97224864874275,217.97811919642518,42.92742228731781,90.8311041211841,43.77218519659051,71.79219509485814,41.615479711295045,200.99292644685738,71.54784317830334,12.288604197691305,27.232460999476203,26.866861640904126,1.4079798464584266,65.34373706720666,5.206354119924893,136.16365481798124,57.551612154406705,49.85696910042263,20.552699821646023,107.52413069613192,3.037867641295884,111.13760889892559,140.72110214783964,58.231288552448255,74.79336218779372,13.078571850244073,123.88560340583739,149.76278660695067,39.19536681786087,34.29648364467441,86.52106003537337,87.28789499187864,37.6815071040777,71.1058356600492,60.55129202358393,15.841623466821794,89.01945732223427,71.29184102428671,43.60510747759399,93.90098785218387,48.67682329547862,54.44413336690117,158.17541575774825,125.8870556370253,35.56698728386237,83.06556912954083,9.514981659883063,123.8283210855647,219.8837038261284,34.335534838630295,23.358973227799908,97.69828076619565,84.20688603779013,251.88309549181844,0.2735556091113593,39.45994667391139,39.67056915139167,19.365828029379035,PortScan
8.51760922710017,86.32127594610817,73.45292184244875,165.5042221468732,84.7671949215035,139.70550231469733,2.00032198274639,2.865566103526391,117.093278612036,122.91949523785321,53.79551750240974,214.77032392668528,137.49836362118225,25.054462832336355,46.34329139807966,132.22714785911765,123.0476058177251,41.42668997913913,110.74250456007103,10.400542314856937,204.29448611350307,34.75876229448206,96.1444443974379,38.200720545276305,122.57917407817274,171.99845303294035,140.36196685283352,16.41716189536441,89.72931814242199,42.57698727753605,29.566561208542826,38.356713170706485,103.9632329301116,103.65126307585899,101.09095653427444,61.7685612811298,50.77894908066064,108.67118956770103,11.623271729256778,105.95884837020841,102.3680849162606,112.38827721322046,54.770619316314395,8.06163648150821,56.062488437520116,10.283150631929084,107.99831696342017,119.22574089937899,41.215655519181674,75.17435646871881,3.861713354871464,68.46808925126543,176.80812423866143,105.51375469323622,163.7755018538112,24.672821128627266,21.236205380807743,28.261239000863824,5.1625424109169415,42.981192283138,52.69285310410652,10.080885425937298,117.12682101586151,25.372450310419264,245.87419232715507,41.385919967778555,140.93568568365214,9.605508617007594,119.46276031961891,0.2823199533097012,57.82785192762222,150.28270852495803,154.13576550114786,97.54729556711351,13.11527053774716,45.066715282462404,75.98565050594597,23.592485108520673,DDoS
71.75305164006791,99.22697131279948,63.29970322962923,94.36000527945994,148.54005235704219,3.5031899152849295,278.72889253557804,19.90492826084549,3.2426117822429767,23.277337669317212,33.63385616655311,47.6909927597322,83.88708606780273,116.67132727310421,123.6848707354141,155.00788239610927,91.30597380603075,91.35998256030628,41.06953137775282,118.72204097428893,49.260287110232014,110.25269564560145,73.7606764476963,198.01963416895896,17.078414760020774,61.08380022781855,5.12435116530205,15.058833940863453,13.655710920313544,2.3803708095732965,93.17667088462365,28.221775497064282,140.8663267758591,71.68266079081144,11.887876313981744,225.95533126555915,76.89915363449174,205.31545098475053,66.95876908981782,129.28092899281623,40.49186907034995,51.91306469494293,219.81395194794823,11.64519777073494,198.2626328199508,95.3695132635774,23.191840485901828,6.9906654458823585,55.78630298876143,222.53779569057141,0.6536847735195777,40.96938899526955,122.18349060055189,72.71137633387428,162.70019227815473,126.26258523490483,44.95250881602112,154.72415974532183,5.5753103492773075,103.48261138558553,121.4043872573394,137.7577335845417,151.26287741275257,79.12271766469846,94.2870835389692,137.6933731588662,49.10161365491968,116.28170026609979,44.52108789140618,66.11809905927187,66.75360947941314,27.133916522600966,25.453430103694792,65.02330862292857,167.48016779357303,114.42051586579316,108.29568290406752,79.41159345735454,BENIGN
51.973330599500144,124.4362484149788,63.33012362556484,11.426523006332008,126.33640849509192,80.74191823824282,55.03804701530215,168.4224797530156,8.900053660847062,55.78922599036563,25.236592418307357,41.55482714426437,27.594577609330596,45.90339049067038,43.213811356877606,12.159153957401244,151.94118908743064,83.24014767600588,65.60435672029604,123.01921166964745,124.57250776029971,97.43993553013209,26.82299353397865,299.8734105502465,124.31035778482934,94.92795067057351,74.61740537000482,6.586306631975722,77.6712090859411,106.99091431662089,99.4893334888379,59.79454646241336,10.187635503705197,92.10259282265284,74.8157937298591,12.692920007147205,38.81822927241515,258.83591635514483,1.6919799166750131,74.61210125850354,140.2362653450225,294.27526460054366,35.927903495371545,172.22285607131943,11.687696991856647,20.542932949320495,197.13506490012904,166.65893433755426,86.53749705965645,58.66940812126582,67.77665661808034,26.500635906830404,24.132320329939073,155.82298485678703,106.17953384536465,10.780832831123513,10.084134754457509,60.01564950088275,79.36164996533776,31.725858127898192,174.9162801858082,78.94987596500425,105.41054369956855,205.8680686205292,182.18953159260207,85.80870493455784,72.21591615216957,113.45383310080746,185.44309005166411,153.300157860343,95.61680602506695,88.26788221605966,93.48016626956544,163.91321279295335,108.02525615780789,141.474533796822,70.9034111528702,33.612290294557226,Bot
127.14536994278176,12.193041358199798,11.111271407271618,31.515830631527365,38.497098131969715,100.70308648525258,88.37232981868416,43.78721449493555,134.20353309757286,2.2813694047922985,50.36707734621725,75.80800102973402,83.05051886334915,95.35247258366385,77.7010230204904,69.00745939435349,192.86338008939643,50.8192939171904,46.33157203850168,36.62357531837386,132.0793403619499,193.81904707770389,47.918753078696064,72.31601126549526,176.5521288915802,77.9643852361518,35.621245012762685,132.2782974726237,95.37636658717975,126.48942084533662,128.17841951146102,6.0547820364210025,38.6762788731651,33.40693621613873,167.59758710680043,12.950371362733746,224.48892939584272,24.195821154781655,119.33944363978716,8.593947249682984,152.9330653691702,45.29415931378187,183.8269734397389,10.958225043835846,29.700129426472888,108.03558012736438,181.96365716115685,90.77255197086991,44.04797973872171,67.61882715783463,16.800680644956742,146.28778368074293,4.149608622286022,36.52903274589056,120.3657625911923,132.66216394999415,100.54110154824312,137.17614152878693,136.58322887898743,30.83143692098472,77.84915651183486,107.92776927465259,5.1054412760058145,189.91853208368698,85.2888043886751,173.16575239726546,28.04382811661415,78.92224990604728,92.71429855355431,133.01003827998792,22.89274027027541,146.36872101675164,30.66926996134137,34.06230512281771,49.446648835237326,138.38288039246018,129.8163151443904,18.303448499368987,BENIGN
76.35226679048232,95.98754612848892,115.74449523659558,88.22575096080763,142.50667751443257,137.01377427598928,196.39992359884343,111.18533687966246,207.3664175433755,37.02140306079106,10.242866407800864,52.735474675236325,1.2195566593894365,74.61360206959044,89.6084697880049,21.386223282894957,106.6859841662305,109.48634923668526,39.357201115459276,9.515935148561521,93.72062705816853,42.49114100828423,58.125594997553556,42.3553396035471,81.20248745538271,65.81277255566853,61.84543903794149,20.97021062955529,177.24365432959027,137.67888249571573,129.5507582117459,73.77867562899169,156.69788473699927,313.6686048322273,143.14530207878553,92.56669479078613,131.24963516250173,118.62222615110427,36.01901843652216,169.80761479195644,61.543925129121924,213.49218907610114,115.22333855646156,32.170031193359854,12.6596945470189,74.83722964204824,189.85264102225722,123.46952791942618,133.5701394954714,35.148776520369786,66.19295647340078,39.08914202104039,28.848984426624636,75.91391989201097,55.50849245738736,134.09696134093454,51.888067570533536,2.8084617038595288,76.1418967877422,47.85053803239208,81.00513967250161,150.18265189141187,110.58073034127965,28.11437260145332,81.860590440789,109.87241767814673,67.4367785648387,1.4641353803318162,158.876522322982,126.30756505259211,57.8163623061863,9.222115812741334,75.18567439699339,0.6118664141802973,31.950076641551888,48.44842391297401,150.61671308844612,130.34724287815806,DDoS
